twonorm.arff, 1NN
No Parameter Info
94.81981981981981
0.0,0.0,,0.0,1.0
1.0,1.0,,1.0,0.0
0.0,0.0,,0.0,1.0
1.0,1.0,,1.0,0.0
0.0,0.0,,0.0,1.0
1.0,1.0,,1.0,0.0
1.0,1.0,,0.0,1.0
1.0,1.0,,0.0,1.0
0.0,0.0,,0.0,1.0
1.0,1.0,,1.0,0.0
1.0,1.0,,0.0,1.0
0.0,0.0,,0.0,1.0
1.0,1.0,,1.0,0.0
0.0,0.0,,0.0,1.0
0.0,0.0,,1.0,0.0
1.0,1.0,,1.0,0.0
0.0,0.0,,0.0,1.0
0.0,0.0,,1.0,0.0
0.0,0.0,,1.0,0.0
0.0,0.0,,1.0,0.0
0.0,0.0,,1.0,0.0
1.0,1.0,,1.0,0.0
0.0,0.0,,0.0,1.0
0.0,0.0,,1.0,0.0
1.0,1.0,,1.0,0.0
1.0,1.0,,0.0,1.0
1.0,1.0,,0.0,1.0
1.0,0.0,,0.0,1.0
0.0,0.0,,1.0,0.0
0.0,0.0,,1.0,0.0
1.0,1.0,,1.0,0.0
0.0,0.0,,0.0,1.0
0.0,0.0,,1.0,0.0
0.0,0.0,,1.0,0.0
1.0,1.0,,1.0,0.0
1.0,1.0,,0.0,1.0
0.0,0.0,,0.0,1.0
0.0,0.0,,1.0,0.0
0.0,0.0,,1.0,0.0
1.0,1.0,,1.0,0.0
1.0,1.0,,0.0,1.0
0.0,0.0,,0.0,1.0
1.0,1.0,,1.0,0.0
0.0,0.0,,0.0,1.0
0.0,0.0,,1.0,0.0
0.0,0.0,,1.0,0.0
1.0,1.0,,1.0,0.0
0.0,0.0,,0.0,1.0
0.0,0.0,,1.0,0.0
0.0,0.0,,1.0,0.0
1.0,1.0,,1.0,0.0
0.0,0.0,,0.0,1.0
1.0,1.0,,1.0,0.0
1.0,1.0,,0.0,1.0
1.0,1.0,,0.0,1.0
1.0,1.0,,0.0,1.0
0.0,0.0,,0.0,1.0
1.0,1.0,,1.0,0.0
1.0,1.0,,0.0,1.0
0.0,0.0,,0.0,1.0
1.0,1.0,,1.0,0.0
1.0,1.0,,0.0,1.0
1.0,1.0,,0.0,1.0
0.0,0.0,,0.0,1.0
0.0,0.0,,1.0,0.0
1.0,1.0,,1.0,0.0
1.0,1.0,,0.0,1.0
0.0,1.0,,0.0,1.0
1.0,1.0,,0.0,1.0
1.0,1.0,,0.0,1.0
0.0,0.0,,0.0,1.0
1.0,1.0,,1.0,0.0
1.0,1.0,,0.0,1.0
1.0,1.0,,0.0,1.0
0.0,0.0,,0.0,1.0
1.0,1.0,,1.0,0.0
0.0,0.0,,0.0,1.0
0.0,0.0,,1.0,0.0
0.0,0.0,,1.0,0.0
0.0,0.0,,1.0,0.0
1.0,1.0,,1.0,0.0
0.0,0.0,,0.0,1.0
1.0,1.0,,1.0,0.0
1.0,1.0,,0.0,1.0
0.0,0.0,,0.0,1.0
1.0,1.0,,1.0,0.0
1.0,1.0,,0.0,1.0
0.0,0.0,,0.0,1.0
1.0,1.0,,1.0,0.0
1.0,1.0,,0.0,1.0
1.0,1.0,,0.0,1.0
1.0,1.0,,0.0,1.0
1.0,1.0,,0.0,1.0
1.0,1.0,,0.0,1.0
0.0,0.0,,0.0,1.0
0.0,0.0,,1.0,0.0
1.0,1.0,,1.0,0.0
0.0,1.0,,0.0,1.0
0.0,0.0,,0.0,1.0
1.0,1.0,,1.0,0.0
0.0,0.0,,0.0,1.0
0.0,0.0,,1.0,0.0
1.0,1.0,,1.0,0.0
0.0,0.0,,0.0,1.0
1.0,1.0,,1.0,0.0
1.0,1.0,,0.0,1.0
0.0,0.0,,0.0,1.0
1.0,1.0,,1.0,0.0
1.0,1.0,,0.0,1.0
1.0,1.0,,0.0,1.0
1.0,1.0,,0.0,1.0
0.0,0.0,,0.0,1.0
0.0,0.0,,1.0,0.0
1.0,1.0,,1.0,0.0
0.0,0.0,,0.0,1.0
1.0,1.0,,1.0,0.0
1.0,1.0,,0.0,1.0
0.0,0.0,,0.0,1.0
1.0,1.0,,1.0,0.0
1.0,1.0,,0.0,1.0
0.0,0.0,,0.0,1.0
0.0,0.0,,1.0,0.0
1.0,1.0,,1.0,0.0
1.0,1.0,,0.0,1.0
1.0,1.0,,0.0,1.0
1.0,1.0,,0.0,1.0
1.0,0.0,,0.0,1.0
0.0,0.0,,1.0,0.0
1.0,1.0,,1.0,0.0
0.0,0.0,,0.0,1.0
0.0,0.0,,1.0,0.0
1.0,1.0,,1.0,0.0
1.0,1.0,,0.0,1.0
0.0,0.0,,0.0,1.0
1.0,1.0,,1.0,0.0
0.0,0.0,,0.0,1.0
1.0,1.0,,1.0,0.0
0.0,0.0,,0.0,1.0
1.0,1.0,,1.0,0.0
1.0,1.0,,0.0,1.0
1.0,1.0,,0.0,1.0
1.0,1.0,,0.0,1.0
0.0,0.0,,0.0,1.0
1.0,1.0,,1.0,0.0
0.0,0.0,,0.0,1.0
0.0,0.0,,1.0,0.0
0.0,0.0,,1.0,0.0
0.0,0.0,,1.0,0.0
1.0,1.0,,1.0,0.0
0.0,0.0,,0.0,1.0
0.0,0.0,,1.0,0.0
0.0,0.0,,1.0,0.0
0.0,1.0,,1.0,0.0
0.0,0.0,,0.0,1.0
0.0,0.0,,1.0,0.0
0.0,0.0,,1.0,0.0
0.0,1.0,,1.0,0.0
0.0,0.0,,0.0,1.0
1.0,1.0,,1.0,0.0
0.0,0.0,,0.0,1.0
1.0,1.0,,1.0,0.0
1.0,1.0,,0.0,1.0
1.0,1.0,,0.0,1.0
0.0,0.0,,0.0,1.0
0.0,0.0,,1.0,0.0
1.0,1.0,,1.0,0.0
1.0,1.0,,0.0,1.0
1.0,1.0,,0.0,1.0
1.0,1.0,,0.0,1.0
1.0,1.0,,0.0,1.0
0.0,0.0,,0.0,1.0
0.0,0.0,,1.0,0.0
1.0,1.0,,1.0,0.0
1.0,1.0,,0.0,1.0
1.0,1.0,,0.0,1.0
1.0,1.0,,0.0,1.0
1.0,1.0,,0.0,1.0
0.0,0.0,,0.0,1.0
1.0,1.0,,1.0,0.0
0.0,0.0,,0.0,1.0
0.0,0.0,,1.0,0.0
1.0,1.0,,1.0,0.0
0.0,1.0,,0.0,1.0
0.0,0.0,,0.0,1.0
0.0,0.0,,1.0,0.0
0.0,0.0,,1.0,0.0
1.0,1.0,,1.0,0.0
1.0,1.0,,0.0,1.0
0.0,0.0,,0.0,1.0
1.0,1.0,,1.0,0.0
1.0,1.0,,0.0,1.0
1.0,1.0,,0.0,1.0
1.0,1.0,,0.0,1.0
0.0,0.0,,0.0,1.0
1.0,1.0,,1.0,0.0
1.0,1.0,,0.0,1.0
0.0,0.0,,0.0,1.0
0.0,0.0,,1.0,0.0
1.0,1.0,,1.0,0.0
0.0,0.0,,0.0,1.0
1.0,1.0,,1.0,0.0
1.0,1.0,,0.0,1.0
0.0,0.0,,0.0,1.0
0.0,0.0,,1.0,0.0
0.0,0.0,,1.0,0.0
0.0,1.0,,1.0,0.0
1.0,1.0,,0.0,1.0
0.0,0.0,,0.0,1.0
0.0,0.0,,1.0,0.0
1.0,1.0,,1.0,0.0
1.0,1.0,,0.0,1.0
0.0,0.0,,0.0,1.0
0.0,0.0,,1.0,0.0
1.0,1.0,,1.0,0.0
1.0,1.0,,0.0,1.0
0.0,0.0,,0.0,1.0
0.0,0.0,,1.0,0.0
1.0,1.0,,1.0,0.0
0.0,0.0,,0.0,1.0
1.0,1.0,,1.0,0.0
0.0,0.0,,0.0,1.0
1.0,1.0,,1.0,0.0
0.0,0.0,,0.0,1.0
0.0,0.0,,1.0,0.0
1.0,1.0,,1.0,0.0
1.0,1.0,,0.0,1.0
1.0,1.0,,0.0,1.0
0.0,0.0,,0.0,1.0
1.0,1.0,,1.0,0.0
1.0,1.0,,0.0,1.0
0.0,0.0,,0.0,1.0
0.0,0.0,,1.0,0.0
0.0,0.0,,1.0,0.0
0.0,0.0,,1.0,0.0
0.0,0.0,,1.0,0.0
0.0,0.0,,1.0,0.0
0.0,0.0,,1.0,0.0
0.0,0.0,,1.0,0.0
0.0,0.0,,1.0,0.0
0.0,1.0,,1.0,0.0
0.0,0.0,,0.0,1.0
1.0,1.0,,1.0,0.0
0.0,0.0,,0.0,1.0
0.0,0.0,,1.0,0.0
0.0,0.0,,1.0,0.0
1.0,1.0,,1.0,0.0
1.0,1.0,,0.0,1.0
1.0,1.0,,0.0,1.0
1.0,1.0,,0.0,1.0
0.0,0.0,,0.0,1.0
0.0,0.0,,1.0,0.0
0.0,0.0,,1.0,0.0
0.0,0.0,,1.0,0.0
1.0,1.0,,1.0,0.0
0.0,0.0,,0.0,1.0
0.0,0.0,,1.0,0.0
0.0,0.0,,1.0,0.0
1.0,1.0,,1.0,0.0
0.0,0.0,,0.0,1.0
0.0,0.0,,1.0,0.0
0.0,0.0,,1.0,0.0
1.0,1.0,,1.0,0.0
0.0,1.0,,0.0,1.0
0.0,0.0,,0.0,1.0
0.0,0.0,,1.0,0.0
1.0,1.0,,1.0,0.0
0.0,0.0,,0.0,1.0
0.0,0.0,,1.0,0.0
1.0,1.0,,1.0,0.0
1.0,1.0,,0.0,1.0
1.0,1.0,,0.0,1.0
1.0,1.0,,0.0,1.0
1.0,1.0,,0.0,1.0
1.0,1.0,,0.0,1.0
1.0,1.0,,0.0,1.0
0.0,0.0,,0.0,1.0
1.0,1.0,,1.0,0.0
1.0,1.0,,0.0,1.0
1.0,1.0,,0.0,1.0
1.0,1.0,,0.0,1.0
1.0,1.0,,0.0,1.0
1.0,1.0,,0.0,1.0
1.0,1.0,,0.0,1.0
1.0,0.0,,0.0,1.0
1.0,1.0,,1.0,0.0
1.0,1.0,,0.0,1.0
1.0,1.0,,0.0,1.0
0.0,0.0,,0.0,1.0
0.0,0.0,,1.0,0.0
0.0,0.0,,1.0,0.0
1.0,0.0,,1.0,0.0
0.0,0.0,,1.0,0.0
1.0,1.0,,1.0,0.0
0.0,0.0,,0.0,1.0
0.0,0.0,,1.0,0.0
0.0,0.0,,1.0,0.0
0.0,0.0,,1.0,0.0
1.0,1.0,,1.0,0.0
1.0,1.0,,0.0,1.0
1.0,1.0,,0.0,1.0
0.0,0.0,,0.0,1.0
0.0,0.0,,1.0,0.0
1.0,1.0,,1.0,0.0
1.0,1.0,,0.0,1.0
0.0,0.0,,0.0,1.0
0.0,0.0,,1.0,0.0
0.0,0.0,,1.0,0.0
1.0,1.0,,1.0,0.0
1.0,1.0,,0.0,1.0
0.0,0.0,,0.0,1.0
0.0,1.0,,1.0,0.0
1.0,1.0,,0.0,1.0
1.0,1.0,,0.0,1.0
0.0,0.0,,0.0,1.0
1.0,0.0,,1.0,0.0
0.0,0.0,,1.0,0.0
1.0,1.0,,1.0,0.0
0.0,0.0,,0.0,1.0
1.0,1.0,,1.0,0.0
1.0,1.0,,0.0,1.0
1.0,1.0,,0.0,1.0
0.0,0.0,,0.0,1.0
1.0,1.0,,1.0,0.0
0.0,0.0,,0.0,1.0
0.0,0.0,,1.0,0.0
1.0,1.0,,1.0,0.0
0.0,0.0,,0.0,1.0
1.0,1.0,,1.0,0.0
0.0,0.0,,0.0,1.0
0.0,0.0,,1.0,0.0
0.0,0.0,,1.0,0.0
1.0,0.0,,1.0,0.0
1.0,1.0,,1.0,0.0
1.0,1.0,,0.0,1.0
0.0,0.0,,0.0,1.0
0.0,0.0,,1.0,0.0
0.0,0.0,,1.0,0.0
0.0,0.0,,1.0,0.0
1.0,1.0,,1.0,0.0
1.0,1.0,,0.0,1.0
0.0,0.0,,0.0,1.0
1.0,1.0,,1.0,0.0
0.0,0.0,,0.0,1.0
1.0,1.0,,1.0,0.0
1.0,1.0,,0.0,1.0
1.0,1.0,,0.0,1.0
1.0,1.0,,0.0,1.0
1.0,1.0,,0.0,1.0
1.0,1.0,,0.0,1.0
0.0,0.0,,0.0,1.0
0.0,0.0,,1.0,0.0
1.0,1.0,,1.0,0.0
1.0,1.0,,0.0,1.0
1.0,1.0,,0.0,1.0
0.0,0.0,,0.0,1.0
1.0,1.0,,1.0,0.0
0.0,0.0,,0.0,1.0
0.0,0.0,,1.0,0.0
0.0,0.0,,1.0,0.0
0.0,0.0,,1.0,0.0
1.0,0.0,,1.0,0.0
0.0,0.0,,1.0,0.0
0.0,0.0,,1.0,0.0
0.0,1.0,,1.0,0.0
0.0,0.0,,0.0,1.0
0.0,0.0,,1.0,0.0
1.0,1.0,,1.0,0.0
1.0,1.0,,0.0,1.0
1.0,1.0,,0.0,1.0
1.0,1.0,,0.0,1.0
0.0,0.0,,0.0,1.0
1.0,1.0,,1.0,0.0
0.0,0.0,,0.0,1.0
0.0,0.0,,1.0,0.0
1.0,1.0,,1.0,0.0
1.0,1.0,,0.0,1.0
0.0,0.0,,0.0,1.0
1.0,1.0,,1.0,0.0
1.0,1.0,,0.0,1.0
0.0,0.0,,0.0,1.0
0.0,0.0,,1.0,0.0
0.0,0.0,,1.0,0.0
1.0,1.0,,1.0,0.0
0.0,1.0,,0.0,1.0
1.0,1.0,,0.0,1.0
1.0,1.0,,0.0,1.0
0.0,0.0,,0.0,1.0
1.0,1.0,,1.0,0.0
0.0,0.0,,0.0,1.0
1.0,1.0,,1.0,0.0
1.0,1.0,,0.0,1.0
0.0,0.0,,0.0,1.0
0.0,0.0,,1.0,0.0
0.0,0.0,,1.0,0.0
0.0,0.0,,1.0,0.0
0.0,0.0,,1.0,0.0
0.0,0.0,,1.0,0.0
0.0,0.0,,1.0,0.0
1.0,1.0,,1.0,0.0
1.0,1.0,,0.0,1.0
1.0,1.0,,0.0,1.0
0.0,0.0,,0.0,1.0
1.0,1.0,,1.0,0.0
1.0,1.0,,0.0,1.0
1.0,1.0,,0.0,1.0
1.0,1.0,,0.0,1.0
0.0,0.0,,0.0,1.0
1.0,0.0,,1.0,0.0
1.0,1.0,,1.0,0.0
0.0,0.0,,0.0,1.0
0.0,0.0,,1.0,0.0
1.0,1.0,,1.0,0.0
0.0,0.0,,0.0,1.0
1.0,1.0,,1.0,0.0
1.0,1.0,,0.0,1.0
0.0,0.0,,0.0,1.0
0.0,0.0,,1.0,0.0
0.0,0.0,,1.0,0.0
0.0,0.0,,1.0,0.0
0.0,0.0,,1.0,0.0
1.0,1.0,,1.0,0.0
0.0,0.0,,0.0,1.0
0.0,0.0,,1.0,0.0
0.0,0.0,,1.0,0.0
0.0,0.0,,1.0,0.0
1.0,1.0,,1.0,0.0
1.0,1.0,,0.0,1.0
0.0,0.0,,0.0,1.0
1.0,0.0,,1.0,0.0
0.0,0.0,,1.0,0.0
1.0,1.0,,1.0,0.0
0.0,0.0,,0.0,1.0
1.0,1.0,,1.0,0.0
0.0,0.0,,0.0,1.0
1.0,1.0,,1.0,0.0
1.0,1.0,,0.0,1.0
1.0,1.0,,0.0,1.0
1.0,1.0,,0.0,1.0
0.0,0.0,,0.0,1.0
0.0,0.0,,1.0,0.0
1.0,1.0,,1.0,0.0
1.0,1.0,,0.0,1.0
0.0,0.0,,0.0,1.0
1.0,1.0,,1.0,0.0
0.0,0.0,,0.0,1.0
1.0,1.0,,1.0,0.0
0.0,1.0,,0.0,1.0
0.0,0.0,,0.0,1.0
0.0,0.0,,1.0,0.0
0.0,0.0,,1.0,0.0
0.0,0.0,,1.0,0.0
1.0,1.0,,1.0,0.0
1.0,1.0,,0.0,1.0
1.0,1.0,,0.0,1.0
0.0,0.0,,0.0,1.0
1.0,1.0,,1.0,0.0
1.0,1.0,,0.0,1.0
1.0,1.0,,0.0,1.0
0.0,0.0,,0.0,1.0
1.0,1.0,,1.0,0.0
1.0,1.0,,0.0,1.0
0.0,0.0,,0.0,1.0
0.0,0.0,,1.0,0.0
1.0,1.0,,1.0,0.0
1.0,1.0,,0.0,1.0
0.0,0.0,,0.0,1.0
0.0,0.0,,1.0,0.0
0.0,0.0,,1.0,0.0
0.0,0.0,,1.0,0.0
0.0,0.0,,1.0,0.0
0.0,0.0,,1.0,0.0
0.0,0.0,,1.0,0.0
1.0,1.0,,1.0,0.0
0.0,0.0,,0.0,1.0
1.0,1.0,,1.0,0.0
0.0,0.0,,0.0,1.0
0.0,0.0,,1.0,0.0
0.0,0.0,,1.0,0.0
0.0,0.0,,1.0,0.0
1.0,1.0,,1.0,0.0
1.0,1.0,,0.0,1.0
0.0,0.0,,0.0,1.0
0.0,0.0,,1.0,0.0
1.0,0.0,,1.0,0.0
0.0,0.0,,1.0,0.0
1.0,1.0,,1.0,0.0
0.0,0.0,,0.0,1.0
1.0,1.0,,1.0,0.0
1.0,1.0,,0.0,1.0
1.0,1.0,,0.0,1.0
1.0,1.0,,0.0,1.0
0.0,0.0,,0.0,1.0
1.0,1.0,,1.0,0.0
1.0,1.0,,0.0,1.0
0.0,0.0,,0.0,1.0
1.0,1.0,,1.0,0.0
1.0,1.0,,0.0,1.0
0.0,0.0,,0.0,1.0
0.0,0.0,,1.0,0.0
1.0,1.0,,1.0,0.0
1.0,1.0,,0.0,1.0
1.0,1.0,,0.0,1.0
0.0,0.0,,0.0,1.0
0.0,0.0,,1.0,0.0
0.0,0.0,,1.0,0.0
1.0,1.0,,1.0,0.0
1.0,1.0,,0.0,1.0
0.0,0.0,,0.0,1.0
1.0,1.0,,1.0,0.0
1.0,1.0,,0.0,1.0
0.0,0.0,,0.0,1.0
1.0,1.0,,1.0,0.0
0.0,1.0,,0.0,1.0
1.0,1.0,,0.0,1.0
0.0,0.0,,0.0,1.0
0.0,0.0,,1.0,0.0
0.0,0.0,,1.0,0.0
0.0,0.0,,1.0,0.0
0.0,0.0,,1.0,0.0
1.0,1.0,,1.0,0.0
0.0,0.0,,0.0,1.0
1.0,1.0,,1.0,0.0
1.0,1.0,,0.0,1.0
1.0,1.0,,0.0,1.0
1.0,1.0,,0.0,1.0
1.0,1.0,,0.0,1.0
0.0,1.0,,0.0,1.0
1.0,0.0,,0.0,1.0
0.0,0.0,,1.0,0.0
0.0,0.0,,1.0,0.0
0.0,0.0,,1.0,0.0
0.0,0.0,,1.0,0.0
1.0,1.0,,1.0,0.0
0.0,0.0,,0.0,1.0
0.0,0.0,,1.0,0.0
1.0,1.0,,1.0,0.0
1.0,1.0,,0.0,1.0
0.0,0.0,,0.0,1.0
0.0,1.0,,1.0,0.0
1.0,1.0,,0.0,1.0
1.0,1.0,,0.0,1.0
1.0,1.0,,0.0,1.0
0.0,0.0,,0.0,1.0
0.0,0.0,,1.0,0.0
1.0,1.0,,1.0,0.0
0.0,0.0,,0.0,1.0
1.0,1.0,,1.0,0.0
1.0,1.0,,0.0,1.0
0.0,0.0,,0.0,1.0
0.0,0.0,,1.0,0.0
1.0,1.0,,1.0,0.0
0.0,0.0,,0.0,1.0
1.0,1.0,,1.0,0.0
0.0,0.0,,0.0,1.0
1.0,1.0,,1.0,0.0
0.0,0.0,,0.0,1.0
1.0,1.0,,1.0,0.0
0.0,0.0,,0.0,1.0
0.0,0.0,,1.0,0.0
0.0,0.0,,1.0,0.0
0.0,0.0,,1.0,0.0
1.0,1.0,,1.0,0.0
0.0,0.0,,0.0,1.0
1.0,1.0,,1.0,0.0
1.0,1.0,,0.0,1.0
0.0,0.0,,0.0,1.0
0.0,0.0,,1.0,0.0
0.0,0.0,,1.0,0.0
0.0,0.0,,1.0,0.0
0.0,0.0,,1.0,0.0
0.0,0.0,,1.0,0.0
0.0,0.0,,1.0,0.0
1.0,1.0,,1.0,0.0
0.0,0.0,,0.0,1.0
0.0,1.0,,1.0,0.0
0.0,0.0,,0.0,1.0
0.0,0.0,,1.0,0.0
0.0,0.0,,1.0,0.0
0.0,0.0,,1.0,0.0
0.0,0.0,,1.0,0.0
0.0,0.0,,1.0,0.0
0.0,0.0,,1.0,0.0
0.0,0.0,,1.0,0.0
0.0,0.0,,1.0,0.0
0.0,1.0,,1.0,0.0
0.0,0.0,,0.0,1.0
0.0,0.0,,1.0,0.0
0.0,0.0,,1.0,0.0
1.0,1.0,,1.0,0.0
1.0,1.0,,0.0,1.0
1.0,1.0,,0.0,1.0
1.0,1.0,,0.0,1.0
0.0,0.0,,0.0,1.0
1.0,1.0,,1.0,0.0
1.0,1.0,,0.0,1.0
1.0,1.0,,0.0,1.0
1.0,1.0,,0.0,1.0
1.0,1.0,,0.0,1.0
0.0,0.0,,0.0,1.0
0.0,0.0,,1.0,0.0
1.0,1.0,,1.0,0.0
0.0,0.0,,0.0,1.0
1.0,1.0,,1.0,0.0
0.0,0.0,,0.0,1.0
0.0,0.0,,1.0,0.0
0.0,0.0,,1.0,0.0
1.0,1.0,,1.0,0.0
0.0,0.0,,0.0,1.0
1.0,1.0,,1.0,0.0
1.0,1.0,,0.0,1.0
0.0,0.0,,0.0,1.0
0.0,0.0,,1.0,0.0
1.0,1.0,,1.0,0.0
0.0,0.0,,0.0,1.0
0.0,1.0,,1.0,0.0
0.0,0.0,,0.0,1.0
1.0,1.0,,1.0,0.0
1.0,1.0,,0.0,1.0
1.0,1.0,,0.0,1.0
0.0,0.0,,0.0,1.0
1.0,1.0,,1.0,0.0
1.0,1.0,,0.0,1.0
0.0,0.0,,0.0,1.0
0.0,0.0,,1.0,0.0
0.0,0.0,,1.0,0.0
0.0,0.0,,1.0,0.0
1.0,1.0,,1.0,0.0
0.0,0.0,,0.0,1.0
0.0,0.0,,1.0,0.0
0.0,0.0,,1.0,0.0
0.0,0.0,,1.0,0.0
0.0,0.0,,1.0,0.0
1.0,1.0,,1.0,0.0
1.0,1.0,,0.0,1.0
0.0,0.0,,0.0,1.0
0.0,0.0,,1.0,0.0
0.0,0.0,,1.0,0.0
1.0,0.0,,1.0,0.0
0.0,0.0,,1.0,0.0
1.0,1.0,,1.0,0.0
1.0,1.0,,0.0,1.0
1.0,1.0,,0.0,1.0
0.0,0.0,,0.0,1.0
1.0,1.0,,1.0,0.0
0.0,0.0,,0.0,1.0
1.0,1.0,,1.0,0.0
1.0,1.0,,0.0,1.0
0.0,0.0,,0.0,1.0
1.0,1.0,,1.0,0.0
1.0,1.0,,0.0,1.0
1.0,1.0,,0.0,1.0
0.0,0.0,,0.0,1.0
0.0,0.0,,1.0,0.0
0.0,0.0,,1.0,0.0
0.0,0.0,,1.0,0.0
0.0,0.0,,1.0,0.0
1.0,1.0,,1.0,0.0
1.0,1.0,,0.0,1.0
0.0,0.0,,0.0,1.0
0.0,0.0,,1.0,0.0
0.0,0.0,,1.0,0.0
1.0,1.0,,1.0,0.0
1.0,1.0,,0.0,1.0
1.0,0.0,,0.0,1.0
1.0,1.0,,1.0,0.0
1.0,1.0,,0.0,1.0
1.0,1.0,,0.0,1.0
0.0,0.0,,0.0,1.0
0.0,0.0,,1.0,0.0
0.0,0.0,,1.0,0.0
0.0,0.0,,1.0,0.0
1.0,1.0,,1.0,0.0
0.0,0.0,,0.0,1.0
1.0,0.0,,1.0,0.0
1.0,0.0,,1.0,0.0
1.0,1.0,,1.0,0.0
0.0,0.0,,0.0,1.0
1.0,1.0,,1.0,0.0
1.0,1.0,,0.0,1.0
1.0,1.0,,0.0,1.0
0.0,0.0,,0.0,1.0
1.0,1.0,,1.0,0.0
0.0,0.0,,0.0,1.0
0.0,0.0,,1.0,0.0
0.0,0.0,,1.0,0.0
0.0,0.0,,1.0,0.0
0.0,0.0,,1.0,0.0
0.0,0.0,,1.0,0.0
0.0,0.0,,1.0,0.0
0.0,0.0,,1.0,0.0
1.0,1.0,,1.0,0.0
1.0,1.0,,0.0,1.0
1.0,1.0,,0.0,1.0
1.0,1.0,,0.0,1.0
1.0,1.0,,0.0,1.0
0.0,0.0,,0.0,1.0
1.0,1.0,,1.0,0.0
1.0,1.0,,0.0,1.0
1.0,1.0,,0.0,1.0
0.0,1.0,,0.0,1.0
0.0,0.0,,0.0,1.0
1.0,1.0,,1.0,0.0
1.0,1.0,,0.0,1.0
0.0,0.0,,0.0,1.0
0.0,0.0,,1.0,0.0
1.0,1.0,,1.0,0.0
1.0,1.0,,0.0,1.0
0.0,0.0,,0.0,1.0
0.0,0.0,,1.0,0.0
0.0,0.0,,1.0,0.0
0.0,0.0,,1.0,0.0
0.0,0.0,,1.0,0.0
0.0,0.0,,1.0,0.0
1.0,1.0,,1.0,0.0
1.0,1.0,,0.0,1.0
1.0,1.0,,0.0,1.0
0.0,0.0,,0.0,1.0
1.0,1.0,,1.0,0.0
1.0,1.0,,0.0,1.0
1.0,1.0,,0.0,1.0
1.0,1.0,,0.0,1.0
0.0,0.0,,0.0,1.0
0.0,0.0,,1.0,0.0
1.0,1.0,,1.0,0.0
0.0,0.0,,0.0,1.0
0.0,0.0,,1.0,0.0
0.0,0.0,,1.0,0.0
1.0,1.0,,1.0,0.0
0.0,0.0,,0.0,1.0
1.0,1.0,,1.0,0.0
1.0,1.0,,0.0,1.0
1.0,1.0,,0.0,1.0
1.0,1.0,,0.0,1.0
0.0,0.0,,0.0,1.0
1.0,1.0,,1.0,0.0
0.0,0.0,,0.0,1.0
0.0,0.0,,1.0,0.0
1.0,1.0,,1.0,0.0
0.0,0.0,,0.0,1.0
1.0,1.0,,1.0,0.0
0.0,0.0,,0.0,1.0
0.0,0.0,,1.0,0.0
0.0,0.0,,1.0,0.0
0.0,0.0,,1.0,0.0
0.0,0.0,,1.0,0.0
1.0,1.0,,1.0,0.0
0.0,0.0,,0.0,1.0
1.0,1.0,,1.0,0.0
1.0,1.0,,0.0,1.0
0.0,0.0,,0.0,1.0
0.0,0.0,,1.0,0.0
1.0,1.0,,1.0,0.0
1.0,1.0,,0.0,1.0
0.0,0.0,,0.0,1.0
1.0,1.0,,1.0,0.0
0.0,0.0,,0.0,1.0
1.0,1.0,,1.0,0.0
0.0,0.0,,0.0,1.0
1.0,1.0,,1.0,0.0
1.0,1.0,,0.0,1.0
0.0,0.0,,0.0,1.0
0.0,0.0,,1.0,0.0
1.0,1.0,,1.0,0.0
0.0,0.0,,0.0,1.0
1.0,1.0,,1.0,0.0
1.0,1.0,,0.0,1.0
0.0,0.0,,0.0,1.0
1.0,1.0,,1.0,0.0
1.0,1.0,,0.0,1.0
0.0,1.0,,0.0,1.0
1.0,1.0,,0.0,1.0
1.0,1.0,,0.0,1.0
0.0,0.0,,0.0,1.0
0.0,0.0,,1.0,0.0
0.0,0.0,,1.0,0.0
0.0,0.0,,1.0,0.0
0.0,0.0,,1.0,0.0
0.0,0.0,,1.0,0.0
0.0,0.0,,1.0,0.0
1.0,1.0,,1.0,0.0
0.0,0.0,,0.0,1.0
1.0,0.0,,1.0,0.0
0.0,0.0,,1.0,0.0
1.0,1.0,,1.0,0.0
0.0,0.0,,0.0,1.0
1.0,1.0,,1.0,0.0
0.0,0.0,,0.0,1.0
0.0,0.0,,1.0,0.0
1.0,0.0,,1.0,0.0
0.0,0.0,,1.0,0.0
0.0,0.0,,1.0,0.0
0.0,0.0,,1.0,0.0
1.0,1.0,,1.0,0.0
1.0,1.0,,0.0,1.0
0.0,0.0,,0.0,1.0
1.0,1.0,,1.0,0.0
0.0,0.0,,0.0,1.0
1.0,1.0,,1.0,0.0
1.0,1.0,,0.0,1.0
1.0,1.0,,0.0,1.0
0.0,0.0,,0.0,1.0
0.0,0.0,,1.0,0.0
0.0,0.0,,1.0,0.0
1.0,1.0,,1.0,0.0
1.0,1.0,,0.0,1.0
1.0,1.0,,0.0,1.0
1.0,1.0,,0.0,1.0
1.0,1.0,,0.0,1.0
1.0,1.0,,0.0,1.0
0.0,1.0,,0.0,1.0
0.0,1.0,,0.0,1.0
0.0,0.0,,0.0,1.0
1.0,1.0,,1.0,0.0
0.0,0.0,,0.0,1.0
1.0,1.0,,1.0,0.0
1.0,0.0,,0.0,1.0
1.0,1.0,,1.0,0.0
1.0,1.0,,0.0,1.0
0.0,0.0,,0.0,1.0
0.0,0.0,,1.0,0.0
0.0,0.0,,1.0,0.0
1.0,1.0,,1.0,0.0
1.0,1.0,,0.0,1.0
0.0,0.0,,0.0,1.0
1.0,1.0,,1.0,0.0
0.0,0.0,,0.0,1.0
1.0,0.0,,1.0,0.0
1.0,1.0,,1.0,0.0
1.0,1.0,,0.0,1.0
1.0,1.0,,0.0,1.0
0.0,0.0,,0.0,1.0
0.0,0.0,,1.0,0.0
0.0,0.0,,1.0,0.0
1.0,1.0,,1.0,0.0
1.0,1.0,,0.0,1.0
1.0,1.0,,0.0,1.0
1.0,1.0,,0.0,1.0
0.0,0.0,,0.0,1.0
1.0,1.0,,1.0,0.0
1.0,1.0,,0.0,1.0
1.0,1.0,,0.0,1.0
0.0,0.0,,0.0,1.0
0.0,0.0,,1.0,0.0
1.0,1.0,,1.0,0.0
1.0,1.0,,0.0,1.0
0.0,0.0,,0.0,1.0
0.0,0.0,,1.0,0.0
0.0,0.0,,1.0,0.0
0.0,0.0,,1.0,0.0
1.0,1.0,,1.0,0.0
1.0,1.0,,0.0,1.0
1.0,1.0,,0.0,1.0
1.0,0.0,,0.0,1.0
1.0,1.0,,1.0,0.0
0.0,0.0,,0.0,1.0
0.0,0.0,,1.0,0.0
0.0,0.0,,1.0,0.0
0.0,0.0,,1.0,0.0
1.0,1.0,,1.0,0.0
0.0,0.0,,0.0,1.0
1.0,1.0,,1.0,0.0
1.0,1.0,,0.0,1.0
0.0,0.0,,0.0,1.0
1.0,1.0,,1.0,0.0
1.0,1.0,,0.0,1.0
1.0,1.0,,0.0,1.0
1.0,1.0,,0.0,1.0
0.0,0.0,,0.0,1.0
0.0,0.0,,1.0,0.0
1.0,1.0,,1.0,0.0
0.0,0.0,,0.0,1.0
0.0,0.0,,1.0,0.0
0.0,0.0,,1.0,0.0
1.0,1.0,,1.0,0.0
0.0,0.0,,0.0,1.0
0.0,0.0,,1.0,0.0
1.0,1.0,,1.0,0.0
0.0,0.0,,0.0,1.0
1.0,1.0,,1.0,0.0
0.0,0.0,,0.0,1.0
0.0,0.0,,1.0,0.0
1.0,1.0,,1.0,0.0
1.0,1.0,,0.0,1.0
1.0,1.0,,0.0,1.0
0.0,0.0,,0.0,1.0
1.0,1.0,,1.0,0.0
0.0,1.0,,0.0,1.0
1.0,1.0,,0.0,1.0
1.0,0.0,,0.0,1.0
0.0,0.0,,1.0,0.0
0.0,0.0,,1.0,0.0
1.0,1.0,,1.0,0.0
1.0,1.0,,0.0,1.0
0.0,0.0,,0.0,1.0
1.0,1.0,,1.0,0.0
1.0,1.0,,0.0,1.0
0.0,0.0,,0.0,1.0
1.0,0.0,,1.0,0.0
0.0,0.0,,1.0,0.0
0.0,0.0,,1.0,0.0
1.0,1.0,,1.0,0.0
1.0,1.0,,0.0,1.0
1.0,1.0,,0.0,1.0
0.0,0.0,,0.0,1.0
0.0,0.0,,1.0,0.0
1.0,1.0,,1.0,0.0
0.0,0.0,,0.0,1.0
0.0,0.0,,1.0,0.0
1.0,1.0,,1.0,0.0
1.0,1.0,,0.0,1.0
0.0,0.0,,0.0,1.0
0.0,0.0,,1.0,0.0
1.0,1.0,,1.0,0.0
1.0,1.0,,0.0,1.0
0.0,0.0,,0.0,1.0
1.0,1.0,,1.0,0.0
1.0,1.0,,0.0,1.0
1.0,1.0,,0.0,1.0
0.0,0.0,,0.0,1.0
1.0,1.0,,1.0,0.0
0.0,0.0,,0.0,1.0
0.0,0.0,,1.0,0.0
1.0,1.0,,1.0,0.0
1.0,1.0,,0.0,1.0
0.0,0.0,,0.0,1.0
1.0,0.0,,1.0,0.0
0.0,0.0,,1.0,0.0
1.0,1.0,,1.0,0.0
1.0,1.0,,0.0,1.0
1.0,0.0,,0.0,1.0
0.0,0.0,,1.0,0.0
1.0,1.0,,1.0,0.0
0.0,0.0,,0.0,1.0
0.0,0.0,,1.0,0.0
0.0,0.0,,1.0,0.0
1.0,1.0,,1.0,0.0
1.0,1.0,,0.0,1.0
1.0,1.0,,0.0,1.0
0.0,0.0,,0.0,1.0
1.0,1.0,,1.0,0.0
1.0,1.0,,0.0,1.0
0.0,0.0,,0.0,1.0
0.0,0.0,,1.0,0.0
1.0,1.0,,1.0,0.0
1.0,1.0,,0.0,1.0
0.0,0.0,,0.0,1.0
1.0,1.0,,1.0,0.0
0.0,0.0,,0.0,1.0
1.0,1.0,,1.0,0.0
1.0,1.0,,0.0,1.0
0.0,0.0,,0.0,1.0
1.0,1.0,,1.0,0.0
1.0,1.0,,0.0,1.0
0.0,0.0,,0.0,1.0
1.0,1.0,,1.0,0.0
0.0,0.0,,0.0,1.0
0.0,0.0,,1.0,0.0
1.0,1.0,,1.0,0.0
1.0,1.0,,0.0,1.0
0.0,0.0,,0.0,1.0
0.0,0.0,,1.0,0.0
1.0,1.0,,1.0,0.0
1.0,1.0,,0.0,1.0
1.0,1.0,,0.0,1.0
0.0,0.0,,0.0,1.0
0.0,0.0,,1.0,0.0
0.0,0.0,,1.0,0.0
0.0,0.0,,1.0,0.0
0.0,0.0,,1.0,0.0
0.0,0.0,,1.0,0.0
1.0,1.0,,1.0,0.0
0.0,0.0,,0.0,1.0
1.0,0.0,,1.0,0.0
0.0,0.0,,1.0,0.0
0.0,0.0,,1.0,0.0
0.0,0.0,,1.0,0.0
1.0,1.0,,1.0,0.0
1.0,1.0,,0.0,1.0
1.0,1.0,,0.0,1.0
0.0,0.0,,0.0,1.0
1.0,1.0,,1.0,0.0
1.0,1.0,,0.0,1.0
0.0,0.0,,0.0,1.0
1.0,1.0,,1.0,0.0
0.0,0.0,,0.0,1.0
0.0,0.0,,1.0,0.0
0.0,0.0,,1.0,0.0
0.0,0.0,,1.0,0.0
0.0,1.0,,1.0,0.0
0.0,0.0,,0.0,1.0
1.0,1.0,,1.0,0.0
0.0,0.0,,0.0,1.0
1.0,1.0,,1.0,0.0
1.0,1.0,,0.0,1.0
0.0,0.0,,0.0,1.0
0.0,0.0,,1.0,0.0
1.0,1.0,,1.0,0.0
0.0,0.0,,0.0,1.0
0.0,0.0,,1.0,0.0
1.0,1.0,,1.0,0.0
1.0,1.0,,0.0,1.0
0.0,0.0,,0.0,1.0
1.0,1.0,,1.0,0.0
0.0,1.0,,0.0,1.0
0.0,0.0,,0.0,1.0
0.0,0.0,,1.0,0.0
0.0,0.0,,1.0,0.0
0.0,0.0,,1.0,0.0
1.0,1.0,,1.0,0.0
0.0,0.0,,0.0,1.0
1.0,1.0,,1.0,0.0
0.0,0.0,,0.0,1.0
0.0,0.0,,1.0,0.0
0.0,0.0,,1.0,0.0
0.0,0.0,,1.0,0.0
0.0,0.0,,1.0,0.0
0.0,0.0,,1.0,0.0
0.0,0.0,,1.0,0.0
0.0,0.0,,1.0,0.0
0.0,0.0,,1.0,0.0
0.0,0.0,,1.0,0.0
1.0,1.0,,1.0,0.0
1.0,1.0,,0.0,1.0
0.0,0.0,,0.0,1.0
0.0,0.0,,1.0,0.0
0.0,0.0,,1.0,0.0
0.0,1.0,,1.0,0.0
0.0,0.0,,0.0,1.0
0.0,0.0,,1.0,0.0
0.0,0.0,,1.0,0.0
1.0,1.0,,1.0,0.0
1.0,1.0,,0.0,1.0
0.0,0.0,,0.0,1.0
1.0,1.0,,1.0,0.0
1.0,1.0,,0.0,1.0
0.0,0.0,,0.0,1.0
0.0,0.0,,1.0,0.0
1.0,1.0,,1.0,0.0
1.0,1.0,,0.0,1.0
1.0,1.0,,0.0,1.0
0.0,0.0,,0.0,1.0
1.0,1.0,,1.0,0.0
1.0,1.0,,0.0,1.0
1.0,1.0,,0.0,1.0
0.0,0.0,,0.0,1.0
1.0,0.0,,1.0,0.0
1.0,1.0,,1.0,0.0
0.0,0.0,,0.0,1.0
1.0,1.0,,1.0,0.0
0.0,0.0,,0.0,1.0
1.0,1.0,,1.0,0.0
0.0,0.0,,0.0,1.0
1.0,1.0,,1.0,0.0
0.0,0.0,,0.0,1.0
1.0,1.0,,1.0,0.0
1.0,1.0,,0.0,1.0
0.0,0.0,,0.0,1.0
0.0,0.0,,1.0,0.0
0.0,0.0,,1.0,0.0
1.0,1.0,,1.0,0.0
0.0,0.0,,0.0,1.0
1.0,1.0,,1.0,0.0
0.0,0.0,,0.0,1.0
0.0,0.0,,1.0,0.0
1.0,1.0,,1.0,0.0
0.0,0.0,,0.0,1.0
0.0,0.0,,1.0,0.0
0.0,0.0,,1.0,0.0
1.0,1.0,,1.0,0.0
1.0,1.0,,0.0,1.0
0.0,0.0,,0.0,1.0
0.0,0.0,,1.0,0.0
0.0,0.0,,1.0,0.0
0.0,0.0,,1.0,0.0
0.0,0.0,,1.0,0.0
0.0,0.0,,1.0,0.0
0.0,0.0,,1.0,0.0
0.0,0.0,,1.0,0.0
1.0,0.0,,1.0,0.0
1.0,1.0,,1.0,0.0
1.0,1.0,,0.0,1.0
1.0,1.0,,0.0,1.0
1.0,1.0,,0.0,1.0
1.0,1.0,,0.0,1.0
0.0,0.0,,0.0,1.0
0.0,0.0,,1.0,0.0
1.0,1.0,,1.0,0.0
1.0,1.0,,0.0,1.0
0.0,0.0,,0.0,1.0
1.0,1.0,,1.0,0.0
0.0,0.0,,0.0,1.0
1.0,1.0,,1.0,0.0
0.0,0.0,,0.0,1.0
0.0,0.0,,1.0,0.0
0.0,0.0,,1.0,0.0
1.0,1.0,,1.0,0.0
0.0,0.0,,0.0,1.0
0.0,0.0,,1.0,0.0
0.0,1.0,,1.0,0.0
0.0,0.0,,0.0,1.0
0.0,0.0,,1.0,0.0
0.0,0.0,,1.0,0.0
0.0,0.0,,1.0,0.0
1.0,1.0,,1.0,0.0
1.0,1.0,,0.0,1.0
1.0,1.0,,0.0,1.0
0.0,0.0,,0.0,1.0
1.0,1.0,,1.0,0.0
0.0,0.0,,0.0,1.0
1.0,1.0,,1.0,0.0
1.0,1.0,,0.0,1.0
1.0,1.0,,0.0,1.0
0.0,0.0,,0.0,1.0
0.0,0.0,,1.0,0.0
1.0,1.0,,1.0,0.0
0.0,0.0,,0.0,1.0
0.0,0.0,,1.0,0.0
1.0,1.0,,1.0,0.0
0.0,0.0,,0.0,1.0
0.0,0.0,,1.0,0.0
0.0,0.0,,1.0,0.0
0.0,0.0,,1.0,0.0
1.0,0.0,,1.0,0.0
1.0,1.0,,1.0,0.0
0.0,0.0,,0.0,1.0
1.0,1.0,,1.0,0.0
0.0,0.0,,0.0,1.0
1.0,1.0,,1.0,0.0
0.0,0.0,,0.0,1.0
1.0,1.0,,1.0,0.0
1.0,1.0,,0.0,1.0
0.0,0.0,,0.0,1.0
0.0,0.0,,1.0,0.0
1.0,1.0,,1.0,0.0
1.0,1.0,,0.0,1.0
0.0,0.0,,0.0,1.0
1.0,1.0,,1.0,0.0
0.0,0.0,,0.0,1.0
0.0,0.0,,1.0,0.0
1.0,0.0,,1.0,0.0
0.0,0.0,,1.0,0.0
0.0,0.0,,1.0,0.0
0.0,0.0,,1.0,0.0
1.0,1.0,,1.0,0.0
0.0,0.0,,0.0,1.0
0.0,0.0,,1.0,0.0
1.0,1.0,,1.0,0.0
0.0,0.0,,0.0,1.0
0.0,0.0,,1.0,0.0
1.0,1.0,,1.0,0.0
0.0,0.0,,0.0,1.0
1.0,1.0,,1.0,0.0
0.0,0.0,,0.0,1.0
1.0,1.0,,1.0,0.0
0.0,0.0,,0.0,1.0
1.0,1.0,,1.0,0.0
0.0,0.0,,0.0,1.0
0.0,0.0,,1.0,0.0
1.0,0.0,,1.0,0.0
0.0,0.0,,1.0,0.0
1.0,1.0,,1.0,0.0
0.0,0.0,,0.0,1.0
1.0,1.0,,1.0,0.0
0.0,0.0,,0.0,1.0
0.0,1.0,,1.0,0.0
0.0,0.0,,0.0,1.0
1.0,1.0,,1.0,0.0
1.0,1.0,,0.0,1.0
1.0,1.0,,0.0,1.0
0.0,0.0,,0.0,1.0
0.0,0.0,,1.0,0.0
0.0,0.0,,1.0,0.0
1.0,1.0,,1.0,0.0
1.0,1.0,,0.0,1.0
0.0,0.0,,0.0,1.0
1.0,1.0,,1.0,0.0
0.0,0.0,,0.0,1.0
0.0,0.0,,1.0,0.0
1.0,1.0,,1.0,0.0
1.0,1.0,,0.0,1.0
0.0,0.0,,0.0,1.0
0.0,0.0,,1.0,0.0
1.0,0.0,,1.0,0.0
1.0,1.0,,1.0,0.0
0.0,0.0,,0.0,1.0
1.0,1.0,,1.0,0.0
0.0,0.0,,0.0,1.0
1.0,0.0,,1.0,0.0
0.0,0.0,,1.0,0.0
0.0,0.0,,1.0,0.0
1.0,1.0,,1.0,0.0
0.0,0.0,,0.0,1.0
1.0,1.0,,1.0,0.0
1.0,1.0,,0.0,1.0
1.0,1.0,,0.0,1.0
1.0,0.0,,0.0,1.0
1.0,1.0,,1.0,0.0
0.0,0.0,,0.0,1.0
1.0,1.0,,1.0,0.0
0.0,0.0,,0.0,1.0
0.0,0.0,,1.0,0.0
1.0,1.0,,1.0,0.0
1.0,1.0,,0.0,1.0
0.0,0.0,,0.0,1.0
0.0,0.0,,1.0,0.0
0.0,1.0,,1.0,0.0
1.0,1.0,,0.0,1.0
1.0,1.0,,0.0,1.0
0.0,0.0,,0.0,1.0
1.0,1.0,,1.0,0.0
0.0,0.0,,0.0,1.0
1.0,1.0,,1.0,0.0
0.0,0.0,,0.0,1.0
1.0,1.0,,1.0,0.0
0.0,0.0,,0.0,1.0
1.0,1.0,,1.0,0.0
0.0,0.0,,0.0,1.0
0.0,0.0,,1.0,0.0
1.0,1.0,,1.0,0.0
1.0,1.0,,0.0,1.0
1.0,1.0,,0.0,1.0
0.0,0.0,,0.0,1.0
0.0,0.0,,1.0,0.0
1.0,1.0,,1.0,0.0
1.0,1.0,,0.0,1.0
0.0,0.0,,0.0,1.0
0.0,0.0,,1.0,0.0
1.0,1.0,,1.0,0.0
1.0,1.0,,0.0,1.0
1.0,1.0,,0.0,1.0
0.0,0.0,,0.0,1.0
1.0,1.0,,1.0,0.0
1.0,1.0,,0.0,1.0
0.0,0.0,,0.0,1.0
1.0,1.0,,1.0,0.0
0.0,0.0,,0.0,1.0
1.0,1.0,,1.0,0.0
1.0,1.0,,0.0,1.0
1.0,1.0,,0.0,1.0
0.0,0.0,,0.0,1.0
0.0,0.0,,1.0,0.0
1.0,1.0,,1.0,0.0
1.0,1.0,,0.0,1.0
1.0,1.0,,0.0,1.0
1.0,1.0,,0.0,1.0
0.0,0.0,,0.0,1.0
1.0,1.0,,1.0,0.0
0.0,1.0,,0.0,1.0
1.0,1.0,,0.0,1.0
0.0,0.0,,0.0,1.0
1.0,1.0,,1.0,0.0
0.0,0.0,,0.0,1.0
0.0,0.0,,1.0,0.0
0.0,0.0,,1.0,0.0
0.0,0.0,,1.0,0.0
1.0,1.0,,1.0,0.0
0.0,0.0,,0.0,1.0
0.0,0.0,,1.0,0.0
1.0,1.0,,1.0,0.0
0.0,0.0,,0.0,1.0
1.0,1.0,,1.0,0.0
0.0,0.0,,0.0,1.0
1.0,1.0,,1.0,0.0
1.0,1.0,,0.0,1.0
1.0,1.0,,0.0,1.0
0.0,0.0,,0.0,1.0
0.0,0.0,,1.0,0.0
1.0,0.0,,1.0,0.0
0.0,0.0,,1.0,0.0
0.0,0.0,,1.0,0.0
0.0,0.0,,1.0,0.0
0.0,0.0,,1.0,0.0
1.0,1.0,,1.0,0.0
1.0,1.0,,0.0,1.0
1.0,1.0,,0.0,1.0
0.0,0.0,,0.0,1.0
1.0,1.0,,1.0,0.0
0.0,0.0,,0.0,1.0
1.0,1.0,,1.0,0.0
1.0,1.0,,0.0,1.0
0.0,1.0,,0.0,1.0
1.0,1.0,,0.0,1.0
0.0,0.0,,0.0,1.0
0.0,0.0,,1.0,0.0
0.0,0.0,,1.0,0.0
0.0,0.0,,1.0,0.0
0.0,0.0,,1.0,0.0
1.0,1.0,,1.0,0.0
1.0,1.0,,0.0,1.0
0.0,0.0,,0.0,1.0
0.0,0.0,,1.0,0.0
1.0,0.0,,1.0,0.0
1.0,1.0,,1.0,0.0
1.0,1.0,,0.0,1.0
1.0,1.0,,0.0,1.0
0.0,0.0,,0.0,1.0
1.0,1.0,,1.0,0.0
1.0,1.0,,0.0,1.0
1.0,1.0,,0.0,1.0
1.0,0.0,,0.0,1.0
0.0,0.0,,1.0,0.0
1.0,1.0,,1.0,0.0
1.0,1.0,,0.0,1.0
1.0,1.0,,0.0,1.0
1.0,1.0,,0.0,1.0
1.0,1.0,,0.0,1.0
1.0,1.0,,0.0,1.0
0.0,0.0,,0.0,1.0
1.0,1.0,,1.0,0.0
0.0,0.0,,0.0,1.0
0.0,0.0,,1.0,0.0
1.0,1.0,,1.0,0.0
0.0,0.0,,0.0,1.0
1.0,1.0,,1.0,0.0
0.0,1.0,,0.0,1.0
1.0,1.0,,0.0,1.0
0.0,0.0,,0.0,1.0
1.0,1.0,,1.0,0.0
1.0,1.0,,0.0,1.0
0.0,0.0,,0.0,1.0
1.0,1.0,,1.0,0.0
0.0,0.0,,0.0,1.0
1.0,1.0,,1.0,0.0
1.0,1.0,,0.0,1.0
0.0,0.0,,0.0,1.0
0.0,0.0,,1.0,0.0
0.0,0.0,,1.0,0.0
1.0,1.0,,1.0,0.0
0.0,0.0,,0.0,1.0
0.0,0.0,,1.0,0.0
0.0,0.0,,1.0,0.0
1.0,1.0,,1.0,0.0
0.0,0.0,,0.0,1.0
0.0,0.0,,1.0,0.0
1.0,1.0,,1.0,0.0
1.0,1.0,,0.0,1.0
1.0,1.0,,0.0,1.0
0.0,0.0,,0.0,1.0
1.0,1.0,,1.0,0.0
0.0,0.0,,0.0,1.0
0.0,0.0,,1.0,0.0
0.0,0.0,,1.0,0.0
1.0,1.0,,1.0,0.0
1.0,1.0,,0.0,1.0
0.0,0.0,,0.0,1.0
1.0,1.0,,1.0,0.0
1.0,1.0,,0.0,1.0
1.0,1.0,,0.0,1.0
1.0,1.0,,0.0,1.0
1.0,1.0,,0.0,1.0
0.0,0.0,,0.0,1.0
1.0,1.0,,1.0,0.0
0.0,0.0,,0.0,1.0
0.0,0.0,,1.0,0.0
1.0,1.0,,1.0,0.0
1.0,1.0,,0.0,1.0
1.0,1.0,,0.0,1.0
1.0,1.0,,0.0,1.0
1.0,1.0,,0.0,1.0
0.0,0.0,,0.0,1.0
0.0,0.0,,1.0,0.0
1.0,0.0,,1.0,0.0
0.0,0.0,,1.0,0.0
1.0,1.0,,1.0,0.0
0.0,0.0,,0.0,1.0
0.0,0.0,,1.0,0.0
1.0,1.0,,1.0,0.0
1.0,1.0,,0.0,1.0
0.0,0.0,,0.0,1.0
1.0,1.0,,1.0,0.0
1.0,1.0,,0.0,1.0
0.0,0.0,,0.0,1.0
0.0,0.0,,1.0,0.0
0.0,0.0,,1.0,0.0
0.0,0.0,,1.0,0.0
1.0,1.0,,1.0,0.0
1.0,1.0,,0.0,1.0
1.0,1.0,,0.0,1.0
1.0,0.0,,0.0,1.0
0.0,0.0,,1.0,0.0
1.0,1.0,,1.0,0.0
1.0,1.0,,0.0,1.0
0.0,0.0,,0.0,1.0
0.0,0.0,,1.0,0.0
1.0,1.0,,1.0,0.0
1.0,1.0,,0.0,1.0
1.0,1.0,,0.0,1.0
0.0,0.0,,0.0,1.0
0.0,0.0,,1.0,0.0
0.0,0.0,,1.0,0.0
1.0,1.0,,1.0,0.0
1.0,1.0,,0.0,1.0
0.0,0.0,,0.0,1.0
1.0,1.0,,1.0,0.0
0.0,0.0,,0.0,1.0
0.0,0.0,,1.0,0.0
1.0,0.0,,1.0,0.0
1.0,1.0,,1.0,0.0
1.0,1.0,,0.0,1.0
1.0,1.0,,0.0,1.0
0.0,0.0,,0.0,1.0
1.0,1.0,,1.0,0.0
1.0,1.0,,0.0,1.0
1.0,1.0,,0.0,1.0
1.0,1.0,,0.0,1.0
0.0,0.0,,0.0,1.0
1.0,1.0,,1.0,0.0
1.0,1.0,,0.0,1.0
1.0,0.0,,0.0,1.0
0.0,0.0,,1.0,0.0
0.0,0.0,,1.0,0.0
0.0,0.0,,1.0,0.0
0.0,0.0,,1.0,0.0
1.0,1.0,,1.0,0.0
0.0,1.0,,0.0,1.0
0.0,1.0,,0.0,1.0
0.0,0.0,,0.0,1.0
0.0,0.0,,1.0,0.0
1.0,1.0,,1.0,0.0
1.0,1.0,,0.0,1.0
0.0,0.0,,0.0,1.0
0.0,0.0,,1.0,0.0
1.0,1.0,,1.0,0.0
1.0,1.0,,0.0,1.0
0.0,0.0,,0.0,1.0
0.0,1.0,,1.0,0.0
1.0,1.0,,0.0,1.0
0.0,0.0,,0.0,1.0
0.0,0.0,,1.0,0.0
0.0,0.0,,1.0,0.0
1.0,1.0,,1.0,0.0
0.0,0.0,,0.0,1.0
0.0,0.0,,1.0,0.0
0.0,0.0,,1.0,0.0
1.0,1.0,,1.0,0.0
0.0,0.0,,0.0,1.0
0.0,0.0,,1.0,0.0
0.0,0.0,,1.0,0.0
0.0,1.0,,1.0,0.0
1.0,1.0,,0.0,1.0
1.0,1.0,,0.0,1.0
0.0,0.0,,0.0,1.0
1.0,1.0,,1.0,0.0
1.0,1.0,,0.0,1.0
1.0,1.0,,0.0,1.0
0.0,0.0,,0.0,1.0
1.0,1.0,,1.0,0.0
1.0,1.0,,0.0,1.0
1.0,1.0,,0.0,1.0
1.0,1.0,,0.0,1.0
0.0,1.0,,0.0,1.0
0.0,0.0,,0.0,1.0
1.0,0.0,,1.0,0.0
0.0,0.0,,1.0,0.0
0.0,0.0,,1.0,0.0
0.0,0.0,,1.0,0.0
1.0,1.0,,1.0,0.0
1.0,1.0,,0.0,1.0
1.0,1.0,,0.0,1.0
1.0,1.0,,0.0,1.0
0.0,0.0,,0.0,1.0
0.0,0.0,,1.0,0.0
0.0,0.0,,1.0,0.0
1.0,1.0,,1.0,0.0
1.0,1.0,,0.0,1.0
0.0,0.0,,0.0,1.0
0.0,0.0,,1.0,0.0
1.0,1.0,,1.0,0.0
1.0,1.0,,0.0,1.0
0.0,0.0,,0.0,1.0
1.0,1.0,,1.0,0.0
1.0,1.0,,0.0,1.0
1.0,1.0,,0.0,1.0
1.0,1.0,,0.0,1.0
0.0,0.0,,0.0,1.0
0.0,0.0,,1.0,0.0
0.0,0.0,,1.0,0.0
0.0,0.0,,1.0,0.0
0.0,0.0,,1.0,0.0
1.0,0.0,,1.0,0.0
1.0,1.0,,1.0,0.0
1.0,1.0,,0.0,1.0
0.0,0.0,,0.0,1.0
1.0,1.0,,1.0,0.0
1.0,1.0,,0.0,1.0
1.0,1.0,,0.0,1.0
0.0,0.0,,0.0,1.0
1.0,1.0,,1.0,0.0
1.0,1.0,,0.0,1.0
1.0,1.0,,0.0,1.0
1.0,1.0,,0.0,1.0
1.0,1.0,,0.0,1.0
1.0,1.0,,0.0,1.0
0.0,0.0,,0.0,1.0
0.0,0.0,,1.0,0.0
1.0,1.0,,1.0,0.0
0.0,0.0,,0.0,1.0
1.0,1.0,,1.0,0.0
0.0,0.0,,0.0,1.0
0.0,0.0,,1.0,0.0
0.0,0.0,,1.0,0.0
1.0,1.0,,1.0,0.0
1.0,1.0,,0.0,1.0
1.0,1.0,,0.0,1.0
1.0,1.0,,0.0,1.0
1.0,1.0,,0.0,1.0
1.0,1.0,,0.0,1.0
0.0,0.0,,0.0,1.0
1.0,1.0,,1.0,0.0
1.0,1.0,,0.0,1.0
0.0,0.0,,0.0,1.0
1.0,1.0,,1.0,0.0
0.0,0.0,,0.0,1.0
1.0,1.0,,1.0,0.0
0.0,0.0,,0.0,1.0
1.0,1.0,,1.0,0.0
1.0,1.0,,0.0,1.0
1.0,1.0,,0.0,1.0
0.0,0.0,,0.0,1.0
0.0,0.0,,1.0,0.0
0.0,0.0,,1.0,0.0
1.0,1.0,,1.0,0.0
1.0,1.0,,0.0,1.0
1.0,1.0,,0.0,1.0
1.0,1.0,,0.0,1.0
1.0,1.0,,0.0,1.0
0.0,0.0,,0.0,1.0
1.0,1.0,,1.0,0.0
0.0,0.0,,0.0,1.0
1.0,1.0,,1.0,0.0
0.0,0.0,,0.0,1.0
0.0,1.0,,1.0,0.0
1.0,1.0,,0.0,1.0
0.0,0.0,,0.0,1.0
1.0,1.0,,1.0,0.0
0.0,0.0,,0.0,1.0
0.0,0.0,,1.0,0.0
0.0,0.0,,1.0,0.0
0.0,0.0,,1.0,0.0
1.0,1.0,,1.0,0.0
0.0,0.0,,0.0,1.0
1.0,1.0,,1.0,0.0
1.0,1.0,,0.0,1.0
0.0,1.0,,0.0,1.0
1.0,1.0,,0.0,1.0
0.0,1.0,,0.0,1.0
0.0,0.0,,0.0,1.0
1.0,1.0,,1.0,0.0
0.0,0.0,,0.0,1.0
1.0,1.0,,1.0,0.0
0.0,0.0,,0.0,1.0
1.0,1.0,,1.0,0.0
1.0,1.0,,0.0,1.0
0.0,0.0,,0.0,1.0
0.0,0.0,,1.0,0.0
1.0,1.0,,1.0,0.0
1.0,1.0,,0.0,1.0
0.0,0.0,,0.0,1.0
1.0,1.0,,1.0,0.0
1.0,1.0,,0.0,1.0
1.0,1.0,,0.0,1.0
1.0,1.0,,0.0,1.0
0.0,0.0,,0.0,1.0
0.0,1.0,,1.0,0.0
0.0,0.0,,0.0,1.0
0.0,0.0,,1.0,0.0
1.0,1.0,,1.0,0.0
1.0,1.0,,0.0,1.0
1.0,1.0,,0.0,1.0
0.0,0.0,,0.0,1.0
0.0,0.0,,1.0,0.0
1.0,1.0,,1.0,0.0
1.0,1.0,,0.0,1.0
0.0,0.0,,0.0,1.0
0.0,0.0,,1.0,0.0
1.0,1.0,,1.0,0.0
1.0,1.0,,0.0,1.0
1.0,1.0,,0.0,1.0
1.0,1.0,,0.0,1.0
0.0,0.0,,0.0,1.0
1.0,1.0,,1.0,0.0
0.0,0.0,,0.0,1.0
0.0,0.0,,1.0,0.0
0.0,0.0,,1.0,0.0
0.0,0.0,,1.0,0.0
0.0,0.0,,1.0,0.0
0.0,0.0,,1.0,0.0
1.0,1.0,,1.0,0.0
1.0,1.0,,0.0,1.0
0.0,0.0,,0.0,1.0
1.0,1.0,,1.0,0.0
1.0,1.0,,0.0,1.0
0.0,0.0,,0.0,1.0
1.0,1.0,,1.0,0.0
0.0,0.0,,0.0,1.0
1.0,1.0,,1.0,0.0
0.0,0.0,,0.0,1.0
0.0,0.0,,1.0,0.0
1.0,1.0,,1.0,0.0
0.0,0.0,,0.0,1.0
0.0,0.0,,1.0,0.0
0.0,0.0,,1.0,0.0
0.0,0.0,,1.0,0.0
0.0,0.0,,1.0,0.0
0.0,0.0,,1.0,0.0
0.0,0.0,,1.0,0.0
0.0,0.0,,1.0,0.0
1.0,1.0,,1.0,0.0
0.0,0.0,,0.0,1.0
0.0,0.0,,1.0,0.0
0.0,0.0,,1.0,0.0
1.0,1.0,,1.0,0.0
1.0,1.0,,0.0,1.0
0.0,0.0,,0.0,1.0
1.0,1.0,,1.0,0.0
1.0,1.0,,0.0,1.0
1.0,1.0,,0.0,1.0
1.0,1.0,,0.0,1.0
1.0,1.0,,0.0,1.0
1.0,1.0,,0.0,1.0
1.0,0.0,,0.0,1.0
1.0,1.0,,1.0,0.0
0.0,0.0,,0.0,1.0
0.0,0.0,,1.0,0.0
0.0,0.0,,1.0,0.0
1.0,1.0,,1.0,0.0
1.0,1.0,,0.0,1.0
1.0,0.0,,0.0,1.0
0.0,0.0,,1.0,0.0
1.0,1.0,,1.0,0.0
0.0,0.0,,0.0,1.0
1.0,1.0,,1.0,0.0
1.0,1.0,,0.0,1.0
1.0,1.0,,0.0,1.0
1.0,1.0,,0.0,1.0
0.0,0.0,,0.0,1.0
0.0,0.0,,1.0,0.0
1.0,1.0,,1.0,0.0
1.0,1.0,,0.0,1.0
0.0,0.0,,0.0,1.0
1.0,1.0,,1.0,0.0
0.0,0.0,,0.0,1.0
1.0,1.0,,1.0,0.0
1.0,1.0,,0.0,1.0
1.0,1.0,,0.0,1.0
1.0,1.0,,0.0,1.0
1.0,1.0,,0.0,1.0
0.0,0.0,,0.0,1.0
1.0,1.0,,1.0,0.0
0.0,0.0,,0.0,1.0
0.0,0.0,,1.0,0.0
0.0,0.0,,1.0,0.0
0.0,0.0,,1.0,0.0
0.0,0.0,,1.0,0.0
1.0,1.0,,1.0,0.0
1.0,1.0,,0.0,1.0
0.0,0.0,,0.0,1.0
1.0,1.0,,1.0,0.0
0.0,0.0,,0.0,1.0
0.0,0.0,,1.0,0.0
0.0,0.0,,1.0,0.0
0.0,0.0,,1.0,0.0
1.0,1.0,,1.0,0.0
1.0,1.0,,0.0,1.0
1.0,1.0,,0.0,1.0
1.0,1.0,,0.0,1.0
1.0,1.0,,0.0,1.0
1.0,1.0,,0.0,1.0
1.0,1.0,,0.0,1.0
1.0,1.0,,0.0,1.0
1.0,1.0,,0.0,1.0
0.0,0.0,,0.0,1.0
1.0,1.0,,1.0,0.0
1.0,1.0,,0.0,1.0
1.0,1.0,,0.0,1.0
1.0,1.0,,0.0,1.0
1.0,1.0,,0.0,1.0
1.0,1.0,,0.0,1.0
0.0,0.0,,0.0,1.0
1.0,1.0,,1.0,0.0
0.0,0.0,,0.0,1.0
0.0,0.0,,1.0,0.0
1.0,0.0,,1.0,0.0
1.0,1.0,,1.0,0.0
1.0,1.0,,0.0,1.0
0.0,0.0,,0.0,1.0
1.0,1.0,,1.0,0.0
0.0,0.0,,0.0,1.0
1.0,1.0,,1.0,0.0
0.0,0.0,,0.0,1.0
1.0,1.0,,1.0,0.0
1.0,1.0,,0.0,1.0
0.0,0.0,,0.0,1.0
1.0,0.0,,1.0,0.0
1.0,1.0,,1.0,0.0
1.0,1.0,,0.0,1.0
0.0,0.0,,0.0,1.0
0.0,0.0,,1.0,0.0
1.0,1.0,,1.0,0.0
0.0,0.0,,0.0,1.0
0.0,0.0,,1.0,0.0
0.0,0.0,,1.0,0.0
1.0,1.0,,1.0,0.0
0.0,0.0,,0.0,1.0
1.0,1.0,,1.0,0.0
0.0,0.0,,0.0,1.0
0.0,0.0,,1.0,0.0
0.0,0.0,,1.0,0.0
0.0,0.0,,1.0,0.0
0.0,0.0,,1.0,0.0
1.0,1.0,,1.0,0.0
1.0,1.0,,0.0,1.0
1.0,1.0,,0.0,1.0
0.0,0.0,,0.0,1.0
1.0,1.0,,1.0,0.0
0.0,0.0,,0.0,1.0
1.0,1.0,,1.0,0.0
0.0,0.0,,0.0,1.0
1.0,1.0,,1.0,0.0
0.0,0.0,,0.0,1.0
1.0,0.0,,1.0,0.0
0.0,0.0,,1.0,0.0
1.0,1.0,,1.0,0.0
1.0,1.0,,0.0,1.0
0.0,0.0,,0.0,1.0
0.0,0.0,,1.0,0.0
1.0,1.0,,1.0,0.0
1.0,1.0,,0.0,1.0
1.0,1.0,,0.0,1.0
0.0,0.0,,0.0,1.0
1.0,0.0,,1.0,0.0
1.0,1.0,,1.0,0.0
0.0,0.0,,0.0,1.0
1.0,1.0,,1.0,0.0
0.0,0.0,,0.0,1.0
0.0,1.0,,1.0,0.0
1.0,1.0,,0.0,1.0
1.0,1.0,,0.0,1.0
0.0,0.0,,0.0,1.0
1.0,0.0,,1.0,0.0
1.0,1.0,,1.0,0.0
1.0,1.0,,0.0,1.0
0.0,1.0,,0.0,1.0
1.0,1.0,,0.0,1.0
1.0,0.0,,0.0,1.0
0.0,0.0,,1.0,0.0
0.0,0.0,,1.0,0.0
1.0,0.0,,1.0,0.0
0.0,0.0,,1.0,0.0
0.0,0.0,,1.0,0.0
1.0,0.0,,1.0,0.0
0.0,0.0,,1.0,0.0
0.0,0.0,,1.0,0.0
0.0,0.0,,1.0,0.0
1.0,1.0,,1.0,0.0
1.0,1.0,,0.0,1.0
0.0,0.0,,0.0,1.0
1.0,1.0,,1.0,0.0
0.0,0.0,,0.0,1.0
1.0,1.0,,1.0,0.0
1.0,1.0,,0.0,1.0
0.0,0.0,,0.0,1.0
1.0,1.0,,1.0,0.0
0.0,0.0,,0.0,1.0
1.0,1.0,,1.0,0.0
0.0,0.0,,0.0,1.0
1.0,1.0,,1.0,0.0
1.0,1.0,,0.0,1.0
1.0,1.0,,0.0,1.0
1.0,1.0,,0.0,1.0
1.0,1.0,,0.0,1.0
0.0,0.0,,0.0,1.0
1.0,1.0,,1.0,0.0
1.0,1.0,,0.0,1.0
1.0,1.0,,0.0,1.0
1.0,1.0,,0.0,1.0
1.0,1.0,,0.0,1.0
0.0,0.0,,0.0,1.0
0.0,0.0,,1.0,0.0
1.0,1.0,,1.0,0.0
0.0,0.0,,0.0,1.0
0.0,0.0,,1.0,0.0
0.0,0.0,,1.0,0.0
1.0,1.0,,1.0,0.0
1.0,1.0,,0.0,1.0
1.0,0.0,,0.0,1.0
0.0,0.0,,1.0,0.0
1.0,1.0,,1.0,0.0
0.0,0.0,,0.0,1.0
0.0,0.0,,1.0,0.0
1.0,0.0,,1.0,0.0
0.0,0.0,,1.0,0.0
1.0,1.0,,1.0,0.0
0.0,0.0,,0.0,1.0
1.0,1.0,,1.0,0.0
1.0,0.0,,0.0,1.0
0.0,0.0,,1.0,0.0
0.0,0.0,,1.0,0.0
1.0,1.0,,1.0,0.0
1.0,0.0,,0.0,1.0
0.0,0.0,,1.0,0.0
0.0,0.0,,1.0,0.0
0.0,0.0,,1.0,0.0
1.0,1.0,,1.0,0.0
1.0,1.0,,0.0,1.0
0.0,0.0,,0.0,1.0
0.0,0.0,,1.0,0.0
0.0,0.0,,1.0,0.0
1.0,1.0,,1.0,0.0
0.0,0.0,,0.0,1.0
0.0,0.0,,1.0,0.0
1.0,1.0,,1.0,0.0
1.0,1.0,,0.0,1.0
0.0,0.0,,0.0,1.0
1.0,1.0,,1.0,0.0
0.0,0.0,,0.0,1.0
0.0,0.0,,1.0,0.0
1.0,1.0,,1.0,0.0
0.0,0.0,,0.0,1.0
1.0,1.0,,1.0,0.0
0.0,0.0,,0.0,1.0
1.0,1.0,,1.0,0.0
1.0,1.0,,0.0,1.0
0.0,0.0,,0.0,1.0
0.0,0.0,,1.0,0.0
1.0,1.0,,1.0,0.0
0.0,1.0,,0.0,1.0
0.0,0.0,,0.0,1.0
0.0,0.0,,1.0,0.0
1.0,1.0,,1.0,0.0
1.0,1.0,,0.0,1.0
0.0,0.0,,0.0,1.0
1.0,1.0,,1.0,0.0
1.0,1.0,,0.0,1.0
1.0,1.0,,0.0,1.0
1.0,1.0,,0.0,1.0
1.0,1.0,,0.0,1.0
1.0,1.0,,0.0,1.0
0.0,0.0,,0.0,1.0
0.0,0.0,,1.0,0.0
1.0,1.0,,1.0,0.0
0.0,0.0,,0.0,1.0
1.0,1.0,,1.0,0.0
0.0,1.0,,0.0,1.0
0.0,0.0,,0.0,1.0
1.0,1.0,,1.0,0.0
0.0,0.0,,0.0,1.0
0.0,0.0,,1.0,0.0
1.0,1.0,,1.0,0.0
1.0,1.0,,0.0,1.0
1.0,1.0,,0.0,1.0
0.0,0.0,,0.0,1.0
1.0,1.0,,1.0,0.0
0.0,0.0,,0.0,1.0
0.0,0.0,,1.0,0.0
0.0,0.0,,1.0,0.0
1.0,1.0,,1.0,0.0
0.0,0.0,,0.0,1.0
1.0,1.0,,1.0,0.0
0.0,0.0,,0.0,1.0
1.0,0.0,,1.0,0.0
1.0,1.0,,1.0,0.0
0.0,0.0,,0.0,1.0
1.0,1.0,,1.0,0.0
1.0,1.0,,0.0,1.0
0.0,0.0,,0.0,1.0
1.0,1.0,,1.0,0.0
1.0,1.0,,0.0,1.0
0.0,0.0,,0.0,1.0
0.0,0.0,,1.0,0.0
0.0,0.0,,1.0,0.0
0.0,0.0,,1.0,0.0
0.0,0.0,,1.0,0.0
0.0,0.0,,1.0,0.0
0.0,0.0,,1.0,0.0
0.0,0.0,,1.0,0.0
0.0,0.0,,1.0,0.0
0.0,0.0,,1.0,0.0
0.0,0.0,,1.0,0.0
1.0,1.0,,1.0,0.0
0.0,0.0,,0.0,1.0
0.0,0.0,,1.0,0.0
1.0,1.0,,1.0,0.0
0.0,0.0,,0.0,1.0
0.0,0.0,,1.0,0.0
0.0,0.0,,1.0,0.0
0.0,0.0,,1.0,0.0
0.0,0.0,,1.0,0.0
0.0,0.0,,1.0,0.0
1.0,1.0,,1.0,0.0
0.0,0.0,,0.0,1.0
0.0,0.0,,1.0,0.0
0.0,0.0,,1.0,0.0
0.0,0.0,,1.0,0.0
1.0,1.0,,1.0,0.0
1.0,1.0,,0.0,1.0
1.0,1.0,,0.0,1.0
0.0,0.0,,0.0,1.0
0.0,0.0,,1.0,0.0
1.0,1.0,,1.0,0.0
1.0,0.0,,0.0,1.0
0.0,0.0,,1.0,0.0
1.0,0.0,,1.0,0.0
0.0,0.0,,1.0,0.0
0.0,0.0,,1.0,0.0
0.0,0.0,,1.0,0.0
1.0,1.0,,1.0,0.0
1.0,1.0,,0.0,1.0
1.0,1.0,,0.0,1.0
1.0,1.0,,0.0,1.0
1.0,1.0,,0.0,1.0
0.0,0.0,,0.0,1.0
1.0,1.0,,1.0,0.0
0.0,0.0,,0.0,1.0
1.0,1.0,,1.0,0.0
0.0,0.0,,0.0,1.0
0.0,0.0,,1.0,0.0
0.0,0.0,,1.0,0.0
1.0,1.0,,1.0,0.0
0.0,0.0,,0.0,1.0
0.0,0.0,,1.0,0.0
0.0,0.0,,1.0,0.0
0.0,0.0,,1.0,0.0
0.0,0.0,,1.0,0.0
1.0,1.0,,1.0,0.0
0.0,0.0,,0.0,1.0
0.0,0.0,,1.0,0.0
1.0,1.0,,1.0,0.0
0.0,0.0,,0.0,1.0
0.0,0.0,,1.0,0.0
1.0,1.0,,1.0,0.0
0.0,0.0,,0.0,1.0
1.0,1.0,,1.0,0.0
0.0,0.0,,0.0,1.0
0.0,0.0,,1.0,0.0
0.0,0.0,,1.0,0.0
1.0,1.0,,1.0,0.0
1.0,1.0,,0.0,1.0
1.0,1.0,,0.0,1.0
0.0,0.0,,0.0,1.0
0.0,0.0,,1.0,0.0
0.0,0.0,,1.0,0.0
1.0,1.0,,1.0,0.0
0.0,1.0,,0.0,1.0
0.0,0.0,,0.0,1.0
0.0,0.0,,1.0,0.0
1.0,1.0,,1.0,0.0
0.0,0.0,,0.0,1.0
0.0,0.0,,1.0,0.0
1.0,1.0,,1.0,0.0
1.0,1.0,,0.0,1.0
1.0,1.0,,0.0,1.0
0.0,0.0,,0.0,1.0
1.0,1.0,,1.0,0.0
1.0,1.0,,0.0,1.0
1.0,1.0,,0.0,1.0
1.0,1.0,,0.0,1.0
0.0,0.0,,0.0,1.0
0.0,0.0,,1.0,0.0
0.0,0.0,,1.0,0.0
1.0,1.0,,1.0,0.0
1.0,1.0,,0.0,1.0
0.0,0.0,,0.0,1.0
1.0,1.0,,1.0,0.0
1.0,1.0,,0.0,1.0
0.0,0.0,,0.0,1.0
1.0,1.0,,1.0,0.0
0.0,0.0,,0.0,1.0
1.0,1.0,,1.0,0.0
0.0,0.0,,0.0,1.0
1.0,1.0,,1.0,0.0
1.0,1.0,,0.0,1.0
0.0,0.0,,0.0,1.0
0.0,0.0,,1.0,0.0
1.0,1.0,,1.0,0.0
1.0,1.0,,0.0,1.0
0.0,0.0,,0.0,1.0
1.0,1.0,,1.0,0.0
0.0,0.0,,0.0,1.0
1.0,1.0,,1.0,0.0
0.0,0.0,,0.0,1.0
0.0,0.0,,1.0,0.0
0.0,0.0,,1.0,0.0
1.0,1.0,,1.0,0.0
1.0,1.0,,0.0,1.0
1.0,1.0,,0.0,1.0
1.0,1.0,,0.0,1.0
1.0,1.0,,0.0,1.0
1.0,1.0,,0.0,1.0
1.0,1.0,,0.0,1.0
0.0,0.0,,0.0,1.0
0.0,0.0,,1.0,0.0
1.0,1.0,,1.0,0.0
0.0,0.0,,0.0,1.0
0.0,0.0,,1.0,0.0
0.0,0.0,,1.0,0.0
1.0,1.0,,1.0,0.0
0.0,0.0,,0.0,1.0
1.0,1.0,,1.0,0.0
0.0,0.0,,0.0,1.0
0.0,0.0,,1.0,0.0
0.0,0.0,,1.0,0.0
1.0,1.0,,1.0,0.0
1.0,1.0,,0.0,1.0
0.0,0.0,,0.0,1.0
0.0,0.0,,1.0,0.0
0.0,0.0,,1.0,0.0
1.0,1.0,,1.0,0.0
1.0,0.0,,0.0,1.0
1.0,1.0,,1.0,0.0
0.0,0.0,,0.0,1.0
1.0,1.0,,1.0,0.0
1.0,1.0,,0.0,1.0
1.0,1.0,,0.0,1.0
0.0,0.0,,0.0,1.0
0.0,0.0,,1.0,0.0
0.0,0.0,,1.0,0.0
1.0,1.0,,1.0,0.0
0.0,0.0,,0.0,1.0
1.0,1.0,,1.0,0.0
1.0,1.0,,0.0,1.0
1.0,1.0,,0.0,1.0
0.0,0.0,,0.0,1.0
1.0,1.0,,1.0,0.0
1.0,1.0,,0.0,1.0
0.0,0.0,,0.0,1.0
1.0,1.0,,1.0,0.0
1.0,1.0,,0.0,1.0
1.0,1.0,,0.0,1.0
1.0,1.0,,0.0,1.0
1.0,1.0,,0.0,1.0
1.0,1.0,,0.0,1.0
1.0,1.0,,0.0,1.0
0.0,1.0,,0.0,1.0
0.0,0.0,,0.0,1.0
0.0,0.0,,1.0,0.0
1.0,0.0,,1.0,0.0
0.0,0.0,,1.0,0.0
0.0,0.0,,1.0,0.0
0.0,0.0,,1.0,0.0
1.0,1.0,,1.0,0.0
0.0,0.0,,0.0,1.0
1.0,1.0,,1.0,0.0
0.0,0.0,,0.0,1.0
0.0,0.0,,1.0,0.0
1.0,1.0,,1.0,0.0
1.0,1.0,,0.0,1.0
0.0,0.0,,0.0,1.0
0.0,0.0,,1.0,0.0
1.0,1.0,,1.0,0.0
1.0,1.0,,0.0,1.0
0.0,0.0,,0.0,1.0
1.0,1.0,,1.0,0.0
0.0,0.0,,0.0,1.0
0.0,0.0,,1.0,0.0
0.0,0.0,,1.0,0.0
1.0,1.0,,1.0,0.0
0.0,0.0,,0.0,1.0
0.0,0.0,,1.0,0.0
0.0,0.0,,1.0,0.0
1.0,1.0,,1.0,0.0
1.0,1.0,,0.0,1.0
1.0,1.0,,0.0,1.0
1.0,1.0,,0.0,1.0
1.0,1.0,,0.0,1.0
1.0,1.0,,0.0,1.0
1.0,1.0,,0.0,1.0
1.0,1.0,,0.0,1.0
0.0,0.0,,0.0,1.0
1.0,1.0,,1.0,0.0
1.0,1.0,,0.0,1.0
0.0,0.0,,0.0,1.0
0.0,0.0,,1.0,0.0
0.0,0.0,,1.0,0.0
0.0,0.0,,1.0,0.0
1.0,1.0,,1.0,0.0
1.0,1.0,,0.0,1.0
1.0,1.0,,0.0,1.0
0.0,0.0,,0.0,1.0
0.0,0.0,,1.0,0.0
0.0,0.0,,1.0,0.0
0.0,0.0,,1.0,0.0
1.0,1.0,,1.0,0.0
0.0,0.0,,0.0,1.0
0.0,0.0,,1.0,0.0
0.0,1.0,,1.0,0.0
1.0,1.0,,0.0,1.0
0.0,0.0,,0.0,1.0
1.0,1.0,,1.0,0.0
0.0,0.0,,0.0,1.0
0.0,0.0,,1.0,0.0
0.0,0.0,,1.0,0.0
0.0,0.0,,1.0,0.0
1.0,1.0,,1.0,0.0
0.0,0.0,,0.0,1.0
1.0,1.0,,1.0,0.0
0.0,0.0,,0.0,1.0
1.0,1.0,,1.0,0.0
0.0,0.0,,0.0,1.0
0.0,0.0,,1.0,0.0
0.0,0.0,,1.0,0.0
0.0,0.0,,1.0,0.0
1.0,1.0,,1.0,0.0
1.0,1.0,,0.0,1.0
0.0,0.0,,0.0,1.0
1.0,1.0,,1.0,0.0
1.0,1.0,,0.0,1.0
0.0,0.0,,0.0,1.0
1.0,1.0,,1.0,0.0
1.0,1.0,,0.0,1.0
0.0,0.0,,0.0,1.0
0.0,0.0,,1.0,0.0
0.0,0.0,,1.0,0.0
0.0,0.0,,1.0,0.0
0.0,0.0,,1.0,0.0
0.0,0.0,,1.0,0.0
0.0,0.0,,1.0,0.0
0.0,0.0,,1.0,0.0
1.0,1.0,,1.0,0.0
0.0,0.0,,0.0,1.0
0.0,0.0,,1.0,0.0
0.0,0.0,,1.0,0.0
0.0,0.0,,1.0,0.0
1.0,1.0,,1.0,0.0
0.0,0.0,,0.0,1.0
1.0,1.0,,1.0,0.0
0.0,0.0,,0.0,1.0
0.0,0.0,,1.0,0.0
0.0,0.0,,1.0,0.0
1.0,0.0,,1.0,0.0
1.0,1.0,,1.0,0.0
1.0,1.0,,0.0,1.0
1.0,1.0,,0.0,1.0
0.0,0.0,,0.0,1.0
1.0,1.0,,1.0,0.0
1.0,1.0,,0.0,1.0
1.0,1.0,,0.0,1.0
1.0,1.0,,0.0,1.0
1.0,1.0,,0.0,1.0
0.0,0.0,,0.0,1.0
0.0,0.0,,1.0,0.0
0.0,0.0,,1.0,0.0
0.0,0.0,,1.0,0.0
0.0,0.0,,1.0,0.0
0.0,0.0,,1.0,0.0
1.0,1.0,,1.0,0.0
1.0,1.0,,0.0,1.0
1.0,1.0,,0.0,1.0
1.0,1.0,,0.0,1.0
1.0,1.0,,0.0,1.0
0.0,0.0,,0.0,1.0
1.0,1.0,,1.0,0.0
1.0,1.0,,0.0,1.0
1.0,1.0,,0.0,1.0
1.0,1.0,,0.0,1.0
0.0,0.0,,0.0,1.0
0.0,0.0,,1.0,0.0
1.0,1.0,,1.0,0.0
1.0,1.0,,0.0,1.0
0.0,0.0,,0.0,1.0
1.0,1.0,,1.0,0.0
1.0,1.0,,0.0,1.0
0.0,0.0,,0.0,1.0
0.0,0.0,,1.0,0.0
0.0,0.0,,1.0,0.0
0.0,0.0,,1.0,0.0
1.0,0.0,,1.0,0.0
0.0,0.0,,1.0,0.0
0.0,0.0,,1.0,0.0
0.0,1.0,,1.0,0.0
0.0,0.0,,0.0,1.0
1.0,1.0,,1.0,0.0
0.0,0.0,,0.0,1.0
1.0,1.0,,1.0,0.0
1.0,0.0,,0.0,1.0
1.0,1.0,,1.0,0.0
0.0,0.0,,0.0,1.0
1.0,1.0,,1.0,0.0
1.0,1.0,,0.0,1.0
1.0,1.0,,0.0,1.0
1.0,1.0,,0.0,1.0
1.0,1.0,,0.0,1.0
0.0,0.0,,0.0,1.0
0.0,0.0,,1.0,0.0
0.0,0.0,,1.0,0.0
0.0,0.0,,1.0,0.0
0.0,0.0,,1.0,0.0
1.0,1.0,,1.0,0.0
1.0,1.0,,0.0,1.0
1.0,1.0,,0.0,1.0
1.0,1.0,,0.0,1.0
1.0,1.0,,0.0,1.0
1.0,1.0,,0.0,1.0
0.0,0.0,,0.0,1.0
1.0,1.0,,1.0,0.0
1.0,1.0,,0.0,1.0
0.0,0.0,,0.0,1.0
1.0,1.0,,1.0,0.0
1.0,1.0,,0.0,1.0
1.0,1.0,,0.0,1.0
0.0,0.0,,0.0,1.0
1.0,1.0,,1.0,0.0
1.0,1.0,,0.0,1.0
0.0,1.0,,0.0,1.0
1.0,1.0,,0.0,1.0
1.0,1.0,,0.0,1.0
0.0,0.0,,0.0,1.0
0.0,0.0,,1.0,0.0
1.0,1.0,,1.0,0.0
1.0,1.0,,0.0,1.0
0.0,0.0,,0.0,1.0
1.0,1.0,,1.0,0.0
1.0,1.0,,0.0,1.0
1.0,0.0,,0.0,1.0
1.0,1.0,,1.0,0.0
1.0,1.0,,0.0,1.0
1.0,1.0,,0.0,1.0
0.0,0.0,,0.0,1.0
0.0,0.0,,1.0,0.0
1.0,1.0,,1.0,0.0
