page-blocks.arff, 1NN
No Parameter Info
96.46772228989038
0.0,0.0,,1.0,0.0,0.0,0.0,0.0
0.0,0.0,,1.0,0.0,0.0,0.0,0.0
0.0,0.0,,1.0,0.0,0.0,0.0,0.0
0.0,0.0,,1.0,0.0,0.0,0.0,0.0
0.0,0.0,,1.0,0.0,0.0,0.0,0.0
3.0,3.0,,1.0,0.0,0.0,0.0,0.0
0.0,0.0,,0.0,0.0,0.0,1.0,0.0
0.0,0.0,,1.0,0.0,0.0,0.0,0.0
0.0,0.0,,1.0,0.0,0.0,0.0,0.0
1.0,1.0,,1.0,0.0,0.0,0.0,0.0
0.0,4.0,,0.0,1.0,0.0,0.0,0.0
0.0,0.0,,0.0,0.0,0.0,0.0,1.0
4.0,4.0,,1.0,0.0,0.0,0.0,0.0
0.0,0.0,,0.0,0.0,0.0,0.0,1.0
0.0,0.0,,1.0,0.0,0.0,0.0,0.0
0.0,0.0,,1.0,0.0,0.0,0.0,0.0
3.0,3.0,,1.0,0.0,0.0,0.0,0.0
0.0,0.0,,0.0,0.0,0.0,1.0,0.0
0.0,4.0,,1.0,0.0,0.0,0.0,0.0
0.0,0.0,,0.0,0.0,0.0,0.0,1.0
0.0,0.0,,1.0,0.0,0.0,0.0,0.0
0.0,0.0,,1.0,0.0,0.0,0.0,0.0
0.0,0.0,,1.0,0.0,0.0,0.0,0.0
0.0,0.0,,1.0,0.0,0.0,0.0,0.0
0.0,0.0,,1.0,0.0,0.0,0.0,0.0
0.0,0.0,,1.0,0.0,0.0,0.0,0.0
0.0,1.0,,1.0,0.0,0.0,0.0,0.0
0.0,0.0,,0.0,1.0,0.0,0.0,0.0
0.0,0.0,,1.0,0.0,0.0,0.0,0.0
3.0,0.0,,1.0,0.0,0.0,0.0,0.0
0.0,0.0,,1.0,0.0,0.0,0.0,0.0
0.0,0.0,,1.0,0.0,0.0,0.0,0.0
0.0,0.0,,1.0,0.0,0.0,0.0,0.0
0.0,0.0,,1.0,0.0,0.0,0.0,0.0
1.0,1.0,,1.0,0.0,0.0,0.0,0.0
0.0,0.0,,0.0,1.0,0.0,0.0,0.0
0.0,0.0,,1.0,0.0,0.0,0.0,0.0
0.0,0.0,,1.0,0.0,0.0,0.0,0.0
0.0,0.0,,1.0,0.0,0.0,0.0,0.0
3.0,3.0,,1.0,0.0,0.0,0.0,0.0
0.0,0.0,,0.0,0.0,0.0,1.0,0.0
0.0,0.0,,1.0,0.0,0.0,0.0,0.0
1.0,1.0,,1.0,0.0,0.0,0.0,0.0
0.0,0.0,,0.0,1.0,0.0,0.0,0.0
0.0,0.0,,1.0,0.0,0.0,0.0,0.0
0.0,0.0,,1.0,0.0,0.0,0.0,0.0
0.0,0.0,,1.0,0.0,0.0,0.0,0.0
0.0,0.0,,1.0,0.0,0.0,0.0,0.0
0.0,0.0,,1.0,0.0,0.0,0.0,0.0
0.0,0.0,,1.0,0.0,0.0,0.0,0.0
0.0,0.0,,1.0,0.0,0.0,0.0,0.0
0.0,0.0,,1.0,0.0,0.0,0.0,0.0
0.0,0.0,,1.0,0.0,0.0,0.0,0.0
0.0,0.0,,1.0,0.0,0.0,0.0,0.0
0.0,0.0,,1.0,0.0,0.0,0.0,0.0
0.0,0.0,,1.0,0.0,0.0,0.0,0.0
0.0,0.0,,1.0,0.0,0.0,0.0,0.0
0.0,0.0,,1.0,0.0,0.0,0.0,0.0
0.0,0.0,,1.0,0.0,0.0,0.0,0.0
0.0,0.0,,1.0,0.0,0.0,0.0,0.0
0.0,0.0,,1.0,0.0,0.0,0.0,0.0
0.0,0.0,,1.0,0.0,0.0,0.0,0.0
0.0,0.0,,1.0,0.0,0.0,0.0,0.0
1.0,1.0,,1.0,0.0,0.0,0.0,0.0
0.0,0.0,,0.0,1.0,0.0,0.0,0.0
0.0,0.0,,1.0,0.0,0.0,0.0,0.0
0.0,0.0,,1.0,0.0,0.0,0.0,0.0
0.0,1.0,,1.0,0.0,0.0,0.0,0.0
0.0,0.0,,0.0,1.0,0.0,0.0,0.0
0.0,0.0,,1.0,0.0,0.0,0.0,0.0
0.0,0.0,,1.0,0.0,0.0,0.0,0.0
0.0,0.0,,1.0,0.0,0.0,0.0,0.0
0.0,0.0,,1.0,0.0,0.0,0.0,0.0
1.0,1.0,,1.0,0.0,0.0,0.0,0.0
3.0,3.0,,0.0,1.0,0.0,0.0,0.0
0.0,0.0,,0.0,0.0,0.0,1.0,0.0
0.0,0.0,,1.0,0.0,0.0,0.0,0.0
0.0,0.0,,1.0,0.0,0.0,0.0,0.0
0.0,0.0,,1.0,0.0,0.0,0.0,0.0
0.0,0.0,,1.0,0.0,0.0,0.0,0.0
0.0,0.0,,1.0,0.0,0.0,0.0,0.0
0.0,1.0,,1.0,0.0,0.0,0.0,0.0
0.0,0.0,,0.0,1.0,0.0,0.0,0.0
0.0,0.0,,1.0,0.0,0.0,0.0,0.0
0.0,0.0,,1.0,0.0,0.0,0.0,0.0
0.0,0.0,,1.0,0.0,0.0,0.0,0.0
0.0,0.0,,1.0,0.0,0.0,0.0,0.0
0.0,0.0,,1.0,0.0,0.0,0.0,0.0
0.0,0.0,,1.0,0.0,0.0,0.0,0.0
0.0,0.0,,1.0,0.0,0.0,0.0,0.0
0.0,0.0,,1.0,0.0,0.0,0.0,0.0
0.0,0.0,,1.0,0.0,0.0,0.0,0.0
0.0,0.0,,1.0,0.0,0.0,0.0,0.0
0.0,0.0,,1.0,0.0,0.0,0.0,0.0
1.0,1.0,,1.0,0.0,0.0,0.0,0.0
0.0,0.0,,0.0,1.0,0.0,0.0,0.0
0.0,0.0,,1.0,0.0,0.0,0.0,0.0
0.0,0.0,,1.0,0.0,0.0,0.0,0.0
0.0,0.0,,1.0,0.0,0.0,0.0,0.0
0.0,0.0,,1.0,0.0,0.0,0.0,0.0
0.0,0.0,,1.0,0.0,0.0,0.0,0.0
0.0,0.0,,1.0,0.0,0.0,0.0,0.0
0.0,0.0,,1.0,0.0,0.0,0.0,0.0
0.0,0.0,,1.0,0.0,0.0,0.0,0.0
0.0,0.0,,1.0,0.0,0.0,0.0,0.0
0.0,0.0,,1.0,0.0,0.0,0.0,0.0
0.0,0.0,,1.0,0.0,0.0,0.0,0.0
0.0,0.0,,1.0,0.0,0.0,0.0,0.0
0.0,0.0,,1.0,0.0,0.0,0.0,0.0
0.0,0.0,,1.0,0.0,0.0,0.0,0.0
0.0,0.0,,1.0,0.0,0.0,0.0,0.0
0.0,0.0,,1.0,0.0,0.0,0.0,0.0
0.0,0.0,,1.0,0.0,0.0,0.0,0.0
0.0,0.0,,1.0,0.0,0.0,0.0,0.0
0.0,0.0,,1.0,0.0,0.0,0.0,0.0
1.0,1.0,,1.0,0.0,0.0,0.0,0.0
0.0,0.0,,0.0,1.0,0.0,0.0,0.0
0.0,0.0,,1.0,0.0,0.0,0.0,0.0
0.0,0.0,,1.0,0.0,0.0,0.0,0.0
0.0,0.0,,1.0,0.0,0.0,0.0,0.0
0.0,0.0,,1.0,0.0,0.0,0.0,0.0
0.0,0.0,,1.0,0.0,0.0,0.0,0.0
0.0,0.0,,1.0,0.0,0.0,0.0,0.0
0.0,0.0,,1.0,0.0,0.0,0.0,0.0
0.0,0.0,,1.0,0.0,0.0,0.0,0.0
0.0,0.0,,1.0,0.0,0.0,0.0,0.0
1.0,3.0,,1.0,0.0,0.0,0.0,0.0
0.0,0.0,,0.0,0.0,0.0,1.0,0.0
0.0,0.0,,1.0,0.0,0.0,0.0,0.0
0.0,0.0,,1.0,0.0,0.0,0.0,0.0
0.0,0.0,,1.0,0.0,0.0,0.0,0.0
1.0,1.0,,1.0,0.0,0.0,0.0,0.0
0.0,0.0,,0.0,1.0,0.0,0.0,0.0
0.0,0.0,,1.0,0.0,0.0,0.0,0.0
0.0,0.0,,1.0,0.0,0.0,0.0,0.0
0.0,0.0,,1.0,0.0,0.0,0.0,0.0
0.0,0.0,,1.0,0.0,0.0,0.0,0.0
0.0,0.0,,1.0,0.0,0.0,0.0,0.0
0.0,0.0,,1.0,0.0,0.0,0.0,0.0
3.0,3.0,,1.0,0.0,0.0,0.0,0.0
0.0,0.0,,0.0,0.0,0.0,1.0,0.0
0.0,0.0,,1.0,0.0,0.0,0.0,0.0
0.0,0.0,,1.0,0.0,0.0,0.0,0.0
0.0,0.0,,1.0,0.0,0.0,0.0,0.0
0.0,0.0,,1.0,0.0,0.0,0.0,0.0
0.0,0.0,,1.0,0.0,0.0,0.0,0.0
0.0,0.0,,1.0,0.0,0.0,0.0,0.0
0.0,0.0,,1.0,0.0,0.0,0.0,0.0
0.0,0.0,,1.0,0.0,0.0,0.0,0.0
0.0,0.0,,1.0,0.0,0.0,0.0,0.0
0.0,0.0,,1.0,0.0,0.0,0.0,0.0
0.0,0.0,,1.0,0.0,0.0,0.0,0.0
0.0,0.0,,1.0,0.0,0.0,0.0,0.0
0.0,0.0,,1.0,0.0,0.0,0.0,0.0
4.0,4.0,,1.0,0.0,0.0,0.0,0.0
0.0,0.0,,0.0,0.0,0.0,0.0,1.0
0.0,0.0,,1.0,0.0,0.0,0.0,0.0
0.0,0.0,,1.0,0.0,0.0,0.0,0.0
0.0,0.0,,1.0,0.0,0.0,0.0,0.0
0.0,0.0,,1.0,0.0,0.0,0.0,0.0
0.0,0.0,,1.0,0.0,0.0,0.0,0.0
0.0,0.0,,1.0,0.0,0.0,0.0,0.0
0.0,0.0,,1.0,0.0,0.0,0.0,0.0
0.0,0.0,,1.0,0.0,0.0,0.0,0.0
0.0,0.0,,1.0,0.0,0.0,0.0,0.0
0.0,0.0,,1.0,0.0,0.0,0.0,0.0
0.0,0.0,,1.0,0.0,0.0,0.0,0.0
0.0,0.0,,1.0,0.0,0.0,0.0,0.0
0.0,0.0,,1.0,0.0,0.0,0.0,0.0
0.0,0.0,,1.0,0.0,0.0,0.0,0.0
0.0,0.0,,1.0,0.0,0.0,0.0,0.0
0.0,0.0,,1.0,0.0,0.0,0.0,0.0
0.0,0.0,,1.0,0.0,0.0,0.0,0.0
0.0,0.0,,1.0,0.0,0.0,0.0,0.0
2.0,2.0,,1.0,0.0,0.0,0.0,0.0
0.0,0.0,,0.0,0.0,1.0,0.0,0.0
0.0,0.0,,1.0,0.0,0.0,0.0,0.0
0.0,0.0,,1.0,0.0,0.0,0.0,0.0
0.0,0.0,,1.0,0.0,0.0,0.0,0.0
0.0,0.0,,1.0,0.0,0.0,0.0,0.0
0.0,0.0,,1.0,0.0,0.0,0.0,0.0
0.0,0.0,,1.0,0.0,0.0,0.0,0.0
0.0,0.0,,1.0,0.0,0.0,0.0,0.0
0.0,0.0,,1.0,0.0,0.0,0.0,0.0
0.0,0.0,,1.0,0.0,0.0,0.0,0.0
0.0,0.0,,1.0,0.0,0.0,0.0,0.0
0.0,0.0,,1.0,0.0,0.0,0.0,0.0
0.0,0.0,,1.0,0.0,0.0,0.0,0.0
0.0,0.0,,1.0,0.0,0.0,0.0,0.0
0.0,0.0,,1.0,0.0,0.0,0.0,0.0
0.0,0.0,,1.0,0.0,0.0,0.0,0.0
0.0,0.0,,1.0,0.0,0.0,0.0,0.0
1.0,1.0,,1.0,0.0,0.0,0.0,0.0
0.0,0.0,,0.0,1.0,0.0,0.0,0.0
0.0,0.0,,1.0,0.0,0.0,0.0,0.0
0.0,0.0,,1.0,0.0,0.0,0.0,0.0
0.0,0.0,,1.0,0.0,0.0,0.0,0.0
0.0,0.0,,1.0,0.0,0.0,0.0,0.0
0.0,0.0,,1.0,0.0,0.0,0.0,0.0
0.0,0.0,,1.0,0.0,0.0,0.0,0.0
0.0,0.0,,1.0,0.0,0.0,0.0,0.0
0.0,0.0,,1.0,0.0,0.0,0.0,0.0
0.0,0.0,,1.0,0.0,0.0,0.0,0.0
0.0,0.0,,1.0,0.0,0.0,0.0,0.0
0.0,0.0,,1.0,0.0,0.0,0.0,0.0
0.0,0.0,,1.0,0.0,0.0,0.0,0.0
0.0,0.0,,1.0,0.0,0.0,0.0,0.0
1.0,0.0,,1.0,0.0,0.0,0.0,0.0
0.0,0.0,,1.0,0.0,0.0,0.0,0.0
0.0,0.0,,1.0,0.0,0.0,0.0,0.0
0.0,0.0,,1.0,0.0,0.0,0.0,0.0
0.0,0.0,,1.0,0.0,0.0,0.0,0.0
0.0,4.0,,1.0,0.0,0.0,0.0,0.0
0.0,0.0,,0.0,0.0,0.0,0.0,1.0
0.0,0.0,,1.0,0.0,0.0,0.0,0.0
0.0,0.0,,1.0,0.0,0.0,0.0,0.0
0.0,0.0,,1.0,0.0,0.0,0.0,0.0
0.0,0.0,,1.0,0.0,0.0,0.0,0.0
0.0,0.0,,1.0,0.0,0.0,0.0,0.0
0.0,0.0,,1.0,0.0,0.0,0.0,0.0
0.0,0.0,,1.0,0.0,0.0,0.0,0.0
0.0,0.0,,1.0,0.0,0.0,0.0,0.0
0.0,0.0,,1.0,0.0,0.0,0.0,0.0
0.0,0.0,,1.0,0.0,0.0,0.0,0.0
0.0,3.0,,1.0,0.0,0.0,0.0,0.0
0.0,0.0,,0.0,0.0,0.0,1.0,0.0
4.0,4.0,,1.0,0.0,0.0,0.0,0.0
4.0,4.0,,0.0,0.0,0.0,0.0,1.0
0.0,0.0,,0.0,0.0,0.0,0.0,1.0
0.0,0.0,,1.0,0.0,0.0,0.0,0.0
0.0,0.0,,1.0,0.0,0.0,0.0,0.0
0.0,0.0,,1.0,0.0,0.0,0.0,0.0
0.0,0.0,,1.0,0.0,0.0,0.0,0.0
3.0,3.0,,1.0,0.0,0.0,0.0,0.0
0.0,0.0,,0.0,0.0,0.0,1.0,0.0
0.0,0.0,,1.0,0.0,0.0,0.0,0.0
0.0,0.0,,1.0,0.0,0.0,0.0,0.0
0.0,0.0,,1.0,0.0,0.0,0.0,0.0
0.0,0.0,,1.0,0.0,0.0,0.0,0.0
0.0,0.0,,1.0,0.0,0.0,0.0,0.0
0.0,0.0,,1.0,0.0,0.0,0.0,0.0
0.0,0.0,,1.0,0.0,0.0,0.0,0.0
1.0,1.0,,1.0,0.0,0.0,0.0,0.0
0.0,0.0,,0.0,1.0,0.0,0.0,0.0
0.0,0.0,,1.0,0.0,0.0,0.0,0.0
0.0,0.0,,1.0,0.0,0.0,0.0,0.0
0.0,0.0,,1.0,0.0,0.0,0.0,0.0
0.0,0.0,,1.0,0.0,0.0,0.0,0.0
0.0,4.0,,1.0,0.0,0.0,0.0,0.0
0.0,0.0,,0.0,0.0,0.0,0.0,1.0
0.0,0.0,,1.0,0.0,0.0,0.0,0.0
0.0,0.0,,1.0,0.0,0.0,0.0,0.0
0.0,0.0,,1.0,0.0,0.0,0.0,0.0
0.0,0.0,,1.0,0.0,0.0,0.0,0.0
0.0,0.0,,1.0,0.0,0.0,0.0,0.0
0.0,0.0,,1.0,0.0,0.0,0.0,0.0
4.0,4.0,,1.0,0.0,0.0,0.0,0.0
1.0,1.0,,0.0,0.0,0.0,0.0,1.0
0.0,0.0,,0.0,1.0,0.0,0.0,0.0
0.0,0.0,,1.0,0.0,0.0,0.0,0.0
4.0,4.0,,1.0,0.0,0.0,0.0,0.0
0.0,0.0,,0.0,0.0,0.0,0.0,1.0
0.0,0.0,,1.0,0.0,0.0,0.0,0.0
0.0,0.0,,1.0,0.0,0.0,0.0,0.0
0.0,0.0,,1.0,0.0,0.0,0.0,0.0
3.0,3.0,,1.0,0.0,0.0,0.0,0.0
0.0,0.0,,0.0,0.0,0.0,1.0,0.0
0.0,0.0,,1.0,0.0,0.0,0.0,0.0
0.0,0.0,,1.0,0.0,0.0,0.0,0.0
0.0,0.0,,1.0,0.0,0.0,0.0,0.0
4.0,4.0,,1.0,0.0,0.0,0.0,0.0
0.0,0.0,,0.0,0.0,0.0,0.0,1.0
0.0,0.0,,1.0,0.0,0.0,0.0,0.0
0.0,0.0,,1.0,0.0,0.0,0.0,0.0
0.0,0.0,,1.0,0.0,0.0,0.0,0.0
0.0,0.0,,1.0,0.0,0.0,0.0,0.0
0.0,0.0,,1.0,0.0,0.0,0.0,0.0
0.0,0.0,,1.0,0.0,0.0,0.0,0.0
0.0,0.0,,1.0,0.0,0.0,0.0,0.0
0.0,0.0,,1.0,0.0,0.0,0.0,0.0
0.0,0.0,,1.0,0.0,0.0,0.0,0.0
4.0,4.0,,1.0,0.0,0.0,0.0,0.0
0.0,0.0,,0.0,0.0,0.0,0.0,1.0
0.0,0.0,,1.0,0.0,0.0,0.0,0.0
0.0,0.0,,1.0,0.0,0.0,0.0,0.0
0.0,0.0,,1.0,0.0,0.0,0.0,0.0
0.0,0.0,,1.0,0.0,0.0,0.0,0.0
0.0,0.0,,1.0,0.0,0.0,0.0,0.0
0.0,0.0,,1.0,0.0,0.0,0.0,0.0
0.0,0.0,,1.0,0.0,0.0,0.0,0.0
0.0,0.0,,1.0,0.0,0.0,0.0,0.0
0.0,0.0,,1.0,0.0,0.0,0.0,0.0
0.0,0.0,,1.0,0.0,0.0,0.0,0.0
0.0,0.0,,1.0,0.0,0.0,0.0,0.0
0.0,0.0,,1.0,0.0,0.0,0.0,0.0
0.0,0.0,,1.0,0.0,0.0,0.0,0.0
0.0,0.0,,1.0,0.0,0.0,0.0,0.0
0.0,0.0,,1.0,0.0,0.0,0.0,0.0
0.0,0.0,,1.0,0.0,0.0,0.0,0.0
0.0,0.0,,1.0,0.0,0.0,0.0,0.0
0.0,0.0,,1.0,0.0,0.0,0.0,0.0
0.0,0.0,,1.0,0.0,0.0,0.0,0.0
0.0,0.0,,1.0,0.0,0.0,0.0,0.0
0.0,0.0,,1.0,0.0,0.0,0.0,0.0
0.0,0.0,,1.0,0.0,0.0,0.0,0.0
0.0,0.0,,1.0,0.0,0.0,0.0,0.0
0.0,0.0,,1.0,0.0,0.0,0.0,0.0
0.0,0.0,,1.0,0.0,0.0,0.0,0.0
0.0,0.0,,1.0,0.0,0.0,0.0,0.0
1.0,1.0,,1.0,0.0,0.0,0.0,0.0
0.0,0.0,,0.0,1.0,0.0,0.0,0.0
0.0,0.0,,1.0,0.0,0.0,0.0,0.0
0.0,0.0,,1.0,0.0,0.0,0.0,0.0
0.0,0.0,,1.0,0.0,0.0,0.0,0.0
0.0,0.0,,1.0,0.0,0.0,0.0,0.0
0.0,0.0,,1.0,0.0,0.0,0.0,0.0
0.0,0.0,,1.0,0.0,0.0,0.0,0.0
0.0,0.0,,1.0,0.0,0.0,0.0,0.0
4.0,4.0,,1.0,0.0,0.0,0.0,0.0
0.0,0.0,,0.0,0.0,0.0,0.0,1.0
0.0,0.0,,1.0,0.0,0.0,0.0,0.0
0.0,0.0,,1.0,0.0,0.0,0.0,0.0
0.0,0.0,,1.0,0.0,0.0,0.0,0.0
0.0,0.0,,1.0,0.0,0.0,0.0,0.0
0.0,0.0,,1.0,0.0,0.0,0.0,0.0
0.0,0.0,,1.0,0.0,0.0,0.0,0.0
0.0,0.0,,1.0,0.0,0.0,0.0,0.0
1.0,1.0,,1.0,0.0,0.0,0.0,0.0
0.0,0.0,,0.0,1.0,0.0,0.0,0.0
0.0,0.0,,1.0,0.0,0.0,0.0,0.0
0.0,0.0,,1.0,0.0,0.0,0.0,0.0
1.0,1.0,,1.0,0.0,0.0,0.0,0.0
0.0,0.0,,0.0,1.0,0.0,0.0,0.0
0.0,0.0,,1.0,0.0,0.0,0.0,0.0
0.0,0.0,,1.0,0.0,0.0,0.0,0.0
0.0,0.0,,1.0,0.0,0.0,0.0,0.0
0.0,0.0,,1.0,0.0,0.0,0.0,0.0
0.0,0.0,,1.0,0.0,0.0,0.0,0.0
0.0,0.0,,1.0,0.0,0.0,0.0,0.0
0.0,0.0,,1.0,0.0,0.0,0.0,0.0
0.0,0.0,,1.0,0.0,0.0,0.0,0.0
0.0,0.0,,1.0,0.0,0.0,0.0,0.0
0.0,0.0,,1.0,0.0,0.0,0.0,0.0
0.0,0.0,,1.0,0.0,0.0,0.0,0.0
0.0,0.0,,1.0,0.0,0.0,0.0,0.0
0.0,0.0,,1.0,0.0,0.0,0.0,0.0
0.0,0.0,,1.0,0.0,0.0,0.0,0.0
0.0,0.0,,1.0,0.0,0.0,0.0,0.0
0.0,0.0,,1.0,0.0,0.0,0.0,0.0
0.0,0.0,,1.0,0.0,0.0,0.0,0.0
0.0,0.0,,1.0,0.0,0.0,0.0,0.0
1.0,0.0,,1.0,0.0,0.0,0.0,0.0
0.0,0.0,,1.0,0.0,0.0,0.0,0.0
0.0,0.0,,1.0,0.0,0.0,0.0,0.0
0.0,0.0,,1.0,0.0,0.0,0.0,0.0
0.0,0.0,,1.0,0.0,0.0,0.0,0.0
0.0,0.0,,1.0,0.0,0.0,0.0,0.0
0.0,0.0,,1.0,0.0,0.0,0.0,0.0
0.0,0.0,,1.0,0.0,0.0,0.0,0.0
0.0,0.0,,1.0,0.0,0.0,0.0,0.0
0.0,0.0,,1.0,0.0,0.0,0.0,0.0
0.0,0.0,,1.0,0.0,0.0,0.0,0.0
0.0,0.0,,1.0,0.0,0.0,0.0,0.0
0.0,0.0,,1.0,0.0,0.0,0.0,0.0
0.0,0.0,,1.0,0.0,0.0,0.0,0.0
0.0,0.0,,1.0,0.0,0.0,0.0,0.0
0.0,0.0,,1.0,0.0,0.0,0.0,0.0
0.0,0.0,,1.0,0.0,0.0,0.0,0.0
0.0,0.0,,1.0,0.0,0.0,0.0,0.0
4.0,0.0,,1.0,0.0,0.0,0.0,0.0
0.0,0.0,,1.0,0.0,0.0,0.0,0.0
0.0,0.0,,1.0,0.0,0.0,0.0,0.0
0.0,0.0,,1.0,0.0,0.0,0.0,0.0
0.0,0.0,,1.0,0.0,0.0,0.0,0.0
0.0,0.0,,1.0,0.0,0.0,0.0,0.0
0.0,0.0,,1.0,0.0,0.0,0.0,0.0
0.0,0.0,,1.0,0.0,0.0,0.0,0.0
0.0,0.0,,1.0,0.0,0.0,0.0,0.0
0.0,0.0,,1.0,0.0,0.0,0.0,0.0
0.0,0.0,,1.0,0.0,0.0,0.0,0.0
0.0,0.0,,1.0,0.0,0.0,0.0,0.0
0.0,0.0,,1.0,0.0,0.0,0.0,0.0
0.0,0.0,,1.0,0.0,0.0,0.0,0.0
1.0,1.0,,1.0,0.0,0.0,0.0,0.0
0.0,0.0,,0.0,1.0,0.0,0.0,0.0
0.0,0.0,,1.0,0.0,0.0,0.0,0.0
0.0,0.0,,1.0,0.0,0.0,0.0,0.0
0.0,0.0,,1.0,0.0,0.0,0.0,0.0
4.0,4.0,,1.0,0.0,0.0,0.0,0.0
0.0,0.0,,0.0,0.0,0.0,0.0,1.0
0.0,0.0,,1.0,0.0,0.0,0.0,0.0
0.0,0.0,,1.0,0.0,0.0,0.0,0.0
0.0,0.0,,1.0,0.0,0.0,0.0,0.0
0.0,0.0,,1.0,0.0,0.0,0.0,0.0
0.0,0.0,,1.0,0.0,0.0,0.0,0.0
1.0,1.0,,1.0,0.0,0.0,0.0,0.0
0.0,0.0,,0.0,1.0,0.0,0.0,0.0
0.0,0.0,,1.0,0.0,0.0,0.0,0.0
0.0,0.0,,1.0,0.0,0.0,0.0,0.0
0.0,0.0,,1.0,0.0,0.0,0.0,0.0
0.0,0.0,,1.0,0.0,0.0,0.0,0.0
0.0,0.0,,1.0,0.0,0.0,0.0,0.0
0.0,0.0,,1.0,0.0,0.0,0.0,0.0
0.0,0.0,,1.0,0.0,0.0,0.0,0.0
0.0,0.0,,1.0,0.0,0.0,0.0,0.0
0.0,0.0,,1.0,0.0,0.0,0.0,0.0
0.0,0.0,,1.0,0.0,0.0,0.0,0.0
0.0,4.0,,1.0,0.0,0.0,0.0,0.0
0.0,0.0,,0.0,0.0,0.0,0.0,1.0
0.0,0.0,,1.0,0.0,0.0,0.0,0.0
4.0,4.0,,1.0,0.0,0.0,0.0,0.0
0.0,0.0,,0.0,0.0,0.0,0.0,1.0
1.0,1.0,,1.0,0.0,0.0,0.0,0.0
0.0,0.0,,0.0,1.0,0.0,0.0,0.0
0.0,0.0,,1.0,0.0,0.0,0.0,0.0
0.0,0.0,,1.0,0.0,0.0,0.0,0.0
0.0,0.0,,1.0,0.0,0.0,0.0,0.0
0.0,0.0,,1.0,0.0,0.0,0.0,0.0
0.0,0.0,,1.0,0.0,0.0,0.0,0.0
0.0,0.0,,1.0,0.0,0.0,0.0,0.0
0.0,0.0,,1.0,0.0,0.0,0.0,0.0
1.0,1.0,,1.0,0.0,0.0,0.0,0.0
0.0,0.0,,0.0,1.0,0.0,0.0,0.0
0.0,0.0,,1.0,0.0,0.0,0.0,0.0
4.0,4.0,,1.0,0.0,0.0,0.0,0.0
0.0,0.0,,0.0,0.0,0.0,0.0,1.0
0.0,0.0,,1.0,0.0,0.0,0.0,0.0
1.0,1.0,,1.0,0.0,0.0,0.0,0.0
0.0,0.0,,0.0,1.0,0.0,0.0,0.0
4.0,4.0,,1.0,0.0,0.0,0.0,0.0
0.0,0.0,,0.0,0.0,0.0,0.0,1.0
0.0,0.0,,1.0,0.0,0.0,0.0,0.0
0.0,0.0,,1.0,0.0,0.0,0.0,0.0
0.0,0.0,,1.0,0.0,0.0,0.0,0.0
0.0,0.0,,1.0,0.0,0.0,0.0,0.0
0.0,0.0,,1.0,0.0,0.0,0.0,0.0
0.0,0.0,,1.0,0.0,0.0,0.0,0.0
0.0,0.0,,1.0,0.0,0.0,0.0,0.0
0.0,0.0,,1.0,0.0,0.0,0.0,0.0
0.0,0.0,,1.0,0.0,0.0,0.0,0.0
0.0,0.0,,1.0,0.0,0.0,0.0,0.0
0.0,0.0,,1.0,0.0,0.0,0.0,0.0
0.0,0.0,,1.0,0.0,0.0,0.0,0.0
1.0,1.0,,1.0,0.0,0.0,0.0,0.0
3.0,3.0,,0.0,1.0,0.0,0.0,0.0
0.0,0.0,,0.0,0.0,0.0,1.0,0.0
0.0,0.0,,1.0,0.0,0.0,0.0,0.0
0.0,0.0,,1.0,0.0,0.0,0.0,0.0
0.0,0.0,,1.0,0.0,0.0,0.0,0.0
0.0,0.0,,1.0,0.0,0.0,0.0,0.0
0.0,3.0,,1.0,0.0,0.0,0.0,0.0
0.0,0.0,,0.0,0.0,0.0,1.0,0.0
0.0,0.0,,1.0,0.0,0.0,0.0,0.0
0.0,0.0,,1.0,0.0,0.0,0.0,0.0
0.0,0.0,,1.0,0.0,0.0,0.0,0.0
0.0,0.0,,1.0,0.0,0.0,0.0,0.0
0.0,0.0,,1.0,0.0,0.0,0.0,0.0
0.0,0.0,,1.0,0.0,0.0,0.0,0.0
0.0,0.0,,1.0,0.0,0.0,0.0,0.0
0.0,0.0,,1.0,0.0,0.0,0.0,0.0
0.0,0.0,,1.0,0.0,0.0,0.0,0.0
0.0,0.0,,1.0,0.0,0.0,0.0,0.0
0.0,0.0,,1.0,0.0,0.0,0.0,0.0
4.0,4.0,,1.0,0.0,0.0,0.0,0.0
0.0,0.0,,0.0,0.0,0.0,0.0,1.0
0.0,0.0,,1.0,0.0,0.0,0.0,0.0
0.0,0.0,,1.0,0.0,0.0,0.0,0.0
0.0,0.0,,1.0,0.0,0.0,0.0,0.0
0.0,0.0,,1.0,0.0,0.0,0.0,0.0
0.0,0.0,,1.0,0.0,0.0,0.0,0.0
0.0,0.0,,1.0,0.0,0.0,0.0,0.0
0.0,0.0,,1.0,0.0,0.0,0.0,0.0
0.0,0.0,,1.0,0.0,0.0,0.0,0.0
1.0,1.0,,1.0,0.0,0.0,0.0,0.0
0.0,0.0,,0.0,1.0,0.0,0.0,0.0
0.0,0.0,,1.0,0.0,0.0,0.0,0.0
0.0,0.0,,1.0,0.0,0.0,0.0,0.0
0.0,0.0,,1.0,0.0,0.0,0.0,0.0
0.0,0.0,,1.0,0.0,0.0,0.0,0.0
0.0,0.0,,1.0,0.0,0.0,0.0,0.0
0.0,0.0,,1.0,0.0,0.0,0.0,0.0
0.0,0.0,,1.0,0.0,0.0,0.0,0.0
1.0,1.0,,1.0,0.0,0.0,0.0,0.0
0.0,0.0,,0.0,1.0,0.0,0.0,0.0
0.0,0.0,,1.0,0.0,0.0,0.0,0.0
0.0,0.0,,1.0,0.0,0.0,0.0,0.0
0.0,0.0,,1.0,0.0,0.0,0.0,0.0
0.0,0.0,,1.0,0.0,0.0,0.0,0.0
0.0,0.0,,1.0,0.0,0.0,0.0,0.0
0.0,0.0,,1.0,0.0,0.0,0.0,0.0
0.0,0.0,,1.0,0.0,0.0,0.0,0.0
0.0,0.0,,1.0,0.0,0.0,0.0,0.0
0.0,0.0,,1.0,0.0,0.0,0.0,0.0
0.0,0.0,,1.0,0.0,0.0,0.0,0.0
4.0,4.0,,1.0,0.0,0.0,0.0,0.0
0.0,0.0,,0.0,0.0,0.0,0.0,1.0
0.0,0.0,,1.0,0.0,0.0,0.0,0.0
0.0,0.0,,1.0,0.0,0.0,0.0,0.0
0.0,0.0,,1.0,0.0,0.0,0.0,0.0
0.0,0.0,,1.0,0.0,0.0,0.0,0.0
0.0,0.0,,1.0,0.0,0.0,0.0,0.0
0.0,0.0,,1.0,0.0,0.0,0.0,0.0
0.0,0.0,,1.0,0.0,0.0,0.0,0.0
0.0,0.0,,1.0,0.0,0.0,0.0,0.0
0.0,0.0,,1.0,0.0,0.0,0.0,0.0
2.0,2.0,,1.0,0.0,0.0,0.0,0.0
0.0,0.0,,0.0,0.0,1.0,0.0,0.0
0.0,0.0,,1.0,0.0,0.0,0.0,0.0
0.0,0.0,,1.0,0.0,0.0,0.0,0.0
0.0,0.0,,1.0,0.0,0.0,0.0,0.0
0.0,0.0,,1.0,0.0,0.0,0.0,0.0
0.0,0.0,,1.0,0.0,0.0,0.0,0.0
4.0,4.0,,1.0,0.0,0.0,0.0,0.0
0.0,0.0,,0.0,0.0,0.0,0.0,1.0
0.0,0.0,,1.0,0.0,0.0,0.0,0.0
0.0,0.0,,1.0,0.0,0.0,0.0,0.0
0.0,0.0,,1.0,0.0,0.0,0.0,0.0
0.0,0.0,,1.0,0.0,0.0,0.0,0.0
0.0,0.0,,1.0,0.0,0.0,0.0,0.0
0.0,0.0,,1.0,0.0,0.0,0.0,0.0
0.0,0.0,,1.0,0.0,0.0,0.0,0.0
0.0,0.0,,1.0,0.0,0.0,0.0,0.0
0.0,0.0,,1.0,0.0,0.0,0.0,0.0
0.0,0.0,,1.0,0.0,0.0,0.0,0.0
0.0,0.0,,1.0,0.0,0.0,0.0,0.0
0.0,0.0,,1.0,0.0,0.0,0.0,0.0
0.0,0.0,,1.0,0.0,0.0,0.0,0.0
0.0,0.0,,1.0,0.0,0.0,0.0,0.0
3.0,3.0,,1.0,0.0,0.0,0.0,0.0
0.0,0.0,,0.0,0.0,0.0,1.0,0.0
0.0,0.0,,1.0,0.0,0.0,0.0,0.0
0.0,0.0,,1.0,0.0,0.0,0.0,0.0
1.0,1.0,,1.0,0.0,0.0,0.0,0.0
0.0,0.0,,0.0,1.0,0.0,0.0,0.0
0.0,0.0,,1.0,0.0,0.0,0.0,0.0
0.0,0.0,,1.0,0.0,0.0,0.0,0.0
0.0,0.0,,1.0,0.0,0.0,0.0,0.0
0.0,0.0,,1.0,0.0,0.0,0.0,0.0
1.0,0.0,,1.0,0.0,0.0,0.0,0.0
0.0,0.0,,1.0,0.0,0.0,0.0,0.0
4.0,0.0,,1.0,0.0,0.0,0.0,0.0
1.0,1.0,,1.0,0.0,0.0,0.0,0.0
0.0,0.0,,0.0,1.0,0.0,0.0,0.0
0.0,0.0,,1.0,0.0,0.0,0.0,0.0
0.0,0.0,,1.0,0.0,0.0,0.0,0.0
0.0,0.0,,1.0,0.0,0.0,0.0,0.0
0.0,0.0,,1.0,0.0,0.0,0.0,0.0
0.0,0.0,,1.0,0.0,0.0,0.0,0.0
0.0,0.0,,1.0,0.0,0.0,0.0,0.0
0.0,0.0,,1.0,0.0,0.0,0.0,0.0
0.0,0.0,,1.0,0.0,0.0,0.0,0.0
0.0,0.0,,1.0,0.0,0.0,0.0,0.0
0.0,0.0,,1.0,0.0,0.0,0.0,0.0
0.0,0.0,,1.0,0.0,0.0,0.0,0.0
0.0,0.0,,1.0,0.0,0.0,0.0,0.0
0.0,0.0,,1.0,0.0,0.0,0.0,0.0
0.0,0.0,,1.0,0.0,0.0,0.0,0.0
0.0,0.0,,1.0,0.0,0.0,0.0,0.0
0.0,0.0,,1.0,0.0,0.0,0.0,0.0
0.0,0.0,,1.0,0.0,0.0,0.0,0.0
0.0,1.0,,1.0,0.0,0.0,0.0,0.0
0.0,0.0,,0.0,1.0,0.0,0.0,0.0
0.0,0.0,,1.0,0.0,0.0,0.0,0.0
0.0,0.0,,1.0,0.0,0.0,0.0,0.0
0.0,0.0,,1.0,0.0,0.0,0.0,0.0
0.0,0.0,,1.0,0.0,0.0,0.0,0.0
0.0,0.0,,1.0,0.0,0.0,0.0,0.0
0.0,0.0,,1.0,0.0,0.0,0.0,0.0
0.0,0.0,,1.0,0.0,0.0,0.0,0.0
0.0,0.0,,1.0,0.0,0.0,0.0,0.0
0.0,0.0,,1.0,0.0,0.0,0.0,0.0
0.0,0.0,,1.0,0.0,0.0,0.0,0.0
0.0,0.0,,1.0,0.0,0.0,0.0,0.0
0.0,0.0,,1.0,0.0,0.0,0.0,0.0
0.0,0.0,,1.0,0.0,0.0,0.0,0.0
0.0,0.0,,1.0,0.0,0.0,0.0,0.0
0.0,0.0,,1.0,0.0,0.0,0.0,0.0
0.0,0.0,,1.0,0.0,0.0,0.0,0.0
0.0,0.0,,1.0,0.0,0.0,0.0,0.0
0.0,0.0,,1.0,0.0,0.0,0.0,0.0
0.0,0.0,,1.0,0.0,0.0,0.0,0.0
0.0,0.0,,1.0,0.0,0.0,0.0,0.0
0.0,0.0,,1.0,0.0,0.0,0.0,0.0
0.0,0.0,,1.0,0.0,0.0,0.0,0.0
0.0,0.0,,1.0,0.0,0.0,0.0,0.0
0.0,0.0,,1.0,0.0,0.0,0.0,0.0
0.0,0.0,,1.0,0.0,0.0,0.0,0.0
0.0,0.0,,1.0,0.0,0.0,0.0,0.0
0.0,0.0,,1.0,0.0,0.0,0.0,0.0
0.0,0.0,,1.0,0.0,0.0,0.0,0.0
0.0,0.0,,1.0,0.0,0.0,0.0,0.0
0.0,0.0,,1.0,0.0,0.0,0.0,0.0
0.0,0.0,,1.0,0.0,0.0,0.0,0.0
0.0,0.0,,1.0,0.0,0.0,0.0,0.0
0.0,0.0,,1.0,0.0,0.0,0.0,0.0
0.0,0.0,,1.0,0.0,0.0,0.0,0.0
0.0,0.0,,1.0,0.0,0.0,0.0,0.0
0.0,0.0,,1.0,0.0,0.0,0.0,0.0
0.0,0.0,,1.0,0.0,0.0,0.0,0.0
0.0,0.0,,1.0,0.0,0.0,0.0,0.0
0.0,0.0,,1.0,0.0,0.0,0.0,0.0
0.0,0.0,,1.0,0.0,0.0,0.0,0.0
0.0,0.0,,1.0,0.0,0.0,0.0,0.0
0.0,0.0,,1.0,0.0,0.0,0.0,0.0
0.0,0.0,,1.0,0.0,0.0,0.0,0.0
0.0,0.0,,1.0,0.0,0.0,0.0,0.0
0.0,0.0,,1.0,0.0,0.0,0.0,0.0
0.0,0.0,,1.0,0.0,0.0,0.0,0.0
0.0,0.0,,1.0,0.0,0.0,0.0,0.0
0.0,0.0,,1.0,0.0,0.0,0.0,0.0
0.0,0.0,,1.0,0.0,0.0,0.0,0.0
0.0,0.0,,1.0,0.0,0.0,0.0,0.0
0.0,0.0,,1.0,0.0,0.0,0.0,0.0
0.0,0.0,,1.0,0.0,0.0,0.0,0.0
0.0,0.0,,1.0,0.0,0.0,0.0,0.0
0.0,0.0,,1.0,0.0,0.0,0.0,0.0
4.0,4.0,,1.0,0.0,0.0,0.0,0.0
0.0,0.0,,0.0,0.0,0.0,0.0,1.0
0.0,0.0,,1.0,0.0,0.0,0.0,0.0
0.0,0.0,,1.0,0.0,0.0,0.0,0.0
0.0,0.0,,1.0,0.0,0.0,0.0,0.0
0.0,0.0,,1.0,0.0,0.0,0.0,0.0
0.0,0.0,,1.0,0.0,0.0,0.0,0.0
0.0,0.0,,1.0,0.0,0.0,0.0,0.0
0.0,0.0,,1.0,0.0,0.0,0.0,0.0
0.0,1.0,,1.0,0.0,0.0,0.0,0.0
0.0,0.0,,0.0,1.0,0.0,0.0,0.0
0.0,0.0,,1.0,0.0,0.0,0.0,0.0
0.0,0.0,,1.0,0.0,0.0,0.0,0.0
0.0,0.0,,1.0,0.0,0.0,0.0,0.0
0.0,0.0,,1.0,0.0,0.0,0.0,0.0
0.0,0.0,,1.0,0.0,0.0,0.0,0.0
0.0,0.0,,1.0,0.0,0.0,0.0,0.0
0.0,0.0,,1.0,0.0,0.0,0.0,0.0
0.0,0.0,,1.0,0.0,0.0,0.0,0.0
0.0,0.0,,1.0,0.0,0.0,0.0,0.0
0.0,0.0,,1.0,0.0,0.0,0.0,0.0
0.0,0.0,,1.0,0.0,0.0,0.0,0.0
1.0,1.0,,1.0,0.0,0.0,0.0,0.0
0.0,0.0,,0.0,1.0,0.0,0.0,0.0
0.0,0.0,,1.0,0.0,0.0,0.0,0.0
0.0,0.0,,1.0,0.0,0.0,0.0,0.0
4.0,4.0,,1.0,0.0,0.0,0.0,0.0
0.0,0.0,,0.0,0.0,0.0,0.0,1.0
0.0,0.0,,1.0,0.0,0.0,0.0,0.0
0.0,0.0,,1.0,0.0,0.0,0.0,0.0
0.0,0.0,,1.0,0.0,0.0,0.0,0.0
0.0,0.0,,1.0,0.0,0.0,0.0,0.0
0.0,0.0,,1.0,0.0,0.0,0.0,0.0
0.0,0.0,,1.0,0.0,0.0,0.0,0.0
0.0,0.0,,1.0,0.0,0.0,0.0,0.0
0.0,0.0,,1.0,0.0,0.0,0.0,0.0
0.0,0.0,,1.0,0.0,0.0,0.0,0.0
0.0,0.0,,1.0,0.0,0.0,0.0,0.0
0.0,0.0,,1.0,0.0,0.0,0.0,0.0
0.0,0.0,,1.0,0.0,0.0,0.0,0.0
1.0,1.0,,1.0,0.0,0.0,0.0,0.0
0.0,0.0,,0.0,1.0,0.0,0.0,0.0
0.0,0.0,,1.0,0.0,0.0,0.0,0.0
0.0,0.0,,1.0,0.0,0.0,0.0,0.0
0.0,0.0,,1.0,0.0,0.0,0.0,0.0
0.0,0.0,,1.0,0.0,0.0,0.0,0.0
0.0,0.0,,1.0,0.0,0.0,0.0,0.0
0.0,0.0,,1.0,0.0,0.0,0.0,0.0
0.0,0.0,,1.0,0.0,0.0,0.0,0.0
0.0,0.0,,1.0,0.0,0.0,0.0,0.0
0.0,0.0,,1.0,0.0,0.0,0.0,0.0
0.0,0.0,,1.0,0.0,0.0,0.0,0.0
0.0,0.0,,1.0,0.0,0.0,0.0,0.0
0.0,0.0,,1.0,0.0,0.0,0.0,0.0
0.0,0.0,,1.0,0.0,0.0,0.0,0.0
0.0,0.0,,1.0,0.0,0.0,0.0,0.0
0.0,0.0,,1.0,0.0,0.0,0.0,0.0
0.0,0.0,,1.0,0.0,0.0,0.0,0.0
0.0,0.0,,1.0,0.0,0.0,0.0,0.0
0.0,0.0,,1.0,0.0,0.0,0.0,0.0
0.0,0.0,,1.0,0.0,0.0,0.0,0.0
4.0,0.0,,1.0,0.0,0.0,0.0,0.0
0.0,0.0,,1.0,0.0,0.0,0.0,0.0
0.0,0.0,,1.0,0.0,0.0,0.0,0.0
0.0,0.0,,1.0,0.0,0.0,0.0,0.0
0.0,0.0,,1.0,0.0,0.0,0.0,0.0
0.0,3.0,,1.0,0.0,0.0,0.0,0.0
0.0,0.0,,0.0,0.0,0.0,1.0,0.0
0.0,0.0,,1.0,0.0,0.0,0.0,0.0
0.0,0.0,,1.0,0.0,0.0,0.0,0.0
0.0,0.0,,1.0,0.0,0.0,0.0,0.0
0.0,0.0,,1.0,0.0,0.0,0.0,0.0
0.0,0.0,,1.0,0.0,0.0,0.0,0.0
4.0,4.0,,1.0,0.0,0.0,0.0,0.0
0.0,0.0,,0.0,0.0,0.0,0.0,1.0
0.0,0.0,,1.0,0.0,0.0,0.0,0.0
0.0,0.0,,1.0,0.0,0.0,0.0,0.0
0.0,0.0,,1.0,0.0,0.0,0.0,0.0
0.0,0.0,,1.0,0.0,0.0,0.0,0.0
0.0,0.0,,1.0,0.0,0.0,0.0,0.0
0.0,0.0,,1.0,0.0,0.0,0.0,0.0
0.0,0.0,,1.0,0.0,0.0,0.0,0.0
4.0,0.0,,1.0,0.0,0.0,0.0,0.0
0.0,0.0,,1.0,0.0,0.0,0.0,0.0
0.0,0.0,,1.0,0.0,0.0,0.0,0.0
0.0,0.0,,1.0,0.0,0.0,0.0,0.0
0.0,0.0,,1.0,0.0,0.0,0.0,0.0
0.0,0.0,,1.0,0.0,0.0,0.0,0.0
0.0,0.0,,1.0,0.0,0.0,0.0,0.0
0.0,0.0,,1.0,0.0,0.0,0.0,0.0
0.0,0.0,,1.0,0.0,0.0,0.0,0.0
0.0,0.0,,1.0,0.0,0.0,0.0,0.0
0.0,0.0,,1.0,0.0,0.0,0.0,0.0
0.0,0.0,,1.0,0.0,0.0,0.0,0.0
1.0,1.0,,1.0,0.0,0.0,0.0,0.0
0.0,0.0,,0.0,1.0,0.0,0.0,0.0
0.0,0.0,,1.0,0.0,0.0,0.0,0.0
0.0,0.0,,1.0,0.0,0.0,0.0,0.0
0.0,0.0,,1.0,0.0,0.0,0.0,0.0
1.0,1.0,,1.0,0.0,0.0,0.0,0.0
0.0,0.0,,0.0,1.0,0.0,0.0,0.0
0.0,0.0,,1.0,0.0,0.0,0.0,0.0
0.0,0.0,,1.0,0.0,0.0,0.0,0.0
0.0,0.0,,1.0,0.0,0.0,0.0,0.0
0.0,0.0,,1.0,0.0,0.0,0.0,0.0
0.0,0.0,,1.0,0.0,0.0,0.0,0.0
0.0,0.0,,1.0,0.0,0.0,0.0,0.0
0.0,0.0,,1.0,0.0,0.0,0.0,0.0
0.0,0.0,,1.0,0.0,0.0,0.0,0.0
0.0,0.0,,1.0,0.0,0.0,0.0,0.0
0.0,0.0,,1.0,0.0,0.0,0.0,0.0
0.0,0.0,,1.0,0.0,0.0,0.0,0.0
0.0,0.0,,1.0,0.0,0.0,0.0,0.0
0.0,0.0,,1.0,0.0,0.0,0.0,0.0
0.0,0.0,,1.0,0.0,0.0,0.0,0.0
0.0,0.0,,1.0,0.0,0.0,0.0,0.0
0.0,0.0,,1.0,0.0,0.0,0.0,0.0
0.0,0.0,,1.0,0.0,0.0,0.0,0.0
1.0,1.0,,1.0,0.0,0.0,0.0,0.0
0.0,0.0,,0.0,1.0,0.0,0.0,0.0
0.0,0.0,,1.0,0.0,0.0,0.0,0.0
1.0,1.0,,1.0,0.0,0.0,0.0,0.0
0.0,0.0,,0.0,1.0,0.0,0.0,0.0
0.0,0.0,,1.0,0.0,0.0,0.0,0.0
0.0,0.0,,1.0,0.0,0.0,0.0,0.0
0.0,0.0,,1.0,0.0,0.0,0.0,0.0
0.0,0.0,,1.0,0.0,0.0,0.0,0.0
0.0,0.0,,1.0,0.0,0.0,0.0,0.0
0.0,0.0,,1.0,0.0,0.0,0.0,0.0
0.0,0.0,,1.0,0.0,0.0,0.0,0.0
1.0,1.0,,1.0,0.0,0.0,0.0,0.0
3.0,3.0,,0.0,1.0,0.0,0.0,0.0
1.0,1.0,,0.0,0.0,0.0,1.0,0.0
0.0,0.0,,0.0,1.0,0.0,0.0,0.0
0.0,0.0,,1.0,0.0,0.0,0.0,0.0
0.0,0.0,,1.0,0.0,0.0,0.0,0.0
0.0,0.0,,1.0,0.0,0.0,0.0,0.0
1.0,1.0,,1.0,0.0,0.0,0.0,0.0
0.0,0.0,,0.0,1.0,0.0,0.0,0.0
0.0,0.0,,1.0,0.0,0.0,0.0,0.0
0.0,0.0,,1.0,0.0,0.0,0.0,0.0
0.0,0.0,,1.0,0.0,0.0,0.0,0.0
0.0,0.0,,1.0,0.0,0.0,0.0,0.0
0.0,0.0,,1.0,0.0,0.0,0.0,0.0
0.0,0.0,,1.0,0.0,0.0,0.0,0.0
0.0,0.0,,1.0,0.0,0.0,0.0,0.0
0.0,0.0,,1.0,0.0,0.0,0.0,0.0
1.0,1.0,,1.0,0.0,0.0,0.0,0.0
0.0,0.0,,0.0,1.0,0.0,0.0,0.0
0.0,0.0,,1.0,0.0,0.0,0.0,0.0
0.0,0.0,,1.0,0.0,0.0,0.0,0.0
0.0,0.0,,1.0,0.0,0.0,0.0,0.0
0.0,0.0,,1.0,0.0,0.0,0.0,0.0
1.0,1.0,,1.0,0.0,0.0,0.0,0.0
0.0,0.0,,0.0,1.0,0.0,0.0,0.0
0.0,0.0,,1.0,0.0,0.0,0.0,0.0
0.0,0.0,,1.0,0.0,0.0,0.0,0.0
0.0,0.0,,1.0,0.0,0.0,0.0,0.0
0.0,0.0,,1.0,0.0,0.0,0.0,0.0
0.0,0.0,,1.0,0.0,0.0,0.0,0.0
0.0,0.0,,1.0,0.0,0.0,0.0,0.0
0.0,0.0,,1.0,0.0,0.0,0.0,0.0
0.0,0.0,,1.0,0.0,0.0,0.0,0.0
0.0,0.0,,1.0,0.0,0.0,0.0,0.0
0.0,0.0,,1.0,0.0,0.0,0.0,0.0
0.0,0.0,,1.0,0.0,0.0,0.0,0.0
0.0,0.0,,1.0,0.0,0.0,0.0,0.0
1.0,4.0,,1.0,0.0,0.0,0.0,0.0
0.0,0.0,,0.0,0.0,0.0,0.0,1.0
0.0,0.0,,1.0,0.0,0.0,0.0,0.0
0.0,0.0,,1.0,0.0,0.0,0.0,0.0
0.0,0.0,,1.0,0.0,0.0,0.0,0.0
0.0,0.0,,1.0,0.0,0.0,0.0,0.0
1.0,1.0,,1.0,0.0,0.0,0.0,0.0
0.0,0.0,,0.0,1.0,0.0,0.0,0.0
0.0,0.0,,1.0,0.0,0.0,0.0,0.0
0.0,0.0,,1.0,0.0,0.0,0.0,0.0
0.0,0.0,,1.0,0.0,0.0,0.0,0.0
0.0,0.0,,1.0,0.0,0.0,0.0,0.0
0.0,0.0,,1.0,0.0,0.0,0.0,0.0
0.0,0.0,,1.0,0.0,0.0,0.0,0.0
0.0,0.0,,1.0,0.0,0.0,0.0,0.0
0.0,0.0,,1.0,0.0,0.0,0.0,0.0
0.0,0.0,,1.0,0.0,0.0,0.0,0.0
0.0,0.0,,1.0,0.0,0.0,0.0,0.0
0.0,0.0,,1.0,0.0,0.0,0.0,0.0
0.0,0.0,,1.0,0.0,0.0,0.0,0.0
0.0,0.0,,1.0,0.0,0.0,0.0,0.0
0.0,0.0,,1.0,0.0,0.0,0.0,0.0
0.0,0.0,,1.0,0.0,0.0,0.0,0.0
0.0,0.0,,1.0,0.0,0.0,0.0,0.0
0.0,0.0,,1.0,0.0,0.0,0.0,0.0
0.0,0.0,,1.0,0.0,0.0,0.0,0.0
0.0,0.0,,1.0,0.0,0.0,0.0,0.0
0.0,0.0,,1.0,0.0,0.0,0.0,0.0
0.0,0.0,,1.0,0.0,0.0,0.0,0.0
2.0,2.0,,1.0,0.0,0.0,0.0,0.0
0.0,0.0,,0.0,0.0,1.0,0.0,0.0
0.0,0.0,,1.0,0.0,0.0,0.0,0.0
0.0,0.0,,1.0,0.0,0.0,0.0,0.0
0.0,0.0,,1.0,0.0,0.0,0.0,0.0
0.0,0.0,,1.0,0.0,0.0,0.0,0.0
0.0,0.0,,1.0,0.0,0.0,0.0,0.0
3.0,3.0,,1.0,0.0,0.0,0.0,0.0
0.0,0.0,,0.0,0.0,0.0,1.0,0.0
0.0,0.0,,1.0,0.0,0.0,0.0,0.0
0.0,0.0,,1.0,0.0,0.0,0.0,0.0
0.0,0.0,,1.0,0.0,0.0,0.0,0.0
0.0,0.0,,1.0,0.0,0.0,0.0,0.0
1.0,1.0,,1.0,0.0,0.0,0.0,0.0
0.0,0.0,,0.0,1.0,0.0,0.0,0.0
0.0,0.0,,1.0,0.0,0.0,0.0,0.0
0.0,0.0,,1.0,0.0,0.0,0.0,0.0
0.0,0.0,,1.0,0.0,0.0,0.0,0.0
0.0,0.0,,1.0,0.0,0.0,0.0,0.0
0.0,0.0,,1.0,0.0,0.0,0.0,0.0
0.0,0.0,,1.0,0.0,0.0,0.0,0.0
0.0,0.0,,1.0,0.0,0.0,0.0,0.0
0.0,0.0,,1.0,0.0,0.0,0.0,0.0
3.0,3.0,,1.0,0.0,0.0,0.0,0.0
0.0,0.0,,0.0,0.0,0.0,1.0,0.0
0.0,0.0,,1.0,0.0,0.0,0.0,0.0
0.0,0.0,,1.0,0.0,0.0,0.0,0.0
0.0,0.0,,1.0,0.0,0.0,0.0,0.0
0.0,0.0,,1.0,0.0,0.0,0.0,0.0
0.0,0.0,,1.0,0.0,0.0,0.0,0.0
0.0,0.0,,1.0,0.0,0.0,0.0,0.0
0.0,0.0,,1.0,0.0,0.0,0.0,0.0
0.0,0.0,,1.0,0.0,0.0,0.0,0.0
0.0,0.0,,1.0,0.0,0.0,0.0,0.0
0.0,0.0,,1.0,0.0,0.0,0.0,0.0
0.0,0.0,,1.0,0.0,0.0,0.0,0.0
0.0,0.0,,1.0,0.0,0.0,0.0,0.0
0.0,0.0,,1.0,0.0,0.0,0.0,0.0
0.0,0.0,,1.0,0.0,0.0,0.0,0.0
0.0,0.0,,1.0,0.0,0.0,0.0,0.0
0.0,0.0,,1.0,0.0,0.0,0.0,0.0
0.0,0.0,,1.0,0.0,0.0,0.0,0.0
0.0,0.0,,1.0,0.0,0.0,0.0,0.0
0.0,0.0,,1.0,0.0,0.0,0.0,0.0
0.0,0.0,,1.0,0.0,0.0,0.0,0.0
0.0,0.0,,1.0,0.0,0.0,0.0,0.0
0.0,0.0,,1.0,0.0,0.0,0.0,0.0
0.0,0.0,,1.0,0.0,0.0,0.0,0.0
0.0,0.0,,1.0,0.0,0.0,0.0,0.0
0.0,0.0,,1.0,0.0,0.0,0.0,0.0
0.0,0.0,,1.0,0.0,0.0,0.0,0.0
4.0,0.0,,1.0,0.0,0.0,0.0,0.0
0.0,0.0,,1.0,0.0,0.0,0.0,0.0
0.0,0.0,,1.0,0.0,0.0,0.0,0.0
0.0,0.0,,1.0,0.0,0.0,0.0,0.0
0.0,0.0,,1.0,0.0,0.0,0.0,0.0
0.0,0.0,,1.0,0.0,0.0,0.0,0.0
3.0,3.0,,1.0,0.0,0.0,0.0,0.0
0.0,0.0,,0.0,0.0,0.0,1.0,0.0
0.0,0.0,,1.0,0.0,0.0,0.0,0.0
0.0,0.0,,1.0,0.0,0.0,0.0,0.0
0.0,0.0,,1.0,0.0,0.0,0.0,0.0
0.0,0.0,,1.0,0.0,0.0,0.0,0.0
0.0,0.0,,1.0,0.0,0.0,0.0,0.0
0.0,0.0,,1.0,0.0,0.0,0.0,0.0
0.0,0.0,,1.0,0.0,0.0,0.0,0.0
1.0,3.0,,1.0,0.0,0.0,0.0,0.0
0.0,0.0,,0.0,0.0,0.0,1.0,0.0
1.0,0.0,,1.0,0.0,0.0,0.0,0.0
1.0,1.0,,1.0,0.0,0.0,0.0,0.0
0.0,0.0,,0.0,1.0,0.0,0.0,0.0
0.0,0.0,,1.0,0.0,0.0,0.0,0.0
0.0,0.0,,1.0,0.0,0.0,0.0,0.0
0.0,0.0,,1.0,0.0,0.0,0.0,0.0
0.0,0.0,,1.0,0.0,0.0,0.0,0.0
1.0,1.0,,1.0,0.0,0.0,0.0,0.0
0.0,0.0,,0.0,1.0,0.0,0.0,0.0
1.0,1.0,,1.0,0.0,0.0,0.0,0.0
0.0,0.0,,0.0,1.0,0.0,0.0,0.0
0.0,0.0,,1.0,0.0,0.0,0.0,0.0
0.0,0.0,,1.0,0.0,0.0,0.0,0.0
0.0,0.0,,1.0,0.0,0.0,0.0,0.0
0.0,0.0,,1.0,0.0,0.0,0.0,0.0
3.0,3.0,,1.0,0.0,0.0,0.0,0.0
0.0,0.0,,0.0,0.0,0.0,1.0,0.0
1.0,0.0,,1.0,0.0,0.0,0.0,0.0
0.0,0.0,,1.0,0.0,0.0,0.0,0.0
0.0,0.0,,1.0,0.0,0.0,0.0,0.0
0.0,0.0,,1.0,0.0,0.0,0.0,0.0
0.0,0.0,,1.0,0.0,0.0,0.0,0.0
0.0,0.0,,1.0,0.0,0.0,0.0,0.0
0.0,0.0,,1.0,0.0,0.0,0.0,0.0
0.0,0.0,,1.0,0.0,0.0,0.0,0.0
0.0,0.0,,1.0,0.0,0.0,0.0,0.0
1.0,1.0,,1.0,0.0,0.0,0.0,0.0
0.0,0.0,,0.0,1.0,0.0,0.0,0.0
0.0,0.0,,1.0,0.0,0.0,0.0,0.0
0.0,0.0,,1.0,0.0,0.0,0.0,0.0
0.0,0.0,,1.0,0.0,0.0,0.0,0.0
0.0,0.0,,1.0,0.0,0.0,0.0,0.0
1.0,1.0,,1.0,0.0,0.0,0.0,0.0
0.0,0.0,,0.0,1.0,0.0,0.0,0.0
0.0,0.0,,1.0,0.0,0.0,0.0,0.0
0.0,0.0,,1.0,0.0,0.0,0.0,0.0
0.0,0.0,,1.0,0.0,0.0,0.0,0.0
0.0,0.0,,1.0,0.0,0.0,0.0,0.0
0.0,0.0,,1.0,0.0,0.0,0.0,0.0
0.0,0.0,,1.0,0.0,0.0,0.0,0.0
0.0,0.0,,1.0,0.0,0.0,0.0,0.0
0.0,0.0,,1.0,0.0,0.0,0.0,0.0
0.0,0.0,,1.0,0.0,0.0,0.0,0.0
1.0,0.0,,1.0,0.0,0.0,0.0,0.0
0.0,0.0,,1.0,0.0,0.0,0.0,0.0
0.0,0.0,,1.0,0.0,0.0,0.0,0.0
0.0,0.0,,1.0,0.0,0.0,0.0,0.0
0.0,0.0,,1.0,0.0,0.0,0.0,0.0
0.0,0.0,,1.0,0.0,0.0,0.0,0.0
0.0,0.0,,1.0,0.0,0.0,0.0,0.0
0.0,0.0,,1.0,0.0,0.0,0.0,0.0
0.0,0.0,,1.0,0.0,0.0,0.0,0.0
1.0,1.0,,1.0,0.0,0.0,0.0,0.0
0.0,0.0,,0.0,1.0,0.0,0.0,0.0
0.0,0.0,,1.0,0.0,0.0,0.0,0.0
0.0,0.0,,1.0,0.0,0.0,0.0,0.0
0.0,0.0,,1.0,0.0,0.0,0.0,0.0
0.0,0.0,,1.0,0.0,0.0,0.0,0.0
0.0,0.0,,1.0,0.0,0.0,0.0,0.0
1.0,1.0,,1.0,0.0,0.0,0.0,0.0
0.0,0.0,,0.0,1.0,0.0,0.0,0.0
0.0,0.0,,1.0,0.0,0.0,0.0,0.0
0.0,0.0,,1.0,0.0,0.0,0.0,0.0
0.0,0.0,,1.0,0.0,0.0,0.0,0.0
0.0,0.0,,1.0,0.0,0.0,0.0,0.0
0.0,0.0,,1.0,0.0,0.0,0.0,0.0
4.0,0.0,,1.0,0.0,0.0,0.0,0.0
0.0,0.0,,1.0,0.0,0.0,0.0,0.0
0.0,0.0,,1.0,0.0,0.0,0.0,0.0
0.0,0.0,,1.0,0.0,0.0,0.0,0.0
0.0,4.0,,1.0,0.0,0.0,0.0,0.0
0.0,0.0,,0.0,0.0,0.0,0.0,1.0
4.0,4.0,,1.0,0.0,0.0,0.0,0.0
0.0,0.0,,0.0,0.0,0.0,0.0,1.0
0.0,0.0,,1.0,0.0,0.0,0.0,0.0
0.0,0.0,,1.0,0.0,0.0,0.0,0.0
0.0,0.0,,1.0,0.0,0.0,0.0,0.0
1.0,1.0,,1.0,0.0,0.0,0.0,0.0
0.0,0.0,,0.0,1.0,0.0,0.0,0.0
0.0,0.0,,1.0,0.0,0.0,0.0,0.0
0.0,0.0,,1.0,0.0,0.0,0.0,0.0
0.0,0.0,,1.0,0.0,0.0,0.0,0.0
0.0,0.0,,1.0,0.0,0.0,0.0,0.0
0.0,0.0,,1.0,0.0,0.0,0.0,0.0
0.0,0.0,,1.0,0.0,0.0,0.0,0.0
0.0,0.0,,1.0,0.0,0.0,0.0,0.0
0.0,0.0,,1.0,0.0,0.0,0.0,0.0
0.0,0.0,,1.0,0.0,0.0,0.0,0.0
0.0,0.0,,1.0,0.0,0.0,0.0,0.0
0.0,0.0,,1.0,0.0,0.0,0.0,0.0
0.0,0.0,,1.0,0.0,0.0,0.0,0.0
0.0,0.0,,1.0,0.0,0.0,0.0,0.0
0.0,0.0,,1.0,0.0,0.0,0.0,0.0
0.0,0.0,,1.0,0.0,0.0,0.0,0.0
0.0,0.0,,1.0,0.0,0.0,0.0,0.0
0.0,0.0,,1.0,0.0,0.0,0.0,0.0
0.0,0.0,,1.0,0.0,0.0,0.0,0.0
0.0,0.0,,1.0,0.0,0.0,0.0,0.0
0.0,0.0,,1.0,0.0,0.0,0.0,0.0
0.0,0.0,,1.0,0.0,0.0,0.0,0.0
0.0,0.0,,1.0,0.0,0.0,0.0,0.0
1.0,1.0,,1.0,0.0,0.0,0.0,0.0
0.0,0.0,,0.0,1.0,0.0,0.0,0.0
0.0,0.0,,1.0,0.0,0.0,0.0,0.0
0.0,0.0,,1.0,0.0,0.0,0.0,0.0
0.0,0.0,,1.0,0.0,0.0,0.0,0.0
0.0,0.0,,1.0,0.0,0.0,0.0,0.0
1.0,1.0,,1.0,0.0,0.0,0.0,0.0
0.0,0.0,,0.0,1.0,0.0,0.0,0.0
0.0,0.0,,1.0,0.0,0.0,0.0,0.0
0.0,0.0,,1.0,0.0,0.0,0.0,0.0
0.0,0.0,,1.0,0.0,0.0,0.0,0.0
0.0,0.0,,1.0,0.0,0.0,0.0,0.0
0.0,0.0,,1.0,0.0,0.0,0.0,0.0
0.0,0.0,,1.0,0.0,0.0,0.0,0.0
0.0,0.0,,1.0,0.0,0.0,0.0,0.0
0.0,0.0,,1.0,0.0,0.0,0.0,0.0
4.0,0.0,,1.0,0.0,0.0,0.0,0.0
0.0,0.0,,1.0,0.0,0.0,0.0,0.0
0.0,0.0,,1.0,0.0,0.0,0.0,0.0
0.0,0.0,,1.0,0.0,0.0,0.0,0.0
0.0,1.0,,1.0,0.0,0.0,0.0,0.0
0.0,0.0,,0.0,1.0,0.0,0.0,0.0
0.0,0.0,,1.0,0.0,0.0,0.0,0.0
0.0,0.0,,1.0,0.0,0.0,0.0,0.0
0.0,0.0,,1.0,0.0,0.0,0.0,0.0
0.0,0.0,,1.0,0.0,0.0,0.0,0.0
0.0,0.0,,1.0,0.0,0.0,0.0,0.0
0.0,0.0,,1.0,0.0,0.0,0.0,0.0
0.0,0.0,,1.0,0.0,0.0,0.0,0.0
0.0,0.0,,1.0,0.0,0.0,0.0,0.0
0.0,0.0,,1.0,0.0,0.0,0.0,0.0
0.0,0.0,,1.0,0.0,0.0,0.0,0.0
0.0,0.0,,1.0,0.0,0.0,0.0,0.0
0.0,0.0,,1.0,0.0,0.0,0.0,0.0
0.0,0.0,,1.0,0.0,0.0,0.0,0.0
0.0,0.0,,1.0,0.0,0.0,0.0,0.0
0.0,0.0,,1.0,0.0,0.0,0.0,0.0
0.0,0.0,,1.0,0.0,0.0,0.0,0.0
0.0,0.0,,1.0,0.0,0.0,0.0,0.0
0.0,0.0,,1.0,0.0,0.0,0.0,0.0
0.0,0.0,,1.0,0.0,0.0,0.0,0.0
0.0,0.0,,1.0,0.0,0.0,0.0,0.0
0.0,0.0,,1.0,0.0,0.0,0.0,0.0
0.0,0.0,,1.0,0.0,0.0,0.0,0.0
0.0,0.0,,1.0,0.0,0.0,0.0,0.0
0.0,0.0,,1.0,0.0,0.0,0.0,0.0
0.0,0.0,,1.0,0.0,0.0,0.0,0.0
0.0,0.0,,1.0,0.0,0.0,0.0,0.0
0.0,0.0,,1.0,0.0,0.0,0.0,0.0
0.0,0.0,,1.0,0.0,0.0,0.0,0.0
4.0,4.0,,1.0,0.0,0.0,0.0,0.0
0.0,0.0,,0.0,0.0,0.0,0.0,1.0
0.0,0.0,,1.0,0.0,0.0,0.0,0.0
0.0,0.0,,1.0,0.0,0.0,0.0,0.0
1.0,1.0,,1.0,0.0,0.0,0.0,0.0
0.0,0.0,,0.0,1.0,0.0,0.0,0.0
0.0,0.0,,1.0,0.0,0.0,0.0,0.0
0.0,0.0,,1.0,0.0,0.0,0.0,0.0
0.0,0.0,,1.0,0.0,0.0,0.0,0.0
0.0,0.0,,1.0,0.0,0.0,0.0,0.0
0.0,0.0,,1.0,0.0,0.0,0.0,0.0
0.0,0.0,,1.0,0.0,0.0,0.0,0.0
0.0,0.0,,1.0,0.0,0.0,0.0,0.0
0.0,0.0,,1.0,0.0,0.0,0.0,0.0
0.0,0.0,,1.0,0.0,0.0,0.0,0.0
0.0,4.0,,1.0,0.0,0.0,0.0,0.0
0.0,0.0,,0.0,0.0,0.0,0.0,1.0
0.0,0.0,,1.0,0.0,0.0,0.0,0.0
0.0,0.0,,1.0,0.0,0.0,0.0,0.0
4.0,4.0,,1.0,0.0,0.0,0.0,0.0
0.0,0.0,,0.0,0.0,0.0,0.0,1.0
0.0,0.0,,1.0,0.0,0.0,0.0,0.0
0.0,0.0,,1.0,0.0,0.0,0.0,0.0
0.0,0.0,,1.0,0.0,0.0,0.0,0.0
0.0,0.0,,1.0,0.0,0.0,0.0,0.0
0.0,0.0,,1.0,0.0,0.0,0.0,0.0
0.0,0.0,,1.0,0.0,0.0,0.0,0.0
4.0,1.0,,1.0,0.0,0.0,0.0,0.0
0.0,0.0,,0.0,1.0,0.0,0.0,0.0
0.0,4.0,,1.0,0.0,0.0,0.0,0.0
0.0,0.0,,0.0,0.0,0.0,0.0,1.0
0.0,0.0,,1.0,0.0,0.0,0.0,0.0
0.0,0.0,,1.0,0.0,0.0,0.0,0.0
0.0,0.0,,1.0,0.0,0.0,0.0,0.0
0.0,0.0,,1.0,0.0,0.0,0.0,0.0
1.0,1.0,,1.0,0.0,0.0,0.0,0.0
1.0,1.0,,0.0,1.0,0.0,0.0,0.0
0.0,0.0,,0.0,1.0,0.0,0.0,0.0
0.0,0.0,,1.0,0.0,0.0,0.0,0.0
0.0,0.0,,1.0,0.0,0.0,0.0,0.0
0.0,0.0,,1.0,0.0,0.0,0.0,0.0
0.0,0.0,,1.0,0.0,0.0,0.0,0.0
0.0,1.0,,1.0,0.0,0.0,0.0,0.0
0.0,4.0,,0.0,1.0,0.0,0.0,0.0
0.0,0.0,,0.0,0.0,0.0,0.0,1.0
0.0,0.0,,1.0,0.0,0.0,0.0,0.0
0.0,0.0,,1.0,0.0,0.0,0.0,0.0
0.0,0.0,,1.0,0.0,0.0,0.0,0.0
0.0,0.0,,1.0,0.0,0.0,0.0,0.0
0.0,0.0,,1.0,0.0,0.0,0.0,0.0
0.0,0.0,,1.0,0.0,0.0,0.0,0.0
0.0,0.0,,1.0,0.0,0.0,0.0,0.0
0.0,0.0,,1.0,0.0,0.0,0.0,0.0
0.0,0.0,,1.0,0.0,0.0,0.0,0.0
0.0,0.0,,1.0,0.0,0.0,0.0,0.0
0.0,0.0,,1.0,0.0,0.0,0.0,0.0
0.0,0.0,,1.0,0.0,0.0,0.0,0.0
0.0,0.0,,1.0,0.0,0.0,0.0,0.0
0.0,0.0,,1.0,0.0,0.0,0.0,0.0
0.0,0.0,,1.0,0.0,0.0,0.0,0.0
1.0,1.0,,1.0,0.0,0.0,0.0,0.0
0.0,0.0,,0.0,1.0,0.0,0.0,0.0
0.0,0.0,,1.0,0.0,0.0,0.0,0.0
0.0,0.0,,1.0,0.0,0.0,0.0,0.0
2.0,2.0,,1.0,0.0,0.0,0.0,0.0
0.0,0.0,,0.0,0.0,1.0,0.0,0.0
0.0,0.0,,1.0,0.0,0.0,0.0,0.0
3.0,0.0,,1.0,0.0,0.0,0.0,0.0
0.0,0.0,,1.0,0.0,0.0,0.0,0.0
0.0,0.0,,1.0,0.0,0.0,0.0,0.0
0.0,4.0,,1.0,0.0,0.0,0.0,0.0
0.0,0.0,,0.0,0.0,0.0,0.0,1.0
3.0,3.0,,1.0,0.0,0.0,0.0,0.0
0.0,0.0,,0.0,0.0,0.0,1.0,0.0
1.0,1.0,,1.0,0.0,0.0,0.0,0.0
0.0,0.0,,0.0,1.0,0.0,0.0,0.0
0.0,0.0,,1.0,0.0,0.0,0.0,0.0
0.0,0.0,,1.0,0.0,0.0,0.0,0.0
0.0,0.0,,1.0,0.0,0.0,0.0,0.0
4.0,0.0,,1.0,0.0,0.0,0.0,0.0
0.0,0.0,,1.0,0.0,0.0,0.0,0.0
0.0,0.0,,1.0,0.0,0.0,0.0,0.0
0.0,0.0,,1.0,0.0,0.0,0.0,0.0
3.0,3.0,,1.0,0.0,0.0,0.0,0.0
3.0,3.0,,0.0,0.0,0.0,1.0,0.0
0.0,0.0,,0.0,0.0,0.0,1.0,0.0
0.0,0.0,,1.0,0.0,0.0,0.0,0.0
0.0,0.0,,1.0,0.0,0.0,0.0,0.0
0.0,0.0,,1.0,0.0,0.0,0.0,0.0
0.0,0.0,,1.0,0.0,0.0,0.0,0.0
0.0,0.0,,1.0,0.0,0.0,0.0,0.0
3.0,3.0,,1.0,0.0,0.0,0.0,0.0
0.0,0.0,,0.0,0.0,0.0,1.0,0.0
0.0,0.0,,1.0,0.0,0.0,0.0,0.0
0.0,0.0,,1.0,0.0,0.0,0.0,0.0
0.0,0.0,,1.0,0.0,0.0,0.0,0.0
0.0,0.0,,1.0,0.0,0.0,0.0,0.0
0.0,0.0,,1.0,0.0,0.0,0.0,0.0
0.0,0.0,,1.0,0.0,0.0,0.0,0.0
0.0,0.0,,1.0,0.0,0.0,0.0,0.0
0.0,0.0,,1.0,0.0,0.0,0.0,0.0
0.0,0.0,,1.0,0.0,0.0,0.0,0.0
0.0,0.0,,1.0,0.0,0.0,0.0,0.0
0.0,0.0,,1.0,0.0,0.0,0.0,0.0
0.0,0.0,,1.0,0.0,0.0,0.0,0.0
0.0,0.0,,1.0,0.0,0.0,0.0,0.0
0.0,0.0,,1.0,0.0,0.0,0.0,0.0
0.0,0.0,,1.0,0.0,0.0,0.0,0.0
3.0,3.0,,1.0,0.0,0.0,0.0,0.0
0.0,0.0,,0.0,0.0,0.0,1.0,0.0
0.0,0.0,,1.0,0.0,0.0,0.0,0.0
0.0,0.0,,1.0,0.0,0.0,0.0,0.0
0.0,0.0,,1.0,0.0,0.0,0.0,0.0
0.0,0.0,,1.0,0.0,0.0,0.0,0.0
0.0,0.0,,1.0,0.0,0.0,0.0,0.0
1.0,1.0,,1.0,0.0,0.0,0.0,0.0
0.0,0.0,,0.0,1.0,0.0,0.0,0.0
0.0,0.0,,1.0,0.0,0.0,0.0,0.0
0.0,0.0,,1.0,0.0,0.0,0.0,0.0
0.0,0.0,,1.0,0.0,0.0,0.0,0.0
1.0,1.0,,1.0,0.0,0.0,0.0,0.0
0.0,0.0,,0.0,1.0,0.0,0.0,0.0
0.0,0.0,,1.0,0.0,0.0,0.0,0.0
0.0,0.0,,1.0,0.0,0.0,0.0,0.0
0.0,0.0,,1.0,0.0,0.0,0.0,0.0
3.0,4.0,,1.0,0.0,0.0,0.0,0.0
0.0,0.0,,0.0,0.0,0.0,0.0,1.0
0.0,0.0,,1.0,0.0,0.0,0.0,0.0
0.0,4.0,,1.0,0.0,0.0,0.0,0.0
0.0,0.0,,0.0,0.0,0.0,0.0,1.0
0.0,0.0,,1.0,0.0,0.0,0.0,0.0
0.0,0.0,,1.0,0.0,0.0,0.0,0.0
0.0,0.0,,1.0,0.0,0.0,0.0,0.0
0.0,0.0,,1.0,0.0,0.0,0.0,0.0
0.0,0.0,,1.0,0.0,0.0,0.0,0.0
0.0,0.0,,1.0,0.0,0.0,0.0,0.0
0.0,0.0,,1.0,0.0,0.0,0.0,0.0
0.0,0.0,,1.0,0.0,0.0,0.0,0.0
0.0,0.0,,1.0,0.0,0.0,0.0,0.0
0.0,0.0,,1.0,0.0,0.0,0.0,0.0
0.0,0.0,,1.0,0.0,0.0,0.0,0.0
0.0,0.0,,1.0,0.0,0.0,0.0,0.0
0.0,0.0,,1.0,0.0,0.0,0.0,0.0
0.0,0.0,,1.0,0.0,0.0,0.0,0.0
0.0,0.0,,1.0,0.0,0.0,0.0,0.0
0.0,0.0,,1.0,0.0,0.0,0.0,0.0
0.0,0.0,,1.0,0.0,0.0,0.0,0.0
0.0,0.0,,1.0,0.0,0.0,0.0,0.0
0.0,0.0,,1.0,0.0,0.0,0.0,0.0
0.0,0.0,,1.0,0.0,0.0,0.0,0.0
0.0,0.0,,1.0,0.0,0.0,0.0,0.0
0.0,0.0,,1.0,0.0,0.0,0.0,0.0
0.0,0.0,,1.0,0.0,0.0,0.0,0.0
0.0,0.0,,1.0,0.0,0.0,0.0,0.0
0.0,0.0,,1.0,0.0,0.0,0.0,0.0
1.0,1.0,,1.0,0.0,0.0,0.0,0.0
1.0,1.0,,0.0,1.0,0.0,0.0,0.0
0.0,0.0,,0.0,1.0,0.0,0.0,0.0
0.0,0.0,,1.0,0.0,0.0,0.0,0.0
0.0,0.0,,1.0,0.0,0.0,0.0,0.0
0.0,0.0,,1.0,0.0,0.0,0.0,0.0
0.0,0.0,,1.0,0.0,0.0,0.0,0.0
0.0,0.0,,1.0,0.0,0.0,0.0,0.0
0.0,0.0,,1.0,0.0,0.0,0.0,0.0
2.0,2.0,,1.0,0.0,0.0,0.0,0.0
3.0,3.0,,0.0,0.0,1.0,0.0,0.0
0.0,0.0,,0.0,0.0,0.0,1.0,0.0
0.0,0.0,,1.0,0.0,0.0,0.0,0.0
0.0,0.0,,1.0,0.0,0.0,0.0,0.0
0.0,0.0,,1.0,0.0,0.0,0.0,0.0
1.0,1.0,,1.0,0.0,0.0,0.0,0.0
0.0,0.0,,0.0,1.0,0.0,0.0,0.0
0.0,0.0,,1.0,0.0,0.0,0.0,0.0
0.0,0.0,,1.0,0.0,0.0,0.0,0.0
0.0,0.0,,1.0,0.0,0.0,0.0,0.0
0.0,0.0,,1.0,0.0,0.0,0.0,0.0
0.0,0.0,,1.0,0.0,0.0,0.0,0.0
0.0,0.0,,1.0,0.0,0.0,0.0,0.0
0.0,0.0,,1.0,0.0,0.0,0.0,0.0
0.0,0.0,,1.0,0.0,0.0,0.0,0.0
0.0,0.0,,1.0,0.0,0.0,0.0,0.0
0.0,0.0,,1.0,0.0,0.0,0.0,0.0
1.0,1.0,,1.0,0.0,0.0,0.0,0.0
0.0,0.0,,0.0,1.0,0.0,0.0,0.0
0.0,0.0,,1.0,0.0,0.0,0.0,0.0
0.0,0.0,,1.0,0.0,0.0,0.0,0.0
0.0,0.0,,1.0,0.0,0.0,0.0,0.0
0.0,0.0,,1.0,0.0,0.0,0.0,0.0
0.0,0.0,,1.0,0.0,0.0,0.0,0.0
0.0,0.0,,1.0,0.0,0.0,0.0,0.0
0.0,0.0,,1.0,0.0,0.0,0.0,0.0
0.0,0.0,,1.0,0.0,0.0,0.0,0.0
0.0,0.0,,1.0,0.0,0.0,0.0,0.0
0.0,0.0,,1.0,0.0,0.0,0.0,0.0
0.0,0.0,,1.0,0.0,0.0,0.0,0.0
0.0,0.0,,1.0,0.0,0.0,0.0,0.0
0.0,1.0,,1.0,0.0,0.0,0.0,0.0
0.0,0.0,,0.0,1.0,0.0,0.0,0.0
0.0,0.0,,1.0,0.0,0.0,0.0,0.0
0.0,0.0,,1.0,0.0,0.0,0.0,0.0
0.0,0.0,,1.0,0.0,0.0,0.0,0.0
0.0,0.0,,1.0,0.0,0.0,0.0,0.0
0.0,0.0,,1.0,0.0,0.0,0.0,0.0
0.0,0.0,,1.0,0.0,0.0,0.0,0.0
0.0,0.0,,1.0,0.0,0.0,0.0,0.0
0.0,0.0,,1.0,0.0,0.0,0.0,0.0
0.0,0.0,,1.0,0.0,0.0,0.0,0.0
0.0,0.0,,1.0,0.0,0.0,0.0,0.0
0.0,0.0,,1.0,0.0,0.0,0.0,0.0
0.0,0.0,,1.0,0.0,0.0,0.0,0.0
0.0,0.0,,1.0,0.0,0.0,0.0,0.0
0.0,0.0,,1.0,0.0,0.0,0.0,0.0
1.0,0.0,,1.0,0.0,0.0,0.0,0.0
0.0,0.0,,1.0,0.0,0.0,0.0,0.0
0.0,0.0,,1.0,0.0,0.0,0.0,0.0
0.0,0.0,,1.0,0.0,0.0,0.0,0.0
0.0,0.0,,1.0,0.0,0.0,0.0,0.0
0.0,0.0,,1.0,0.0,0.0,0.0,0.0
0.0,0.0,,1.0,0.0,0.0,0.0,0.0
0.0,0.0,,1.0,0.0,0.0,0.0,0.0
0.0,0.0,,1.0,0.0,0.0,0.0,0.0
0.0,0.0,,1.0,0.0,0.0,0.0,0.0
0.0,0.0,,1.0,0.0,0.0,0.0,0.0
0.0,0.0,,1.0,0.0,0.0,0.0,0.0
0.0,0.0,,1.0,0.0,0.0,0.0,0.0
0.0,0.0,,1.0,0.0,0.0,0.0,0.0
0.0,0.0,,1.0,0.0,0.0,0.0,0.0
0.0,0.0,,1.0,0.0,0.0,0.0,0.0
0.0,0.0,,1.0,0.0,0.0,0.0,0.0
0.0,0.0,,1.0,0.0,0.0,0.0,0.0
3.0,3.0,,1.0,0.0,0.0,0.0,0.0
4.0,4.0,,0.0,0.0,0.0,1.0,0.0
0.0,0.0,,0.0,0.0,0.0,0.0,1.0
0.0,0.0,,1.0,0.0,0.0,0.0,0.0
0.0,0.0,,1.0,0.0,0.0,0.0,0.0
0.0,0.0,,1.0,0.0,0.0,0.0,0.0
0.0,0.0,,1.0,0.0,0.0,0.0,0.0
0.0,0.0,,1.0,0.0,0.0,0.0,0.0
0.0,0.0,,1.0,0.0,0.0,0.0,0.0
0.0,0.0,,1.0,0.0,0.0,0.0,0.0
0.0,0.0,,1.0,0.0,0.0,0.0,0.0
0.0,0.0,,1.0,0.0,0.0,0.0,0.0
0.0,0.0,,1.0,0.0,0.0,0.0,0.0
0.0,0.0,,1.0,0.0,0.0,0.0,0.0
0.0,0.0,,1.0,0.0,0.0,0.0,0.0
0.0,0.0,,1.0,0.0,0.0,0.0,0.0
3.0,3.0,,1.0,0.0,0.0,0.0,0.0
0.0,0.0,,0.0,0.0,0.0,1.0,0.0
0.0,0.0,,1.0,0.0,0.0,0.0,0.0
0.0,0.0,,1.0,0.0,0.0,0.0,0.0
0.0,0.0,,1.0,0.0,0.0,0.0,0.0
0.0,0.0,,1.0,0.0,0.0,0.0,0.0
0.0,0.0,,1.0,0.0,0.0,0.0,0.0
0.0,0.0,,1.0,0.0,0.0,0.0,0.0
0.0,0.0,,1.0,0.0,0.0,0.0,0.0
0.0,0.0,,1.0,0.0,0.0,0.0,0.0
0.0,0.0,,1.0,0.0,0.0,0.0,0.0
0.0,0.0,,1.0,0.0,0.0,0.0,0.0
0.0,0.0,,1.0,0.0,0.0,0.0,0.0
0.0,0.0,,1.0,0.0,0.0,0.0,0.0
0.0,0.0,,1.0,0.0,0.0,0.0,0.0
0.0,0.0,,1.0,0.0,0.0,0.0,0.0
0.0,0.0,,1.0,0.0,0.0,0.0,0.0
0.0,0.0,,1.0,0.0,0.0,0.0,0.0
0.0,0.0,,1.0,0.0,0.0,0.0,0.0
0.0,0.0,,1.0,0.0,0.0,0.0,0.0
0.0,0.0,,1.0,0.0,0.0,0.0,0.0
1.0,1.0,,1.0,0.0,0.0,0.0,0.0
0.0,0.0,,0.0,1.0,0.0,0.0,0.0
0.0,0.0,,1.0,0.0,0.0,0.0,0.0
0.0,0.0,,1.0,0.0,0.0,0.0,0.0
0.0,0.0,,1.0,0.0,0.0,0.0,0.0
0.0,0.0,,1.0,0.0,0.0,0.0,0.0
0.0,0.0,,1.0,0.0,0.0,0.0,0.0
0.0,0.0,,1.0,0.0,0.0,0.0,0.0
0.0,0.0,,1.0,0.0,0.0,0.0,0.0
0.0,0.0,,1.0,0.0,0.0,0.0,0.0
1.0,1.0,,1.0,0.0,0.0,0.0,0.0
0.0,0.0,,0.0,1.0,0.0,0.0,0.0
0.0,0.0,,1.0,0.0,0.0,0.0,0.0
3.0,3.0,,1.0,0.0,0.0,0.0,0.0
1.0,1.0,,0.0,0.0,0.0,1.0,0.0
1.0,1.0,,0.0,1.0,0.0,0.0,0.0
0.0,0.0,,0.0,1.0,0.0,0.0,0.0
0.0,0.0,,1.0,0.0,0.0,0.0,0.0
0.0,0.0,,1.0,0.0,0.0,0.0,0.0
0.0,0.0,,1.0,0.0,0.0,0.0,0.0
1.0,1.0,,1.0,0.0,0.0,0.0,0.0
0.0,0.0,,0.0,1.0,0.0,0.0,0.0
0.0,0.0,,1.0,0.0,0.0,0.0,0.0
0.0,0.0,,1.0,0.0,0.0,0.0,0.0
0.0,0.0,,1.0,0.0,0.0,0.0,0.0
0.0,0.0,,1.0,0.0,0.0,0.0,0.0
0.0,0.0,,1.0,0.0,0.0,0.0,0.0
0.0,0.0,,1.0,0.0,0.0,0.0,0.0
0.0,0.0,,1.0,0.0,0.0,0.0,0.0
0.0,0.0,,1.0,0.0,0.0,0.0,0.0
0.0,0.0,,1.0,0.0,0.0,0.0,0.0
0.0,0.0,,1.0,0.0,0.0,0.0,0.0
0.0,0.0,,1.0,0.0,0.0,0.0,0.0
0.0,0.0,,1.0,0.0,0.0,0.0,0.0
0.0,0.0,,1.0,0.0,0.0,0.0,0.0
0.0,0.0,,1.0,0.0,0.0,0.0,0.0
0.0,0.0,,1.0,0.0,0.0,0.0,0.0
0.0,0.0,,1.0,0.0,0.0,0.0,0.0
0.0,0.0,,1.0,0.0,0.0,0.0,0.0
0.0,0.0,,1.0,0.0,0.0,0.0,0.0
0.0,0.0,,1.0,0.0,0.0,0.0,0.0
0.0,0.0,,1.0,0.0,0.0,0.0,0.0
0.0,0.0,,1.0,0.0,0.0,0.0,0.0
4.0,0.0,,1.0,0.0,0.0,0.0,0.0
0.0,0.0,,1.0,0.0,0.0,0.0,0.0
0.0,0.0,,1.0,0.0,0.0,0.0,0.0
3.0,3.0,,1.0,0.0,0.0,0.0,0.0
0.0,0.0,,0.0,0.0,0.0,1.0,0.0
0.0,0.0,,1.0,0.0,0.0,0.0,0.0
0.0,0.0,,1.0,0.0,0.0,0.0,0.0
0.0,0.0,,1.0,0.0,0.0,0.0,0.0
3.0,0.0,,1.0,0.0,0.0,0.0,0.0
0.0,0.0,,1.0,0.0,0.0,0.0,0.0
1.0,0.0,,1.0,0.0,0.0,0.0,0.0
0.0,0.0,,1.0,0.0,0.0,0.0,0.0
3.0,0.0,,1.0,0.0,0.0,0.0,0.0
0.0,0.0,,1.0,0.0,0.0,0.0,0.0
0.0,4.0,,1.0,0.0,0.0,0.0,0.0
0.0,0.0,,0.0,0.0,0.0,0.0,1.0
0.0,0.0,,1.0,0.0,0.0,0.0,0.0
0.0,0.0,,1.0,0.0,0.0,0.0,0.0
0.0,0.0,,1.0,0.0,0.0,0.0,0.0
0.0,0.0,,1.0,0.0,0.0,0.0,0.0
1.0,0.0,,1.0,0.0,0.0,0.0,0.0
0.0,0.0,,1.0,0.0,0.0,0.0,0.0
1.0,1.0,,1.0,0.0,0.0,0.0,0.0
0.0,0.0,,0.0,1.0,0.0,0.0,0.0
0.0,0.0,,1.0,0.0,0.0,0.0,0.0
3.0,3.0,,1.0,0.0,0.0,0.0,0.0
0.0,0.0,,0.0,0.0,0.0,1.0,0.0
0.0,0.0,,1.0,0.0,0.0,0.0,0.0
0.0,0.0,,1.0,0.0,0.0,0.0,0.0
0.0,0.0,,1.0,0.0,0.0,0.0,0.0
1.0,1.0,,1.0,0.0,0.0,0.0,0.0
0.0,0.0,,0.0,1.0,0.0,0.0,0.0
0.0,0.0,,1.0,0.0,0.0,0.0,0.0
1.0,1.0,,1.0,0.0,0.0,0.0,0.0
0.0,0.0,,0.0,1.0,0.0,0.0,0.0
0.0,0.0,,1.0,0.0,0.0,0.0,0.0
0.0,0.0,,1.0,0.0,0.0,0.0,0.0
0.0,0.0,,1.0,0.0,0.0,0.0,0.0
0.0,0.0,,1.0,0.0,0.0,0.0,0.0
0.0,0.0,,1.0,0.0,0.0,0.0,0.0
0.0,0.0,,1.0,0.0,0.0,0.0,0.0
0.0,0.0,,1.0,0.0,0.0,0.0,0.0
0.0,0.0,,1.0,0.0,0.0,0.0,0.0
0.0,0.0,,1.0,0.0,0.0,0.0,0.0
0.0,0.0,,1.0,0.0,0.0,0.0,0.0
0.0,0.0,,1.0,0.0,0.0,0.0,0.0
0.0,0.0,,1.0,0.0,0.0,0.0,0.0
1.0,1.0,,1.0,0.0,0.0,0.0,0.0
0.0,0.0,,0.0,1.0,0.0,0.0,0.0
0.0,0.0,,1.0,0.0,0.0,0.0,0.0
0.0,0.0,,1.0,0.0,0.0,0.0,0.0
0.0,0.0,,1.0,0.0,0.0,0.0,0.0
0.0,0.0,,1.0,0.0,0.0,0.0,0.0
0.0,0.0,,1.0,0.0,0.0,0.0,0.0
0.0,2.0,,1.0,0.0,0.0,0.0,0.0
0.0,0.0,,0.0,0.0,1.0,0.0,0.0
0.0,0.0,,1.0,0.0,0.0,0.0,0.0
0.0,0.0,,1.0,0.0,0.0,0.0,0.0
0.0,0.0,,1.0,0.0,0.0,0.0,0.0
0.0,0.0,,1.0,0.0,0.0,0.0,0.0
0.0,0.0,,1.0,0.0,0.0,0.0,0.0
0.0,0.0,,1.0,0.0,0.0,0.0,0.0
0.0,0.0,,1.0,0.0,0.0,0.0,0.0
0.0,0.0,,1.0,0.0,0.0,0.0,0.0
0.0,0.0,,1.0,0.0,0.0,0.0,0.0
0.0,0.0,,1.0,0.0,0.0,0.0,0.0
0.0,0.0,,1.0,0.0,0.0,0.0,0.0
0.0,0.0,,1.0,0.0,0.0,0.0,0.0
0.0,0.0,,1.0,0.0,0.0,0.0,0.0
0.0,0.0,,1.0,0.0,0.0,0.0,0.0
0.0,0.0,,1.0,0.0,0.0,0.0,0.0
0.0,0.0,,1.0,0.0,0.0,0.0,0.0
0.0,0.0,,1.0,0.0,0.0,0.0,0.0
0.0,0.0,,1.0,0.0,0.0,0.0,0.0
0.0,0.0,,1.0,0.0,0.0,0.0,0.0
0.0,0.0,,1.0,0.0,0.0,0.0,0.0
1.0,1.0,,1.0,0.0,0.0,0.0,0.0
0.0,0.0,,0.0,1.0,0.0,0.0,0.0
0.0,0.0,,1.0,0.0,0.0,0.0,0.0
0.0,0.0,,1.0,0.0,0.0,0.0,0.0
0.0,0.0,,1.0,0.0,0.0,0.0,0.0
0.0,0.0,,1.0,0.0,0.0,0.0,0.0
0.0,0.0,,1.0,0.0,0.0,0.0,0.0
0.0,0.0,,1.0,0.0,0.0,0.0,0.0
0.0,0.0,,1.0,0.0,0.0,0.0,0.0
0.0,0.0,,1.0,0.0,0.0,0.0,0.0
0.0,0.0,,1.0,0.0,0.0,0.0,0.0
0.0,0.0,,1.0,0.0,0.0,0.0,0.0
0.0,0.0,,1.0,0.0,0.0,0.0,0.0
1.0,1.0,,1.0,0.0,0.0,0.0,0.0
0.0,0.0,,0.0,1.0,0.0,0.0,0.0
0.0,0.0,,1.0,0.0,0.0,0.0,0.0
0.0,0.0,,1.0,0.0,0.0,0.0,0.0
0.0,0.0,,1.0,0.0,0.0,0.0,0.0
0.0,0.0,,1.0,0.0,0.0,0.0,0.0
0.0,0.0,,1.0,0.0,0.0,0.0,0.0
0.0,0.0,,1.0,0.0,0.0,0.0,0.0
0.0,0.0,,1.0,0.0,0.0,0.0,0.0
1.0,0.0,,1.0,0.0,0.0,0.0,0.0
0.0,0.0,,1.0,0.0,0.0,0.0,0.0
0.0,0.0,,1.0,0.0,0.0,0.0,0.0
0.0,0.0,,1.0,0.0,0.0,0.0,0.0
0.0,0.0,,1.0,0.0,0.0,0.0,0.0
0.0,0.0,,1.0,0.0,0.0,0.0,0.0
0.0,0.0,,1.0,0.0,0.0,0.0,0.0
0.0,0.0,,1.0,0.0,0.0,0.0,0.0
0.0,0.0,,1.0,0.0,0.0,0.0,0.0
0.0,0.0,,1.0,0.0,0.0,0.0,0.0
0.0,0.0,,1.0,0.0,0.0,0.0,0.0
0.0,0.0,,1.0,0.0,0.0,0.0,0.0
0.0,0.0,,1.0,0.0,0.0,0.0,0.0
0.0,0.0,,1.0,0.0,0.0,0.0,0.0
0.0,0.0,,1.0,0.0,0.0,0.0,0.0
0.0,0.0,,1.0,0.0,0.0,0.0,0.0
0.0,0.0,,1.0,0.0,0.0,0.0,0.0
0.0,0.0,,1.0,0.0,0.0,0.0,0.0
1.0,1.0,,1.0,0.0,0.0,0.0,0.0
4.0,4.0,,0.0,1.0,0.0,0.0,0.0
0.0,0.0,,0.0,0.0,0.0,0.0,1.0
0.0,0.0,,1.0,0.0,0.0,0.0,0.0
0.0,0.0,,1.0,0.0,0.0,0.0,0.0
0.0,0.0,,1.0,0.0,0.0,0.0,0.0
4.0,4.0,,1.0,0.0,0.0,0.0,0.0
0.0,0.0,,0.0,0.0,0.0,0.0,1.0
0.0,0.0,,1.0,0.0,0.0,0.0,0.0
1.0,1.0,,1.0,0.0,0.0,0.0,0.0
3.0,0.0,,0.0,1.0,0.0,0.0,0.0
0.0,0.0,,1.0,0.0,0.0,0.0,0.0
0.0,0.0,,1.0,0.0,0.0,0.0,0.0
0.0,0.0,,1.0,0.0,0.0,0.0,0.0
4.0,4.0,,1.0,0.0,0.0,0.0,0.0
0.0,0.0,,0.0,0.0,0.0,0.0,1.0
0.0,0.0,,1.0,0.0,0.0,0.0,0.0
0.0,0.0,,1.0,0.0,0.0,0.0,0.0
0.0,0.0,,1.0,0.0,0.0,0.0,0.0
0.0,0.0,,1.0,0.0,0.0,0.0,0.0
0.0,0.0,,1.0,0.0,0.0,0.0,0.0
0.0,0.0,,1.0,0.0,0.0,0.0,0.0
0.0,0.0,,1.0,0.0,0.0,0.0,0.0
0.0,0.0,,1.0,0.0,0.0,0.0,0.0
0.0,0.0,,1.0,0.0,0.0,0.0,0.0
0.0,0.0,,1.0,0.0,0.0,0.0,0.0
0.0,0.0,,1.0,0.0,0.0,0.0,0.0
0.0,0.0,,1.0,0.0,0.0,0.0,0.0
0.0,0.0,,1.0,0.0,0.0,0.0,0.0
0.0,0.0,,1.0,0.0,0.0,0.0,0.0
0.0,0.0,,1.0,0.0,0.0,0.0,0.0
0.0,0.0,,1.0,0.0,0.0,0.0,0.0
0.0,0.0,,1.0,0.0,0.0,0.0,0.0
0.0,0.0,,1.0,0.0,0.0,0.0,0.0
0.0,0.0,,1.0,0.0,0.0,0.0,0.0
0.0,0.0,,1.0,0.0,0.0,0.0,0.0
0.0,1.0,,1.0,0.0,0.0,0.0,0.0
0.0,0.0,,0.0,1.0,0.0,0.0,0.0
0.0,0.0,,1.0,0.0,0.0,0.0,0.0
0.0,0.0,,1.0,0.0,0.0,0.0,0.0
1.0,1.0,,1.0,0.0,0.0,0.0,0.0
0.0,0.0,,0.0,1.0,0.0,0.0,0.0
0.0,0.0,,1.0,0.0,0.0,0.0,0.0
0.0,0.0,,1.0,0.0,0.0,0.0,0.0
1.0,0.0,,1.0,0.0,0.0,0.0,0.0
0.0,0.0,,1.0,0.0,0.0,0.0,0.0
0.0,0.0,,1.0,0.0,0.0,0.0,0.0
0.0,0.0,,1.0,0.0,0.0,0.0,0.0
0.0,0.0,,1.0,0.0,0.0,0.0,0.0
0.0,0.0,,1.0,0.0,0.0,0.0,0.0
0.0,0.0,,1.0,0.0,0.0,0.0,0.0
0.0,0.0,,1.0,0.0,0.0,0.0,0.0
0.0,0.0,,1.0,0.0,0.0,0.0,0.0
0.0,0.0,,1.0,0.0,0.0,0.0,0.0
0.0,0.0,,1.0,0.0,0.0,0.0,0.0
0.0,0.0,,1.0,0.0,0.0,0.0,0.0
0.0,0.0,,1.0,0.0,0.0,0.0,0.0
0.0,0.0,,1.0,0.0,0.0,0.0,0.0
0.0,0.0,,1.0,0.0,0.0,0.0,0.0
0.0,0.0,,1.0,0.0,0.0,0.0,0.0
0.0,0.0,,1.0,0.0,0.0,0.0,0.0
0.0,0.0,,1.0,0.0,0.0,0.0,0.0
0.0,0.0,,1.0,0.0,0.0,0.0,0.0
0.0,0.0,,1.0,0.0,0.0,0.0,0.0
0.0,0.0,,1.0,0.0,0.0,0.0,0.0
0.0,0.0,,1.0,0.0,0.0,0.0,0.0
1.0,1.0,,1.0,0.0,0.0,0.0,0.0
0.0,0.0,,0.0,1.0,0.0,0.0,0.0
0.0,0.0,,1.0,0.0,0.0,0.0,0.0
0.0,0.0,,1.0,0.0,0.0,0.0,0.0
0.0,0.0,,1.0,0.0,0.0,0.0,0.0
0.0,0.0,,1.0,0.0,0.0,0.0,0.0
0.0,0.0,,1.0,0.0,0.0,0.0,0.0
0.0,0.0,,1.0,0.0,0.0,0.0,0.0
0.0,0.0,,1.0,0.0,0.0,0.0,0.0
0.0,0.0,,1.0,0.0,0.0,0.0,0.0
0.0,0.0,,1.0,0.0,0.0,0.0,0.0
0.0,0.0,,1.0,0.0,0.0,0.0,0.0
0.0,0.0,,1.0,0.0,0.0,0.0,0.0
0.0,0.0,,1.0,0.0,0.0,0.0,0.0
0.0,0.0,,1.0,0.0,0.0,0.0,0.0
0.0,0.0,,1.0,0.0,0.0,0.0,0.0
0.0,0.0,,1.0,0.0,0.0,0.0,0.0
0.0,0.0,,1.0,0.0,0.0,0.0,0.0
0.0,0.0,,1.0,0.0,0.0,0.0,0.0
0.0,0.0,,1.0,0.0,0.0,0.0,0.0
0.0,0.0,,1.0,0.0,0.0,0.0,0.0
1.0,1.0,,1.0,0.0,0.0,0.0,0.0
0.0,0.0,,0.0,1.0,0.0,0.0,0.0
0.0,0.0,,1.0,0.0,0.0,0.0,0.0
0.0,0.0,,1.0,0.0,0.0,0.0,0.0
0.0,0.0,,1.0,0.0,0.0,0.0,0.0
0.0,0.0,,1.0,0.0,0.0,0.0,0.0
0.0,0.0,,1.0,0.0,0.0,0.0,0.0
0.0,0.0,,1.0,0.0,0.0,0.0,0.0
0.0,0.0,,1.0,0.0,0.0,0.0,0.0
0.0,0.0,,1.0,0.0,0.0,0.0,0.0
0.0,0.0,,1.0,0.0,0.0,0.0,0.0
0.0,0.0,,1.0,0.0,0.0,0.0,0.0
0.0,0.0,,1.0,0.0,0.0,0.0,0.0
0.0,0.0,,1.0,0.0,0.0,0.0,0.0
0.0,0.0,,1.0,0.0,0.0,0.0,0.0
0.0,0.0,,1.0,0.0,0.0,0.0,0.0
0.0,0.0,,1.0,0.0,0.0,0.0,0.0
0.0,0.0,,1.0,0.0,0.0,0.0,0.0
1.0,0.0,,1.0,0.0,0.0,0.0,0.0
0.0,0.0,,1.0,0.0,0.0,0.0,0.0
0.0,0.0,,1.0,0.0,0.0,0.0,0.0
0.0,0.0,,1.0,0.0,0.0,0.0,0.0
0.0,0.0,,1.0,0.0,0.0,0.0,0.0
4.0,4.0,,1.0,0.0,0.0,0.0,0.0
0.0,0.0,,0.0,0.0,0.0,0.0,1.0
0.0,0.0,,1.0,0.0,0.0,0.0,0.0
0.0,0.0,,1.0,0.0,0.0,0.0,0.0
0.0,0.0,,1.0,0.0,0.0,0.0,0.0
0.0,0.0,,1.0,0.0,0.0,0.0,0.0
0.0,0.0,,1.0,0.0,0.0,0.0,0.0
0.0,0.0,,1.0,0.0,0.0,0.0,0.0
0.0,0.0,,1.0,0.0,0.0,0.0,0.0
0.0,0.0,,1.0,0.0,0.0,0.0,0.0
0.0,0.0,,1.0,0.0,0.0,0.0,0.0
0.0,0.0,,1.0,0.0,0.0,0.0,0.0
0.0,0.0,,1.0,0.0,0.0,0.0,0.0
0.0,0.0,,1.0,0.0,0.0,0.0,0.0
0.0,0.0,,1.0,0.0,0.0,0.0,0.0
0.0,0.0,,1.0,0.0,0.0,0.0,0.0
0.0,0.0,,1.0,0.0,0.0,0.0,0.0
0.0,0.0,,1.0,0.0,0.0,0.0,0.0
0.0,0.0,,1.0,0.0,0.0,0.0,0.0
0.0,0.0,,1.0,0.0,0.0,0.0,0.0
0.0,0.0,,1.0,0.0,0.0,0.0,0.0
0.0,0.0,,1.0,0.0,0.0,0.0,0.0
0.0,0.0,,1.0,0.0,0.0,0.0,0.0
0.0,0.0,,1.0,0.0,0.0,0.0,0.0
0.0,0.0,,1.0,0.0,0.0,0.0,0.0
0.0,0.0,,1.0,0.0,0.0,0.0,0.0
0.0,0.0,,1.0,0.0,0.0,0.0,0.0
0.0,0.0,,1.0,0.0,0.0,0.0,0.0
4.0,4.0,,1.0,0.0,0.0,0.0,0.0
0.0,0.0,,0.0,0.0,0.0,0.0,1.0
1.0,0.0,,1.0,0.0,0.0,0.0,0.0
0.0,0.0,,1.0,0.0,0.0,0.0,0.0
0.0,0.0,,1.0,0.0,0.0,0.0,0.0
0.0,0.0,,1.0,0.0,0.0,0.0,0.0
0.0,0.0,,1.0,0.0,0.0,0.0,0.0
0.0,0.0,,1.0,0.0,0.0,0.0,0.0
0.0,0.0,,1.0,0.0,0.0,0.0,0.0
4.0,4.0,,1.0,0.0,0.0,0.0,0.0
0.0,0.0,,0.0,0.0,0.0,0.0,1.0
0.0,0.0,,1.0,0.0,0.0,0.0,0.0
0.0,0.0,,1.0,0.0,0.0,0.0,0.0
0.0,0.0,,1.0,0.0,0.0,0.0,0.0
1.0,1.0,,1.0,0.0,0.0,0.0,0.0
0.0,0.0,,0.0,1.0,0.0,0.0,0.0
0.0,0.0,,1.0,0.0,0.0,0.0,0.0
0.0,0.0,,1.0,0.0,0.0,0.0,0.0
0.0,0.0,,1.0,0.0,0.0,0.0,0.0
0.0,0.0,,1.0,0.0,0.0,0.0,0.0
0.0,0.0,,1.0,0.0,0.0,0.0,0.0
0.0,0.0,,1.0,0.0,0.0,0.0,0.0
0.0,0.0,,1.0,0.0,0.0,0.0,0.0
1.0,1.0,,1.0,0.0,0.0,0.0,0.0
0.0,0.0,,0.0,1.0,0.0,0.0,0.0
4.0,0.0,,1.0,0.0,0.0,0.0,0.0
0.0,0.0,,1.0,0.0,0.0,0.0,0.0
0.0,0.0,,1.0,0.0,0.0,0.0,0.0
0.0,0.0,,1.0,0.0,0.0,0.0,0.0
0.0,0.0,,1.0,0.0,0.0,0.0,0.0
0.0,0.0,,1.0,0.0,0.0,0.0,0.0
0.0,0.0,,1.0,0.0,0.0,0.0,0.0
0.0,0.0,,1.0,0.0,0.0,0.0,0.0
0.0,0.0,,1.0,0.0,0.0,0.0,0.0
1.0,1.0,,1.0,0.0,0.0,0.0,0.0
0.0,0.0,,0.0,1.0,0.0,0.0,0.0
0.0,0.0,,1.0,0.0,0.0,0.0,0.0
0.0,0.0,,1.0,0.0,0.0,0.0,0.0
0.0,0.0,,1.0,0.0,0.0,0.0,0.0
0.0,0.0,,1.0,0.0,0.0,0.0,0.0
0.0,0.0,,1.0,0.0,0.0,0.0,0.0
0.0,0.0,,1.0,0.0,0.0,0.0,0.0
0.0,0.0,,1.0,0.0,0.0,0.0,0.0
0.0,0.0,,1.0,0.0,0.0,0.0,0.0
0.0,0.0,,1.0,0.0,0.0,0.0,0.0
0.0,0.0,,1.0,0.0,0.0,0.0,0.0
0.0,0.0,,1.0,0.0,0.0,0.0,0.0
