bank.arff, 1NN
No Parameter Info
87.1039056742815
0.0,0.0,,1.0,0.0
0.0,0.0,,1.0,0.0
0.0,0.0,,1.0,0.0
0.0,0.0,,1.0,0.0
0.0,0.0,,1.0,0.0
0.0,0.0,,1.0,0.0
0.0,0.0,,1.0,0.0
0.0,0.0,,1.0,0.0
0.0,0.0,,1.0,0.0
0.0,0.0,,1.0,0.0
0.0,1.0,,1.0,0.0
0.0,0.0,,0.0,1.0
1.0,1.0,,1.0,0.0
0.0,0.0,,0.0,1.0
0.0,0.0,,1.0,0.0
1.0,0.0,,1.0,0.0
0.0,0.0,,1.0,0.0
0.0,0.0,,1.0,0.0
1.0,0.0,,1.0,0.0
0.0,0.0,,1.0,0.0
0.0,0.0,,1.0,0.0
0.0,0.0,,1.0,0.0
0.0,0.0,,1.0,0.0
0.0,0.0,,1.0,0.0
0.0,0.0,,1.0,0.0
0.0,0.0,,1.0,0.0
0.0,0.0,,1.0,0.0
1.0,0.0,,1.0,0.0
0.0,0.0,,1.0,0.0
0.0,0.0,,1.0,0.0
0.0,0.0,,1.0,0.0
0.0,0.0,,1.0,0.0
0.0,0.0,,1.0,0.0
0.0,0.0,,1.0,0.0
1.0,0.0,,1.0,0.0
0.0,0.0,,1.0,0.0
0.0,0.0,,1.0,0.0
1.0,1.0,,1.0,0.0
0.0,0.0,,0.0,1.0
0.0,0.0,,1.0,0.0
0.0,0.0,,1.0,0.0
0.0,0.0,,1.0,0.0
0.0,0.0,,1.0,0.0
1.0,1.0,,1.0,0.0
0.0,0.0,,0.0,1.0
0.0,0.0,,1.0,0.0
0.0,0.0,,1.0,0.0
1.0,0.0,,1.0,0.0
0.0,0.0,,1.0,0.0
0.0,0.0,,1.0,0.0
1.0,1.0,,1.0,0.0
0.0,0.0,,0.0,1.0
0.0,0.0,,1.0,0.0
0.0,0.0,,1.0,0.0
0.0,0.0,,1.0,0.0
0.0,0.0,,1.0,0.0
0.0,0.0,,1.0,0.0
0.0,0.0,,1.0,0.0
0.0,0.0,,1.0,0.0
0.0,0.0,,1.0,0.0
1.0,0.0,,1.0,0.0
0.0,0.0,,1.0,0.0
0.0,0.0,,1.0,0.0
0.0,0.0,,1.0,0.0
0.0,1.0,,1.0,0.0
1.0,0.0,,0.0,1.0
0.0,0.0,,1.0,0.0
0.0,0.0,,1.0,0.0
0.0,0.0,,1.0,0.0
0.0,0.0,,1.0,0.0
0.0,0.0,,1.0,0.0
1.0,1.0,,1.0,0.0
1.0,0.0,,0.0,1.0
0.0,0.0,,1.0,0.0
0.0,0.0,,1.0,0.0
0.0,0.0,,1.0,0.0
0.0,0.0,,1.0,0.0
0.0,0.0,,1.0,0.0
0.0,0.0,,1.0,0.0
1.0,0.0,,1.0,0.0
0.0,0.0,,1.0,0.0
1.0,0.0,,1.0,0.0
0.0,1.0,,1.0,0.0
0.0,0.0,,0.0,1.0
0.0,0.0,,1.0,0.0
0.0,0.0,,1.0,0.0
0.0,0.0,,1.0,0.0
0.0,0.0,,1.0,0.0
0.0,0.0,,1.0,0.0
0.0,0.0,,1.0,0.0
0.0,0.0,,1.0,0.0
1.0,1.0,,1.0,0.0
0.0,0.0,,0.0,1.0
0.0,0.0,,1.0,0.0
0.0,0.0,,1.0,0.0
0.0,0.0,,1.0,0.0
0.0,0.0,,1.0,0.0
0.0,0.0,,1.0,0.0
0.0,0.0,,1.0,0.0
0.0,0.0,,1.0,0.0
0.0,0.0,,1.0,0.0
0.0,0.0,,1.0,0.0
0.0,0.0,,1.0,0.0
0.0,0.0,,1.0,0.0
0.0,0.0,,1.0,0.0
0.0,0.0,,1.0,0.0
0.0,0.0,,1.0,0.0
0.0,0.0,,1.0,0.0
0.0,0.0,,1.0,0.0
0.0,0.0,,1.0,0.0
0.0,0.0,,1.0,0.0
0.0,0.0,,1.0,0.0
0.0,0.0,,1.0,0.0
0.0,0.0,,1.0,0.0
0.0,0.0,,1.0,0.0
1.0,0.0,,1.0,0.0
0.0,0.0,,1.0,0.0
0.0,0.0,,1.0,0.0
0.0,0.0,,1.0,0.0
0.0,1.0,,1.0,0.0
0.0,0.0,,0.0,1.0
0.0,0.0,,1.0,0.0
0.0,0.0,,1.0,0.0
0.0,0.0,,1.0,0.0
0.0,0.0,,1.0,0.0
0.0,0.0,,1.0,0.0
0.0,0.0,,1.0,0.0
0.0,0.0,,1.0,0.0
0.0,0.0,,1.0,0.0
0.0,0.0,,1.0,0.0
1.0,0.0,,1.0,0.0
0.0,0.0,,1.0,0.0
0.0,0.0,,1.0,0.0
0.0,0.0,,1.0,0.0
0.0,0.0,,1.0,0.0
1.0,0.0,,1.0,0.0
0.0,0.0,,1.0,0.0
1.0,1.0,,1.0,0.0
0.0,0.0,,0.0,1.0
0.0,0.0,,1.0,0.0
0.0,0.0,,1.0,0.0
0.0,0.0,,1.0,0.0
0.0,0.0,,1.0,0.0
0.0,0.0,,1.0,0.0
0.0,0.0,,1.0,0.0
0.0,0.0,,1.0,0.0
0.0,0.0,,1.0,0.0
0.0,1.0,,1.0,0.0
0.0,0.0,,0.0,1.0
0.0,0.0,,1.0,0.0
0.0,0.0,,1.0,0.0
0.0,0.0,,1.0,0.0
0.0,0.0,,1.0,0.0
0.0,1.0,,1.0,0.0
0.0,0.0,,0.0,1.0
0.0,0.0,,1.0,0.0
0.0,0.0,,1.0,0.0
1.0,1.0,,1.0,0.0
0.0,0.0,,0.0,1.0
1.0,0.0,,1.0,0.0
0.0,0.0,,1.0,0.0
0.0,0.0,,1.0,0.0
0.0,0.0,,1.0,0.0
0.0,0.0,,1.0,0.0
0.0,1.0,,1.0,0.0
0.0,0.0,,0.0,1.0
0.0,0.0,,1.0,0.0
0.0,0.0,,1.0,0.0
0.0,0.0,,1.0,0.0
0.0,0.0,,1.0,0.0
0.0,0.0,,1.0,0.0
0.0,0.0,,1.0,0.0
0.0,0.0,,1.0,0.0
0.0,0.0,,1.0,0.0
0.0,0.0,,1.0,0.0
0.0,1.0,,1.0,0.0
0.0,0.0,,0.0,1.0
0.0,1.0,,1.0,0.0
0.0,1.0,,0.0,1.0
0.0,0.0,,0.0,1.0
0.0,0.0,,1.0,0.0
0.0,0.0,,1.0,0.0
0.0,0.0,,1.0,0.0
0.0,0.0,,1.0,0.0
0.0,0.0,,1.0,0.0
0.0,0.0,,1.0,0.0
0.0,0.0,,1.0,0.0
0.0,0.0,,1.0,0.0
0.0,0.0,,1.0,0.0
0.0,0.0,,1.0,0.0
0.0,0.0,,1.0,0.0
0.0,0.0,,1.0,0.0
0.0,0.0,,1.0,0.0
0.0,0.0,,1.0,0.0
0.0,0.0,,1.0,0.0
0.0,0.0,,1.0,0.0
1.0,0.0,,1.0,0.0
0.0,0.0,,1.0,0.0
0.0,0.0,,1.0,0.0
0.0,0.0,,1.0,0.0
0.0,0.0,,1.0,0.0
0.0,0.0,,1.0,0.0
0.0,0.0,,1.0,0.0
0.0,0.0,,1.0,0.0
0.0,0.0,,1.0,0.0
0.0,0.0,,1.0,0.0
0.0,0.0,,1.0,0.0
0.0,0.0,,1.0,0.0
1.0,1.0,,1.0,0.0
0.0,0.0,,0.0,1.0
0.0,0.0,,1.0,0.0
1.0,1.0,,1.0,0.0
0.0,0.0,,0.0,1.0
1.0,0.0,,1.0,0.0
0.0,0.0,,1.0,0.0
0.0,0.0,,1.0,0.0
1.0,0.0,,1.0,0.0
0.0,0.0,,1.0,0.0
1.0,0.0,,1.0,0.0
0.0,0.0,,1.0,0.0
0.0,0.0,,1.0,0.0
0.0,0.0,,1.0,0.0
0.0,0.0,,1.0,0.0
0.0,0.0,,1.0,0.0
1.0,1.0,,1.0,0.0
0.0,0.0,,0.0,1.0
1.0,0.0,,1.0,0.0
0.0,1.0,,1.0,0.0
0.0,1.0,,0.0,1.0
0.0,0.0,,0.0,1.0
1.0,1.0,,1.0,0.0
0.0,0.0,,0.0,1.0
0.0,0.0,,1.0,0.0
1.0,0.0,,1.0,0.0
1.0,0.0,,1.0,0.0
0.0,0.0,,1.0,0.0
0.0,0.0,,1.0,0.0
0.0,0.0,,1.0,0.0
0.0,0.0,,1.0,0.0
0.0,0.0,,1.0,0.0
1.0,0.0,,1.0,0.0
0.0,0.0,,1.0,0.0
0.0,0.0,,1.0,0.0
0.0,0.0,,1.0,0.0
0.0,0.0,,1.0,0.0
0.0,0.0,,1.0,0.0
0.0,1.0,,1.0,0.0
0.0,0.0,,0.0,1.0
1.0,0.0,,1.0,0.0
0.0,0.0,,1.0,0.0
0.0,1.0,,1.0,0.0
0.0,0.0,,0.0,1.0
0.0,0.0,,1.0,0.0
1.0,0.0,,1.0,0.0
1.0,0.0,,1.0,0.0
0.0,0.0,,1.0,0.0
0.0,0.0,,1.0,0.0
0.0,0.0,,1.0,0.0
0.0,0.0,,1.0,0.0
0.0,0.0,,1.0,0.0
0.0,0.0,,1.0,0.0
0.0,0.0,,1.0,0.0
0.0,0.0,,1.0,0.0
0.0,0.0,,1.0,0.0
0.0,0.0,,1.0,0.0
0.0,0.0,,1.0,0.0
0.0,0.0,,1.0,0.0
0.0,0.0,,1.0,0.0
1.0,1.0,,1.0,0.0
0.0,0.0,,0.0,1.0
0.0,0.0,,1.0,0.0
0.0,0.0,,1.0,0.0
0.0,0.0,,1.0,0.0
0.0,0.0,,1.0,0.0
0.0,0.0,,1.0,0.0
0.0,0.0,,1.0,0.0
0.0,0.0,,1.0,0.0
1.0,0.0,,1.0,0.0
0.0,0.0,,1.0,0.0
0.0,0.0,,1.0,0.0
0.0,0.0,,1.0,0.0
0.0,0.0,,1.0,0.0
0.0,0.0,,1.0,0.0
0.0,1.0,,1.0,0.0
0.0,0.0,,0.0,1.0
0.0,0.0,,1.0,0.0
1.0,1.0,,1.0,0.0
0.0,0.0,,0.0,1.0
1.0,0.0,,1.0,0.0
0.0,0.0,,1.0,0.0
0.0,0.0,,1.0,0.0
0.0,0.0,,1.0,0.0
0.0,0.0,,1.0,0.0
0.0,0.0,,1.0,0.0
0.0,0.0,,1.0,0.0
1.0,0.0,,1.0,0.0
0.0,0.0,,1.0,0.0
0.0,0.0,,1.0,0.0
0.0,0.0,,1.0,0.0
0.0,0.0,,1.0,0.0
0.0,0.0,,1.0,0.0
0.0,0.0,,1.0,0.0
0.0,0.0,,1.0,0.0
0.0,0.0,,1.0,0.0
0.0,0.0,,1.0,0.0
0.0,0.0,,1.0,0.0
0.0,0.0,,1.0,0.0
0.0,0.0,,1.0,0.0
1.0,0.0,,1.0,0.0
1.0,0.0,,1.0,0.0
1.0,1.0,,1.0,0.0
1.0,1.0,,0.0,1.0
0.0,0.0,,0.0,1.0
1.0,0.0,,1.0,0.0
0.0,0.0,,1.0,0.0
0.0,0.0,,1.0,0.0
0.0,1.0,,1.0,0.0
0.0,1.0,,0.0,1.0
0.0,0.0,,0.0,1.0
0.0,0.0,,1.0,0.0
0.0,0.0,,1.0,0.0
0.0,0.0,,1.0,0.0
0.0,0.0,,1.0,0.0
0.0,0.0,,1.0,0.0
0.0,0.0,,1.0,0.0
0.0,0.0,,1.0,0.0
0.0,1.0,,1.0,0.0
1.0,1.0,,0.0,1.0
0.0,0.0,,0.0,1.0
0.0,0.0,,1.0,0.0
0.0,0.0,,1.0,0.0
0.0,0.0,,1.0,0.0
0.0,0.0,,1.0,0.0
1.0,0.0,,1.0,0.0
0.0,0.0,,1.0,0.0
0.0,0.0,,1.0,0.0
0.0,0.0,,1.0,0.0
0.0,0.0,,1.0,0.0
0.0,0.0,,1.0,0.0
0.0,0.0,,1.0,0.0
0.0,0.0,,1.0,0.0
0.0,0.0,,1.0,0.0
0.0,0.0,,1.0,0.0
0.0,0.0,,1.0,0.0
0.0,0.0,,1.0,0.0
0.0,0.0,,1.0,0.0
0.0,0.0,,1.0,0.0
0.0,0.0,,1.0,0.0
0.0,0.0,,1.0,0.0
0.0,0.0,,1.0,0.0
0.0,0.0,,1.0,0.0
0.0,0.0,,1.0,0.0
1.0,0.0,,1.0,0.0
1.0,1.0,,1.0,0.0
0.0,0.0,,0.0,1.0
0.0,0.0,,1.0,0.0
0.0,0.0,,1.0,0.0
0.0,0.0,,1.0,0.0
0.0,0.0,,1.0,0.0
0.0,1.0,,1.0,0.0
0.0,0.0,,0.0,1.0
0.0,0.0,,1.0,0.0
0.0,0.0,,1.0,0.0
0.0,0.0,,1.0,0.0
0.0,0.0,,1.0,0.0
0.0,0.0,,1.0,0.0
0.0,0.0,,1.0,0.0
0.0,0.0,,1.0,0.0
0.0,0.0,,1.0,0.0
0.0,0.0,,1.0,0.0
0.0,0.0,,1.0,0.0
0.0,0.0,,1.0,0.0
0.0,0.0,,1.0,0.0
0.0,0.0,,1.0,0.0
0.0,0.0,,1.0,0.0
0.0,0.0,,1.0,0.0
1.0,0.0,,1.0,0.0
1.0,0.0,,1.0,0.0
0.0,0.0,,1.0,0.0
0.0,0.0,,1.0,0.0
0.0,1.0,,1.0,0.0
0.0,0.0,,0.0,1.0
1.0,0.0,,1.0,0.0
0.0,0.0,,1.0,0.0
0.0,0.0,,1.0,0.0
0.0,0.0,,1.0,0.0
0.0,0.0,,1.0,0.0
1.0,0.0,,1.0,0.0
0.0,0.0,,1.0,0.0
0.0,0.0,,1.0,0.0
0.0,0.0,,1.0,0.0
0.0,0.0,,1.0,0.0
0.0,0.0,,1.0,0.0
1.0,1.0,,1.0,0.0
1.0,1.0,,0.0,1.0
0.0,0.0,,0.0,1.0
0.0,0.0,,1.0,0.0
1.0,1.0,,1.0,0.0
0.0,0.0,,0.0,1.0
0.0,0.0,,1.0,0.0
0.0,0.0,,1.0,0.0
1.0,0.0,,1.0,0.0
0.0,0.0,,1.0,0.0
0.0,0.0,,1.0,0.0
1.0,0.0,,1.0,0.0
0.0,0.0,,1.0,0.0
0.0,0.0,,1.0,0.0
0.0,0.0,,1.0,0.0
0.0,0.0,,1.0,0.0
0.0,0.0,,1.0,0.0
0.0,0.0,,1.0,0.0
0.0,0.0,,1.0,0.0
0.0,0.0,,1.0,0.0
0.0,0.0,,1.0,0.0
0.0,0.0,,1.0,0.0
0.0,0.0,,1.0,0.0
1.0,0.0,,1.0,0.0
0.0,0.0,,1.0,0.0
0.0,0.0,,1.0,0.0
0.0,0.0,,1.0,0.0
0.0,0.0,,1.0,0.0
0.0,0.0,,1.0,0.0
0.0,0.0,,1.0,0.0
0.0,0.0,,1.0,0.0
0.0,0.0,,1.0,0.0
0.0,0.0,,1.0,0.0
0.0,0.0,,1.0,0.0
0.0,0.0,,1.0,0.0
0.0,0.0,,1.0,0.0
0.0,0.0,,1.0,0.0
0.0,0.0,,1.0,0.0
0.0,0.0,,1.0,0.0
0.0,0.0,,1.0,0.0
0.0,0.0,,1.0,0.0
0.0,1.0,,1.0,0.0
0.0,0.0,,0.0,1.0
0.0,1.0,,1.0,0.0
0.0,1.0,,0.0,1.0
0.0,0.0,,0.0,1.0
0.0,0.0,,1.0,0.0
0.0,0.0,,1.0,0.0
0.0,0.0,,1.0,0.0
1.0,0.0,,1.0,0.0
0.0,0.0,,1.0,0.0
0.0,0.0,,1.0,0.0
0.0,0.0,,1.0,0.0
1.0,1.0,,1.0,0.0
0.0,0.0,,0.0,1.0
0.0,0.0,,1.0,0.0
0.0,0.0,,1.0,0.0
0.0,0.0,,1.0,0.0
0.0,0.0,,1.0,0.0
0.0,0.0,,1.0,0.0
0.0,0.0,,1.0,0.0
0.0,0.0,,1.0,0.0
0.0,0.0,,1.0,0.0
0.0,1.0,,1.0,0.0
0.0,0.0,,0.0,1.0
0.0,0.0,,1.0,0.0
0.0,0.0,,1.0,0.0
0.0,0.0,,1.0,0.0
0.0,0.0,,1.0,0.0
0.0,0.0,,1.0,0.0
0.0,0.0,,1.0,0.0
0.0,0.0,,1.0,0.0
0.0,0.0,,1.0,0.0
0.0,0.0,,1.0,0.0
0.0,0.0,,1.0,0.0
1.0,0.0,,1.0,0.0
0.0,0.0,,1.0,0.0
0.0,0.0,,1.0,0.0
0.0,0.0,,1.0,0.0
0.0,0.0,,1.0,0.0
0.0,0.0,,1.0,0.0
0.0,0.0,,1.0,0.0
0.0,0.0,,1.0,0.0
1.0,0.0,,1.0,0.0
0.0,0.0,,1.0,0.0
0.0,0.0,,1.0,0.0
0.0,0.0,,1.0,0.0
0.0,0.0,,1.0,0.0
0.0,0.0,,1.0,0.0
0.0,0.0,,1.0,0.0
0.0,0.0,,1.0,0.0
0.0,0.0,,1.0,0.0
0.0,0.0,,1.0,0.0
0.0,0.0,,1.0,0.0
0.0,0.0,,1.0,0.0
0.0,0.0,,1.0,0.0
0.0,0.0,,1.0,0.0
0.0,0.0,,1.0,0.0
1.0,0.0,,1.0,0.0
0.0,0.0,,1.0,0.0
1.0,0.0,,1.0,0.0
1.0,0.0,,1.0,0.0
0.0,0.0,,1.0,0.0
1.0,0.0,,1.0,0.0
0.0,0.0,,1.0,0.0
1.0,1.0,,1.0,0.0
0.0,0.0,,0.0,1.0
0.0,1.0,,1.0,0.0
0.0,0.0,,0.0,1.0
1.0,0.0,,1.0,0.0
0.0,0.0,,1.0,0.0
0.0,0.0,,1.0,0.0
0.0,0.0,,1.0,0.0
0.0,0.0,,1.0,0.0
0.0,0.0,,1.0,0.0
1.0,1.0,,1.0,0.0
0.0,0.0,,0.0,1.0
0.0,0.0,,1.0,0.0
0.0,0.0,,1.0,0.0
0.0,0.0,,1.0,0.0
0.0,0.0,,1.0,0.0
0.0,0.0,,1.0,0.0
0.0,0.0,,1.0,0.0
1.0,0.0,,1.0,0.0
0.0,0.0,,1.0,0.0
1.0,1.0,,1.0,0.0
0.0,0.0,,0.0,1.0
1.0,0.0,,1.0,0.0
0.0,0.0,,1.0,0.0
1.0,1.0,,1.0,0.0
0.0,0.0,,0.0,1.0
0.0,0.0,,1.0,0.0
0.0,0.0,,1.0,0.0
0.0,0.0,,1.0,0.0
0.0,0.0,,1.0,0.0
0.0,0.0,,1.0,0.0
0.0,0.0,,1.0,0.0
1.0,0.0,,1.0,0.0
0.0,0.0,,1.0,0.0
1.0,0.0,,1.0,0.0
0.0,0.0,,1.0,0.0
0.0,0.0,,1.0,0.0
0.0,0.0,,1.0,0.0
0.0,0.0,,1.0,0.0
0.0,0.0,,1.0,0.0
0.0,0.0,,1.0,0.0
0.0,0.0,,1.0,0.0
0.0,0.0,,1.0,0.0
0.0,0.0,,1.0,0.0
0.0,1.0,,1.0,0.0
0.0,0.0,,0.0,1.0
0.0,0.0,,1.0,0.0
0.0,0.0,,1.0,0.0
0.0,0.0,,1.0,0.0
0.0,0.0,,1.0,0.0
0.0,0.0,,1.0,0.0
0.0,0.0,,1.0,0.0
0.0,0.0,,1.0,0.0
1.0,0.0,,1.0,0.0
0.0,0.0,,1.0,0.0
0.0,0.0,,1.0,0.0
0.0,0.0,,1.0,0.0
0.0,0.0,,1.0,0.0
0.0,0.0,,1.0,0.0
0.0,0.0,,1.0,0.0
0.0,0.0,,1.0,0.0
0.0,0.0,,1.0,0.0
0.0,0.0,,1.0,0.0
0.0,0.0,,1.0,0.0
0.0,0.0,,1.0,0.0
0.0,0.0,,1.0,0.0
0.0,0.0,,1.0,0.0
0.0,0.0,,1.0,0.0
0.0,0.0,,1.0,0.0
1.0,0.0,,1.0,0.0
0.0,1.0,,1.0,0.0
1.0,1.0,,0.0,1.0
0.0,0.0,,0.0,1.0
0.0,1.0,,1.0,0.0
0.0,0.0,,0.0,1.0
0.0,0.0,,1.0,0.0
0.0,1.0,,1.0,0.0
1.0,0.0,,0.0,1.0
0.0,0.0,,1.0,0.0
1.0,0.0,,1.0,0.0
0.0,0.0,,1.0,0.0
0.0,0.0,,1.0,0.0
0.0,0.0,,1.0,0.0
0.0,0.0,,1.0,0.0
0.0,0.0,,1.0,0.0
0.0,0.0,,1.0,0.0
0.0,0.0,,1.0,0.0
0.0,0.0,,1.0,0.0
0.0,0.0,,1.0,0.0
0.0,0.0,,1.0,0.0
0.0,0.0,,1.0,0.0
1.0,0.0,,1.0,0.0
0.0,0.0,,1.0,0.0
0.0,0.0,,1.0,0.0
0.0,0.0,,1.0,0.0
0.0,0.0,,1.0,0.0
0.0,0.0,,1.0,0.0
0.0,0.0,,1.0,0.0
0.0,0.0,,1.0,0.0
0.0,0.0,,1.0,0.0
0.0,0.0,,1.0,0.0
0.0,0.0,,1.0,0.0
0.0,0.0,,1.0,0.0
0.0,0.0,,1.0,0.0
0.0,0.0,,1.0,0.0
0.0,0.0,,1.0,0.0
0.0,0.0,,1.0,0.0
0.0,0.0,,1.0,0.0
0.0,0.0,,1.0,0.0
0.0,0.0,,1.0,0.0
0.0,0.0,,1.0,0.0
0.0,0.0,,1.0,0.0
0.0,0.0,,1.0,0.0
0.0,0.0,,1.0,0.0
0.0,0.0,,1.0,0.0
0.0,0.0,,1.0,0.0
0.0,0.0,,1.0,0.0
0.0,0.0,,1.0,0.0
0.0,0.0,,1.0,0.0
0.0,0.0,,1.0,0.0
0.0,0.0,,1.0,0.0
0.0,0.0,,1.0,0.0
0.0,1.0,,1.0,0.0
0.0,0.0,,0.0,1.0
0.0,0.0,,1.0,0.0
1.0,0.0,,1.0,0.0
0.0,0.0,,1.0,0.0
0.0,0.0,,1.0,0.0
0.0,0.0,,1.0,0.0
0.0,0.0,,1.0,0.0
0.0,0.0,,1.0,0.0
0.0,0.0,,1.0,0.0
0.0,0.0,,1.0,0.0
0.0,0.0,,1.0,0.0
0.0,0.0,,1.0,0.0
1.0,0.0,,1.0,0.0
0.0,1.0,,1.0,0.0
0.0,0.0,,0.0,1.0
0.0,0.0,,1.0,0.0
0.0,0.0,,1.0,0.0
0.0,0.0,,1.0,0.0
0.0,0.0,,1.0,0.0
0.0,0.0,,1.0,0.0
0.0,0.0,,1.0,0.0
0.0,0.0,,1.0,0.0
0.0,0.0,,1.0,0.0
0.0,0.0,,1.0,0.0
0.0,0.0,,1.0,0.0
0.0,0.0,,1.0,0.0
0.0,0.0,,1.0,0.0
0.0,1.0,,1.0,0.0
0.0,0.0,,0.0,1.0
0.0,0.0,,1.0,0.0
0.0,0.0,,1.0,0.0
0.0,0.0,,1.0,0.0
1.0,1.0,,1.0,0.0
1.0,0.0,,0.0,1.0
0.0,0.0,,1.0,0.0
0.0,0.0,,1.0,0.0
0.0,0.0,,1.0,0.0
0.0,0.0,,1.0,0.0
0.0,0.0,,1.0,0.0
1.0,0.0,,1.0,0.0
0.0,0.0,,1.0,0.0
0.0,0.0,,1.0,0.0
0.0,0.0,,1.0,0.0
0.0,0.0,,1.0,0.0
0.0,0.0,,1.0,0.0
0.0,1.0,,1.0,0.0
0.0,0.0,,0.0,1.0
0.0,0.0,,1.0,0.0
0.0,0.0,,1.0,0.0
0.0,0.0,,1.0,0.0
0.0,0.0,,1.0,0.0
0.0,0.0,,1.0,0.0
0.0,0.0,,1.0,0.0
0.0,0.0,,1.0,0.0
0.0,0.0,,1.0,0.0
0.0,0.0,,1.0,0.0
0.0,0.0,,1.0,0.0
0.0,0.0,,1.0,0.0
0.0,0.0,,1.0,0.0
0.0,0.0,,1.0,0.0
0.0,0.0,,1.0,0.0
0.0,0.0,,1.0,0.0
0.0,0.0,,1.0,0.0
0.0,0.0,,1.0,0.0
0.0,0.0,,1.0,0.0
0.0,0.0,,1.0,0.0
0.0,0.0,,1.0,0.0
0.0,0.0,,1.0,0.0
0.0,0.0,,1.0,0.0
0.0,0.0,,1.0,0.0
0.0,1.0,,1.0,0.0
0.0,0.0,,0.0,1.0
0.0,0.0,,1.0,0.0
1.0,0.0,,1.0,0.0
0.0,0.0,,1.0,0.0
0.0,0.0,,1.0,0.0
0.0,0.0,,1.0,0.0
0.0,0.0,,1.0,0.0
0.0,0.0,,1.0,0.0
0.0,0.0,,1.0,0.0
1.0,1.0,,1.0,0.0
0.0,0.0,,0.0,1.0
0.0,0.0,,1.0,0.0
0.0,0.0,,1.0,0.0
1.0,0.0,,1.0,0.0
0.0,0.0,,1.0,0.0
0.0,0.0,,1.0,0.0
1.0,0.0,,1.0,0.0
0.0,1.0,,1.0,0.0
0.0,0.0,,0.0,1.0
0.0,0.0,,1.0,0.0
0.0,0.0,,1.0,0.0
0.0,1.0,,1.0,0.0
0.0,0.0,,0.0,1.0
1.0,1.0,,1.0,0.0
0.0,0.0,,0.0,1.0
0.0,0.0,,1.0,0.0
0.0,0.0,,1.0,0.0
0.0,0.0,,1.0,0.0
0.0,0.0,,1.0,0.0
1.0,0.0,,1.0,0.0
0.0,0.0,,1.0,0.0
0.0,0.0,,1.0,0.0
0.0,0.0,,1.0,0.0
0.0,0.0,,1.0,0.0
0.0,0.0,,1.0,0.0
0.0,0.0,,1.0,0.0
0.0,0.0,,1.0,0.0
0.0,0.0,,1.0,0.0
0.0,0.0,,1.0,0.0
0.0,0.0,,1.0,0.0
0.0,0.0,,1.0,0.0
0.0,0.0,,1.0,0.0
0.0,0.0,,1.0,0.0
0.0,0.0,,1.0,0.0
1.0,1.0,,1.0,0.0
0.0,0.0,,0.0,1.0
0.0,0.0,,1.0,0.0
0.0,0.0,,1.0,0.0
0.0,0.0,,1.0,0.0
0.0,0.0,,1.0,0.0
0.0,0.0,,1.0,0.0
0.0,0.0,,1.0,0.0
0.0,0.0,,1.0,0.0
0.0,0.0,,1.0,0.0
0.0,0.0,,1.0,0.0
0.0,0.0,,1.0,0.0
0.0,0.0,,1.0,0.0
0.0,0.0,,1.0,0.0
0.0,0.0,,1.0,0.0
0.0,0.0,,1.0,0.0
0.0,0.0,,1.0,0.0
0.0,0.0,,1.0,0.0
0.0,0.0,,1.0,0.0
0.0,0.0,,1.0,0.0
1.0,0.0,,1.0,0.0
0.0,0.0,,1.0,0.0
0.0,0.0,,1.0,0.0
0.0,0.0,,1.0,0.0
0.0,0.0,,1.0,0.0
0.0,0.0,,1.0,0.0
0.0,0.0,,1.0,0.0
0.0,0.0,,1.0,0.0
0.0,1.0,,1.0,0.0
0.0,0.0,,0.0,1.0
1.0,0.0,,1.0,0.0
0.0,0.0,,1.0,0.0
1.0,0.0,,1.0,0.0
0.0,0.0,,1.0,0.0
0.0,0.0,,1.0,0.0
0.0,0.0,,1.0,0.0
0.0,0.0,,1.0,0.0
1.0,1.0,,1.0,0.0
0.0,0.0,,0.0,1.0
0.0,1.0,,1.0,0.0
0.0,0.0,,0.0,1.0
0.0,0.0,,1.0,0.0
0.0,1.0,,1.0,0.0
0.0,0.0,,0.0,1.0
0.0,0.0,,1.0,0.0
0.0,0.0,,1.0,0.0
0.0,0.0,,1.0,0.0
0.0,0.0,,1.0,0.0
0.0,0.0,,1.0,0.0
0.0,0.0,,1.0,0.0
0.0,0.0,,1.0,0.0
0.0,0.0,,1.0,0.0
0.0,0.0,,1.0,0.0
0.0,0.0,,1.0,0.0
1.0,0.0,,1.0,0.0
0.0,0.0,,1.0,0.0
1.0,0.0,,1.0,0.0
1.0,0.0,,1.0,0.0
0.0,0.0,,1.0,0.0
0.0,0.0,,1.0,0.0
0.0,0.0,,1.0,0.0
1.0,0.0,,1.0,0.0
0.0,0.0,,1.0,0.0
0.0,0.0,,1.0,0.0
0.0,0.0,,1.0,0.0
0.0,0.0,,1.0,0.0
0.0,0.0,,1.0,0.0
0.0,0.0,,1.0,0.0
0.0,1.0,,1.0,0.0
0.0,0.0,,0.0,1.0
0.0,0.0,,1.0,0.0
1.0,0.0,,1.0,0.0
0.0,0.0,,1.0,0.0
0.0,0.0,,1.0,0.0
0.0,1.0,,1.0,0.0
1.0,0.0,,0.0,1.0
0.0,0.0,,1.0,0.0
0.0,0.0,,1.0,0.0
0.0,0.0,,1.0,0.0
0.0,0.0,,1.0,0.0
0.0,0.0,,1.0,0.0
0.0,0.0,,1.0,0.0
0.0,0.0,,1.0,0.0
0.0,0.0,,1.0,0.0
0.0,0.0,,1.0,0.0
0.0,0.0,,1.0,0.0
0.0,0.0,,1.0,0.0
0.0,0.0,,1.0,0.0
0.0,1.0,,1.0,0.0
1.0,1.0,,0.0,1.0
0.0,0.0,,0.0,1.0
0.0,0.0,,1.0,0.0
1.0,1.0,,1.0,0.0
0.0,0.0,,0.0,1.0
0.0,1.0,,1.0,0.0
1.0,0.0,,0.0,1.0
0.0,0.0,,1.0,0.0
1.0,0.0,,1.0,0.0
0.0,0.0,,1.0,0.0
0.0,1.0,,1.0,0.0
0.0,0.0,,0.0,1.0
0.0,0.0,,1.0,0.0
0.0,0.0,,1.0,0.0
1.0,0.0,,1.0,0.0
0.0,0.0,,1.0,0.0
0.0,0.0,,1.0,0.0
0.0,0.0,,1.0,0.0
0.0,0.0,,1.0,0.0
0.0,0.0,,1.0,0.0
0.0,0.0,,1.0,0.0
0.0,0.0,,1.0,0.0
0.0,0.0,,1.0,0.0
0.0,1.0,,1.0,0.0
0.0,0.0,,0.0,1.0
0.0,0.0,,1.0,0.0
0.0,0.0,,1.0,0.0
0.0,0.0,,1.0,0.0
0.0,0.0,,1.0,0.0
0.0,0.0,,1.0,0.0
0.0,0.0,,1.0,0.0
0.0,0.0,,1.0,0.0
0.0,0.0,,1.0,0.0
0.0,0.0,,1.0,0.0
0.0,0.0,,1.0,0.0
0.0,0.0,,1.0,0.0
0.0,0.0,,1.0,0.0
0.0,0.0,,1.0,0.0
0.0,0.0,,1.0,0.0
0.0,0.0,,1.0,0.0
1.0,0.0,,1.0,0.0
0.0,0.0,,1.0,0.0
0.0,0.0,,1.0,0.0
0.0,0.0,,1.0,0.0
0.0,0.0,,1.0,0.0
0.0,0.0,,1.0,0.0
0.0,0.0,,1.0,0.0
0.0,0.0,,1.0,0.0
0.0,0.0,,1.0,0.0
0.0,0.0,,1.0,0.0
0.0,0.0,,1.0,0.0
0.0,0.0,,1.0,0.0
0.0,0.0,,1.0,0.0
0.0,0.0,,1.0,0.0
0.0,0.0,,1.0,0.0
0.0,0.0,,1.0,0.0
0.0,0.0,,1.0,0.0
0.0,0.0,,1.0,0.0
0.0,0.0,,1.0,0.0
0.0,0.0,,1.0,0.0
0.0,0.0,,1.0,0.0
0.0,0.0,,1.0,0.0
0.0,0.0,,1.0,0.0
0.0,0.0,,1.0,0.0
0.0,0.0,,1.0,0.0
0.0,0.0,,1.0,0.0
0.0,0.0,,1.0,0.0
1.0,1.0,,1.0,0.0
0.0,0.0,,0.0,1.0
0.0,0.0,,1.0,0.0
0.0,0.0,,1.0,0.0
1.0,0.0,,1.0,0.0
1.0,0.0,,1.0,0.0
0.0,0.0,,1.0,0.0
0.0,0.0,,1.0,0.0
0.0,0.0,,1.0,0.0
1.0,1.0,,1.0,0.0
0.0,0.0,,0.0,1.0
0.0,0.0,,1.0,0.0
0.0,0.0,,1.0,0.0
0.0,0.0,,1.0,0.0
0.0,0.0,,1.0,0.0
0.0,0.0,,1.0,0.0
0.0,0.0,,1.0,0.0
0.0,0.0,,1.0,0.0
0.0,0.0,,1.0,0.0
0.0,0.0,,1.0,0.0
0.0,0.0,,1.0,0.0
0.0,0.0,,1.0,0.0
1.0,0.0,,1.0,0.0
0.0,0.0,,1.0,0.0
0.0,0.0,,1.0,0.0
0.0,0.0,,1.0,0.0
0.0,0.0,,1.0,0.0
0.0,0.0,,1.0,0.0
1.0,0.0,,1.0,0.0
0.0,0.0,,1.0,0.0
0.0,0.0,,1.0,0.0
1.0,1.0,,1.0,0.0
0.0,0.0,,0.0,1.0
0.0,0.0,,1.0,0.0
0.0,0.0,,1.0,0.0
0.0,0.0,,1.0,0.0
0.0,0.0,,1.0,0.0
1.0,1.0,,1.0,0.0
0.0,0.0,,0.0,1.0
1.0,0.0,,1.0,0.0
1.0,0.0,,1.0,0.0
0.0,0.0,,1.0,0.0
0.0,0.0,,1.0,0.0
0.0,0.0,,1.0,0.0
0.0,0.0,,1.0,0.0
0.0,0.0,,1.0,0.0
0.0,0.0,,1.0,0.0
0.0,0.0,,1.0,0.0
0.0,0.0,,1.0,0.0
1.0,1.0,,1.0,0.0
0.0,0.0,,0.0,1.0
0.0,0.0,,1.0,0.0
0.0,0.0,,1.0,0.0
0.0,0.0,,1.0,0.0
0.0,0.0,,1.0,0.0
1.0,0.0,,1.0,0.0
0.0,0.0,,1.0,0.0
0.0,0.0,,1.0,0.0
0.0,0.0,,1.0,0.0
0.0,0.0,,1.0,0.0
0.0,0.0,,1.0,0.0
0.0,0.0,,1.0,0.0
0.0,0.0,,1.0,0.0
0.0,0.0,,1.0,0.0
0.0,0.0,,1.0,0.0
0.0,0.0,,1.0,0.0
0.0,0.0,,1.0,0.0
1.0,1.0,,1.0,0.0
0.0,0.0,,0.0,1.0
0.0,0.0,,1.0,0.0
0.0,0.0,,1.0,0.0
1.0,1.0,,1.0,0.0
0.0,0.0,,0.0,1.0
1.0,0.0,,1.0,0.0
0.0,0.0,,1.0,0.0
0.0,0.0,,1.0,0.0
0.0,0.0,,1.0,0.0
0.0,0.0,,1.0,0.0
0.0,0.0,,1.0,0.0
0.0,0.0,,1.0,0.0
0.0,0.0,,1.0,0.0
0.0,0.0,,1.0,0.0
0.0,0.0,,1.0,0.0
0.0,0.0,,1.0,0.0
0.0,0.0,,1.0,0.0
0.0,0.0,,1.0,0.0
0.0,0.0,,1.0,0.0
0.0,0.0,,1.0,0.0
0.0,0.0,,1.0,0.0
0.0,0.0,,1.0,0.0
1.0,0.0,,1.0,0.0
0.0,0.0,,1.0,0.0
0.0,0.0,,1.0,0.0
0.0,0.0,,1.0,0.0
0.0,0.0,,1.0,0.0
0.0,0.0,,1.0,0.0
0.0,0.0,,1.0,0.0
0.0,0.0,,1.0,0.0
1.0,0.0,,1.0,0.0
0.0,1.0,,1.0,0.0
0.0,0.0,,0.0,1.0
0.0,0.0,,1.0,0.0
0.0,0.0,,1.0,0.0
0.0,1.0,,1.0,0.0
0.0,0.0,,0.0,1.0
0.0,0.0,,1.0,0.0
1.0,0.0,,1.0,0.0
1.0,0.0,,1.0,0.0
0.0,0.0,,1.0,0.0
0.0,0.0,,1.0,0.0
0.0,0.0,,1.0,0.0
0.0,0.0,,1.0,0.0
0.0,0.0,,1.0,0.0
0.0,1.0,,1.0,0.0
0.0,0.0,,0.0,1.0
0.0,0.0,,1.0,0.0
0.0,1.0,,1.0,0.0
1.0,0.0,,0.0,1.0
0.0,0.0,,1.0,0.0
0.0,0.0,,1.0,0.0
0.0,0.0,,1.0,0.0
0.0,0.0,,1.0,0.0
0.0,0.0,,1.0,0.0
0.0,0.0,,1.0,0.0
0.0,0.0,,1.0,0.0
0.0,1.0,,1.0,0.0
1.0,0.0,,0.0,1.0
0.0,0.0,,1.0,0.0
0.0,0.0,,1.0,0.0
0.0,0.0,,1.0,0.0
0.0,0.0,,1.0,0.0
0.0,0.0,,1.0,0.0
0.0,0.0,,1.0,0.0
0.0,0.0,,1.0,0.0
0.0,0.0,,1.0,0.0
0.0,0.0,,1.0,0.0
0.0,0.0,,1.0,0.0
0.0,0.0,,1.0,0.0
1.0,1.0,,1.0,0.0
0.0,0.0,,0.0,1.0
0.0,0.0,,1.0,0.0
0.0,0.0,,1.0,0.0
0.0,0.0,,1.0,0.0
0.0,0.0,,1.0,0.0
0.0,0.0,,1.0,0.0
0.0,0.0,,1.0,0.0
1.0,0.0,,1.0,0.0
0.0,0.0,,1.0,0.0
0.0,0.0,,1.0,0.0
0.0,0.0,,1.0,0.0
0.0,0.0,,1.0,0.0
0.0,0.0,,1.0,0.0
0.0,0.0,,1.0,0.0
0.0,0.0,,1.0,0.0
1.0,1.0,,1.0,0.0
0.0,0.0,,0.0,1.0
0.0,0.0,,1.0,0.0
0.0,0.0,,1.0,0.0
0.0,0.0,,1.0,0.0
0.0,0.0,,1.0,0.0
0.0,0.0,,1.0,0.0
1.0,0.0,,1.0,0.0
0.0,0.0,,1.0,0.0
1.0,1.0,,1.0,0.0
0.0,0.0,,0.0,1.0
0.0,0.0,,1.0,0.0
0.0,0.0,,1.0,0.0
0.0,0.0,,1.0,0.0
0.0,0.0,,1.0,0.0
0.0,0.0,,1.0,0.0
0.0,0.0,,1.0,0.0
0.0,0.0,,1.0,0.0
0.0,0.0,,1.0,0.0
0.0,0.0,,1.0,0.0
0.0,0.0,,1.0,0.0
0.0,1.0,,1.0,0.0
0.0,0.0,,0.0,1.0
0.0,0.0,,1.0,0.0
0.0,0.0,,1.0,0.0
0.0,0.0,,1.0,0.0
0.0,0.0,,1.0,0.0
0.0,0.0,,1.0,0.0
0.0,0.0,,1.0,0.0
0.0,0.0,,1.0,0.0
0.0,0.0,,1.0,0.0
0.0,0.0,,1.0,0.0
0.0,0.0,,1.0,0.0
0.0,0.0,,1.0,0.0
0.0,0.0,,1.0,0.0
1.0,0.0,,1.0,0.0
0.0,0.0,,1.0,0.0
0.0,0.0,,1.0,0.0
0.0,0.0,,1.0,0.0
0.0,0.0,,1.0,0.0
0.0,0.0,,1.0,0.0
0.0,1.0,,1.0,0.0
1.0,0.0,,0.0,1.0
0.0,0.0,,1.0,0.0
0.0,0.0,,1.0,0.0
0.0,0.0,,1.0,0.0
0.0,0.0,,1.0,0.0
0.0,0.0,,1.0,0.0
0.0,0.0,,1.0,0.0
1.0,0.0,,1.0,0.0
0.0,0.0,,1.0,0.0
0.0,0.0,,1.0,0.0
0.0,0.0,,1.0,0.0
0.0,0.0,,1.0,0.0
0.0,0.0,,1.0,0.0
0.0,0.0,,1.0,0.0
0.0,0.0,,1.0,0.0
0.0,0.0,,1.0,0.0
0.0,0.0,,1.0,0.0
0.0,1.0,,1.0,0.0
1.0,0.0,,0.0,1.0
0.0,0.0,,1.0,0.0
0.0,0.0,,1.0,0.0
0.0,0.0,,1.0,0.0
0.0,0.0,,1.0,0.0
0.0,0.0,,1.0,0.0
1.0,1.0,,1.0,0.0
0.0,0.0,,0.0,1.0
0.0,0.0,,1.0,0.0
0.0,0.0,,1.0,0.0
0.0,0.0,,1.0,0.0
0.0,0.0,,1.0,0.0
0.0,0.0,,1.0,0.0
0.0,0.0,,1.0,0.0
0.0,0.0,,1.0,0.0
0.0,0.0,,1.0,0.0
0.0,0.0,,1.0,0.0
0.0,0.0,,1.0,0.0
0.0,0.0,,1.0,0.0
0.0,0.0,,1.0,0.0
0.0,0.0,,1.0,0.0
0.0,0.0,,1.0,0.0
0.0,0.0,,1.0,0.0
1.0,0.0,,1.0,0.0
0.0,0.0,,1.0,0.0
0.0,0.0,,1.0,0.0
0.0,0.0,,1.0,0.0
1.0,0.0,,1.0,0.0
0.0,0.0,,1.0,0.0
0.0,0.0,,1.0,0.0
0.0,0.0,,1.0,0.0
0.0,0.0,,1.0,0.0
0.0,0.0,,1.0,0.0
0.0,0.0,,1.0,0.0
0.0,0.0,,1.0,0.0
0.0,0.0,,1.0,0.0
0.0,0.0,,1.0,0.0
0.0,1.0,,1.0,0.0
0.0,0.0,,0.0,1.0
0.0,0.0,,1.0,0.0
0.0,0.0,,1.0,0.0
0.0,0.0,,1.0,0.0
0.0,0.0,,1.0,0.0
0.0,0.0,,1.0,0.0
0.0,1.0,,1.0,0.0
0.0,0.0,,0.0,1.0
0.0,0.0,,1.0,0.0
0.0,0.0,,1.0,0.0
0.0,0.0,,1.0,0.0
0.0,0.0,,1.0,0.0
0.0,0.0,,1.0,0.0
0.0,0.0,,1.0,0.0
0.0,0.0,,1.0,0.0
0.0,0.0,,1.0,0.0
0.0,0.0,,1.0,0.0
0.0,0.0,,1.0,0.0
0.0,0.0,,1.0,0.0
0.0,0.0,,1.0,0.0
0.0,0.0,,1.0,0.0
0.0,0.0,,1.0,0.0
0.0,0.0,,1.0,0.0
0.0,0.0,,1.0,0.0
0.0,0.0,,1.0,0.0
0.0,1.0,,1.0,0.0
0.0,0.0,,0.0,1.0
0.0,0.0,,1.0,0.0
0.0,0.0,,1.0,0.0
0.0,0.0,,1.0,0.0
0.0,0.0,,1.0,0.0
0.0,0.0,,1.0,0.0
0.0,0.0,,1.0,0.0
0.0,1.0,,1.0,0.0
0.0,0.0,,0.0,1.0
0.0,0.0,,1.0,0.0
0.0,0.0,,1.0,0.0
0.0,0.0,,1.0,0.0
0.0,0.0,,1.0,0.0
1.0,1.0,,1.0,0.0
0.0,0.0,,0.0,1.0
0.0,0.0,,1.0,0.0
0.0,0.0,,1.0,0.0
0.0,0.0,,1.0,0.0
0.0,0.0,,1.0,0.0
0.0,0.0,,1.0,0.0
0.0,0.0,,1.0,0.0
0.0,1.0,,1.0,0.0
0.0,0.0,,0.0,1.0
0.0,0.0,,1.0,0.0
0.0,0.0,,1.0,0.0
0.0,0.0,,1.0,0.0
0.0,0.0,,1.0,0.0
0.0,0.0,,1.0,0.0
0.0,0.0,,1.0,0.0
0.0,0.0,,1.0,0.0
0.0,0.0,,1.0,0.0
0.0,0.0,,1.0,0.0
0.0,0.0,,1.0,0.0
0.0,0.0,,1.0,0.0
0.0,0.0,,1.0,0.0
0.0,0.0,,1.0,0.0
0.0,0.0,,1.0,0.0
0.0,0.0,,1.0,0.0
0.0,0.0,,1.0,0.0
1.0,1.0,,1.0,0.0
0.0,0.0,,0.0,1.0
0.0,0.0,,1.0,0.0
0.0,0.0,,1.0,0.0
1.0,1.0,,1.0,0.0
0.0,0.0,,0.0,1.0
0.0,0.0,,1.0,0.0
0.0,0.0,,1.0,0.0
0.0,0.0,,1.0,0.0
0.0,0.0,,1.0,0.0
0.0,0.0,,1.0,0.0
0.0,1.0,,1.0,0.0
0.0,0.0,,0.0,1.0
0.0,1.0,,1.0,0.0
0.0,0.0,,0.0,1.0
0.0,0.0,,1.0,0.0
1.0,1.0,,1.0,0.0
0.0,0.0,,0.0,1.0
0.0,0.0,,1.0,0.0
0.0,0.0,,1.0,0.0
0.0,0.0,,1.0,0.0
0.0,0.0,,1.0,0.0
0.0,0.0,,1.0,0.0
0.0,0.0,,1.0,0.0
0.0,1.0,,1.0,0.0
0.0,0.0,,0.0,1.0
0.0,0.0,,1.0,0.0
1.0,0.0,,1.0,0.0
0.0,0.0,,1.0,0.0
0.0,0.0,,1.0,0.0
0.0,0.0,,1.0,0.0
0.0,0.0,,1.0,0.0
0.0,1.0,,1.0,0.0
0.0,0.0,,0.0,1.0
0.0,0.0,,1.0,0.0
0.0,0.0,,1.0,0.0
0.0,1.0,,1.0,0.0
0.0,0.0,,0.0,1.0
0.0,0.0,,1.0,0.0
0.0,0.0,,1.0,0.0
0.0,0.0,,1.0,0.0
1.0,1.0,,1.0,0.0
0.0,0.0,,0.0,1.0
0.0,0.0,,1.0,0.0
1.0,0.0,,1.0,0.0
0.0,0.0,,1.0,0.0
0.0,0.0,,1.0,0.0
0.0,0.0,,1.0,0.0
0.0,0.0,,1.0,0.0
1.0,0.0,,1.0,0.0
0.0,0.0,,1.0,0.0
0.0,0.0,,1.0,0.0
0.0,1.0,,1.0,0.0
0.0,0.0,,0.0,1.0
0.0,0.0,,1.0,0.0
0.0,0.0,,1.0,0.0
0.0,0.0,,1.0,0.0
0.0,0.0,,1.0,0.0
1.0,0.0,,1.0,0.0
0.0,0.0,,1.0,0.0
0.0,0.0,,1.0,0.0
0.0,0.0,,1.0,0.0
0.0,0.0,,1.0,0.0
0.0,0.0,,1.0,0.0
0.0,0.0,,1.0,0.0
0.0,0.0,,1.0,0.0
1.0,1.0,,1.0,0.0
0.0,0.0,,0.0,1.0
0.0,0.0,,1.0,0.0
0.0,0.0,,1.0,0.0
0.0,0.0,,1.0,0.0
0.0,0.0,,1.0,0.0
0.0,1.0,,1.0,0.0
0.0,1.0,,0.0,1.0
0.0,0.0,,0.0,1.0
0.0,0.0,,1.0,0.0
0.0,0.0,,1.0,0.0
0.0,0.0,,1.0,0.0
0.0,0.0,,1.0,0.0
0.0,0.0,,1.0,0.0
0.0,0.0,,1.0,0.0
0.0,0.0,,1.0,0.0
0.0,0.0,,1.0,0.0
0.0,0.0,,1.0,0.0
0.0,0.0,,1.0,0.0
0.0,1.0,,1.0,0.0
0.0,0.0,,0.0,1.0
0.0,0.0,,1.0,0.0
0.0,0.0,,1.0,0.0
0.0,0.0,,1.0,0.0
0.0,0.0,,1.0,0.0
0.0,0.0,,1.0,0.0
0.0,0.0,,1.0,0.0
0.0,0.0,,1.0,0.0
0.0,0.0,,1.0,0.0
0.0,0.0,,1.0,0.0
0.0,0.0,,1.0,0.0
0.0,0.0,,1.0,0.0
0.0,0.0,,1.0,0.0
1.0,1.0,,1.0,0.0
1.0,1.0,,0.0,1.0
0.0,0.0,,0.0,1.0
0.0,0.0,,1.0,0.0
1.0,0.0,,1.0,0.0
0.0,0.0,,1.0,0.0
0.0,0.0,,1.0,0.0
0.0,0.0,,1.0,0.0
0.0,0.0,,1.0,0.0
0.0,0.0,,1.0,0.0
0.0,0.0,,1.0,0.0
0.0,1.0,,1.0,0.0
0.0,0.0,,0.0,1.0
0.0,0.0,,1.0,0.0
0.0,0.0,,1.0,0.0
0.0,0.0,,1.0,0.0
0.0,0.0,,1.0,0.0
0.0,0.0,,1.0,0.0
0.0,0.0,,1.0,0.0
0.0,0.0,,1.0,0.0
0.0,0.0,,1.0,0.0
0.0,0.0,,1.0,0.0
0.0,0.0,,1.0,0.0
0.0,0.0,,1.0,0.0
0.0,0.0,,1.0,0.0
0.0,0.0,,1.0,0.0
0.0,0.0,,1.0,0.0
0.0,0.0,,1.0,0.0
1.0,0.0,,1.0,0.0
0.0,0.0,,1.0,0.0
0.0,0.0,,1.0,0.0
0.0,0.0,,1.0,0.0
0.0,0.0,,1.0,0.0
0.0,0.0,,1.0,0.0
0.0,0.0,,1.0,0.0
0.0,0.0,,1.0,0.0
0.0,0.0,,1.0,0.0
0.0,0.0,,1.0,0.0
0.0,0.0,,1.0,0.0
1.0,1.0,,1.0,0.0
0.0,0.0,,0.0,1.0
1.0,0.0,,1.0,0.0
0.0,0.0,,1.0,0.0
0.0,0.0,,1.0,0.0
1.0,1.0,,1.0,0.0
0.0,0.0,,0.0,1.0
0.0,0.0,,1.0,0.0
0.0,0.0,,1.0,0.0
0.0,0.0,,1.0,0.0
