ringnorm.arff, 1NN
No Parameter Info
73.55855855855856
0.0,1.0,,0.0,1.0
1.0,1.0,,0.0,1.0
1.0,1.0,,0.0,1.0
0.0,0.0,,0.0,1.0
1.0,1.0,,1.0,0.0
0.0,0.0,,0.0,1.0
0.0,1.0,,1.0,0.0
1.0,1.0,,0.0,1.0
1.0,1.0,,0.0,1.0
0.0,1.0,,0.0,1.0
0.0,0.0,,0.0,1.0
0.0,0.0,,1.0,0.0
0.0,0.0,,1.0,0.0
1.0,1.0,,1.0,0.0
0.0,0.0,,0.0,1.0
0.0,0.0,,1.0,0.0
1.0,1.0,,1.0,0.0
0.0,1.0,,0.0,1.0
1.0,1.0,,0.0,1.0
1.0,1.0,,0.0,1.0
0.0,1.0,,0.0,1.0
1.0,1.0,,0.0,1.0
1.0,1.0,,0.0,1.0
0.0,0.0,,0.0,1.0
1.0,1.0,,1.0,0.0
0.0,0.0,,0.0,1.0
0.0,1.0,,1.0,0.0
1.0,1.0,,0.0,1.0
0.0,1.0,,0.0,1.0
0.0,1.0,,0.0,1.0
0.0,0.0,,0.0,1.0
0.0,0.0,,1.0,0.0
0.0,0.0,,1.0,0.0
1.0,1.0,,1.0,0.0
1.0,1.0,,0.0,1.0
0.0,1.0,,0.0,1.0
1.0,1.0,,0.0,1.0
0.0,1.0,,0.0,1.0
0.0,1.0,,0.0,1.0
1.0,1.0,,0.0,1.0
1.0,1.0,,0.0,1.0
0.0,1.0,,0.0,1.0
1.0,1.0,,0.0,1.0
0.0,1.0,,0.0,1.0
0.0,1.0,,0.0,1.0
1.0,1.0,,0.0,1.0
0.0,1.0,,0.0,1.0
1.0,1.0,,0.0,1.0
1.0,1.0,,0.0,1.0
0.0,1.0,,0.0,1.0
1.0,1.0,,0.0,1.0
0.0,1.0,,0.0,1.0
0.0,0.0,,0.0,1.0
1.0,1.0,,1.0,0.0
1.0,1.0,,0.0,1.0
1.0,1.0,,0.0,1.0
0.0,1.0,,0.0,1.0
0.0,0.0,,0.0,1.0
0.0,1.0,,1.0,0.0
0.0,0.0,,0.0,1.0
0.0,1.0,,1.0,0.0
1.0,1.0,,0.0,1.0
0.0,0.0,,0.0,1.0
0.0,0.0,,1.0,0.0
1.0,1.0,,1.0,0.0
0.0,1.0,,0.0,1.0
1.0,1.0,,0.0,1.0
0.0,1.0,,0.0,1.0
1.0,1.0,,0.0,1.0
0.0,0.0,,0.0,1.0
0.0,1.0,,1.0,0.0
0.0,1.0,,0.0,1.0
1.0,1.0,,0.0,1.0
0.0,0.0,,0.0,1.0
1.0,1.0,,1.0,0.0
0.0,1.0,,0.0,1.0
0.0,0.0,,0.0,1.0
0.0,1.0,,1.0,0.0
1.0,1.0,,0.0,1.0
1.0,1.0,,0.0,1.0
1.0,1.0,,0.0,1.0
0.0,1.0,,0.0,1.0
0.0,0.0,,0.0,1.0
1.0,1.0,,1.0,0.0
0.0,1.0,,0.0,1.0
1.0,1.0,,0.0,1.0
0.0,1.0,,0.0,1.0
0.0,1.0,,0.0,1.0
0.0,1.0,,0.0,1.0
0.0,1.0,,0.0,1.0
1.0,1.0,,0.0,1.0
0.0,0.0,,0.0,1.0
0.0,1.0,,1.0,0.0
0.0,0.0,,0.0,1.0
1.0,1.0,,1.0,0.0
0.0,0.0,,0.0,1.0
0.0,1.0,,1.0,0.0
0.0,0.0,,0.0,1.0
1.0,1.0,,1.0,0.0
0.0,1.0,,0.0,1.0
0.0,1.0,,0.0,1.0
0.0,1.0,,0.0,1.0
1.0,1.0,,0.0,1.0
0.0,0.0,,0.0,1.0
0.0,0.0,,1.0,0.0
1.0,1.0,,1.0,0.0
1.0,1.0,,0.0,1.0
0.0,1.0,,0.0,1.0
0.0,0.0,,0.0,1.0
0.0,1.0,,1.0,0.0
1.0,1.0,,0.0,1.0
1.0,1.0,,0.0,1.0
0.0,1.0,,0.0,1.0
0.0,0.0,,0.0,1.0
1.0,1.0,,1.0,0.0
1.0,1.0,,0.0,1.0
0.0,1.0,,0.0,1.0
1.0,1.0,,0.0,1.0
1.0,1.0,,0.0,1.0
1.0,1.0,,0.0,1.0
0.0,0.0,,0.0,1.0
1.0,1.0,,1.0,0.0
1.0,1.0,,0.0,1.0
0.0,0.0,,0.0,1.0
1.0,1.0,,1.0,0.0
0.0,1.0,,0.0,1.0
1.0,1.0,,0.0,1.0
1.0,1.0,,0.0,1.0
1.0,1.0,,0.0,1.0
1.0,1.0,,0.0,1.0
1.0,1.0,,0.0,1.0
0.0,0.0,,0.0,1.0
1.0,1.0,,1.0,0.0
1.0,1.0,,0.0,1.0
1.0,1.0,,0.0,1.0
1.0,1.0,,0.0,1.0
0.0,0.0,,0.0,1.0
0.0,0.0,,1.0,0.0
1.0,1.0,,1.0,0.0
1.0,1.0,,0.0,1.0
1.0,1.0,,0.0,1.0
0.0,1.0,,0.0,1.0
1.0,1.0,,0.0,1.0
1.0,1.0,,0.0,1.0
0.0,0.0,,0.0,1.0
1.0,1.0,,1.0,0.0
1.0,1.0,,0.0,1.0
0.0,0.0,,0.0,1.0
1.0,1.0,,1.0,0.0
0.0,1.0,,0.0,1.0
0.0,0.0,,0.0,1.0
0.0,0.0,,1.0,0.0
1.0,1.0,,1.0,0.0
0.0,1.0,,0.0,1.0
0.0,1.0,,0.0,1.0
1.0,1.0,,0.0,1.0
0.0,1.0,,0.0,1.0
1.0,1.0,,0.0,1.0
1.0,1.0,,0.0,1.0
0.0,0.0,,0.0,1.0
1.0,1.0,,1.0,0.0
0.0,1.0,,0.0,1.0
1.0,1.0,,0.0,1.0
0.0,0.0,,0.0,1.0
1.0,1.0,,1.0,0.0
1.0,1.0,,0.0,1.0
1.0,1.0,,0.0,1.0
1.0,1.0,,0.0,1.0
1.0,1.0,,0.0,1.0
1.0,1.0,,0.0,1.0
1.0,1.0,,0.0,1.0
0.0,1.0,,0.0,1.0
1.0,1.0,,0.0,1.0
0.0,0.0,,0.0,1.0
1.0,1.0,,1.0,0.0
0.0,1.0,,0.0,1.0
0.0,1.0,,0.0,1.0
0.0,0.0,,0.0,1.0
1.0,1.0,,1.0,0.0
0.0,0.0,,0.0,1.0
1.0,1.0,,1.0,0.0
0.0,1.0,,0.0,1.0
0.0,1.0,,0.0,1.0
1.0,1.0,,0.0,1.0
1.0,1.0,,0.0,1.0
0.0,1.0,,0.0,1.0
0.0,1.0,,0.0,1.0
0.0,1.0,,0.0,1.0
0.0,1.0,,0.0,1.0
1.0,1.0,,0.0,1.0
1.0,1.0,,0.0,1.0
1.0,1.0,,0.0,1.0
0.0,1.0,,0.0,1.0
0.0,0.0,,0.0,1.0
0.0,1.0,,1.0,0.0
0.0,1.0,,0.0,1.0
1.0,1.0,,0.0,1.0
0.0,1.0,,0.0,1.0
0.0,1.0,,0.0,1.0
1.0,1.0,,0.0,1.0
1.0,1.0,,0.0,1.0
1.0,1.0,,0.0,1.0
1.0,1.0,,0.0,1.0
0.0,1.0,,0.0,1.0
0.0,1.0,,0.0,1.0
0.0,0.0,,0.0,1.0
0.0,1.0,,1.0,0.0
1.0,1.0,,0.0,1.0
0.0,0.0,,0.0,1.0
1.0,1.0,,1.0,0.0
0.0,1.0,,0.0,1.0
1.0,1.0,,0.0,1.0
0.0,0.0,,0.0,1.0
1.0,1.0,,1.0,0.0
0.0,1.0,,0.0,1.0
1.0,1.0,,0.0,1.0
1.0,1.0,,0.0,1.0
0.0,1.0,,0.0,1.0
0.0,1.0,,0.0,1.0
0.0,0.0,,0.0,1.0
0.0,1.0,,1.0,0.0
1.0,1.0,,0.0,1.0
1.0,1.0,,0.0,1.0
0.0,0.0,,0.0,1.0
1.0,1.0,,1.0,0.0
0.0,1.0,,0.0,1.0
0.0,1.0,,0.0,1.0
0.0,1.0,,0.0,1.0
1.0,1.0,,0.0,1.0
0.0,1.0,,0.0,1.0
1.0,1.0,,0.0,1.0
0.0,1.0,,0.0,1.0
0.0,1.0,,0.0,1.0
0.0,1.0,,0.0,1.0
1.0,1.0,,0.0,1.0
0.0,1.0,,0.0,1.0
1.0,1.0,,0.0,1.0
0.0,0.0,,0.0,1.0
0.0,0.0,,1.0,0.0
0.0,1.0,,1.0,0.0
1.0,1.0,,0.0,1.0
0.0,0.0,,0.0,1.0
0.0,0.0,,1.0,0.0
1.0,1.0,,1.0,0.0
1.0,1.0,,0.0,1.0
0.0,1.0,,0.0,1.0
0.0,0.0,,0.0,1.0
0.0,0.0,,1.0,0.0
0.0,0.0,,1.0,0.0
1.0,1.0,,1.0,0.0
1.0,1.0,,0.0,1.0
1.0,1.0,,0.0,1.0
0.0,1.0,,0.0,1.0
1.0,1.0,,0.0,1.0
1.0,1.0,,0.0,1.0
0.0,0.0,,0.0,1.0
0.0,0.0,,1.0,0.0
1.0,1.0,,1.0,0.0
1.0,1.0,,0.0,1.0
0.0,0.0,,0.0,1.0
1.0,1.0,,1.0,0.0
1.0,1.0,,0.0,1.0
0.0,0.0,,0.0,1.0
0.0,0.0,,1.0,0.0
1.0,1.0,,1.0,0.0
1.0,1.0,,0.0,1.0
0.0,1.0,,0.0,1.0
1.0,1.0,,0.0,1.0
1.0,1.0,,0.0,1.0
0.0,1.0,,0.0,1.0
0.0,1.0,,0.0,1.0
0.0,0.0,,0.0,1.0
0.0,0.0,,1.0,0.0
1.0,1.0,,1.0,0.0
1.0,1.0,,0.0,1.0
0.0,1.0,,0.0,1.0
0.0,1.0,,0.0,1.0
0.0,0.0,,0.0,1.0
1.0,1.0,,1.0,0.0
0.0,0.0,,0.0,1.0
0.0,1.0,,1.0,0.0
1.0,1.0,,0.0,1.0
0.0,1.0,,0.0,1.0
1.0,1.0,,0.0,1.0
0.0,1.0,,0.0,1.0
1.0,1.0,,0.0,1.0
1.0,1.0,,0.0,1.0
1.0,1.0,,0.0,1.0
0.0,1.0,,0.0,1.0
1.0,1.0,,0.0,1.0
1.0,1.0,,0.0,1.0
1.0,1.0,,0.0,1.0
1.0,1.0,,0.0,1.0
0.0,0.0,,0.0,1.0
1.0,1.0,,1.0,0.0
1.0,1.0,,0.0,1.0
0.0,0.0,,0.0,1.0
1.0,1.0,,1.0,0.0
1.0,1.0,,0.0,1.0
1.0,1.0,,0.0,1.0
1.0,1.0,,0.0,1.0
0.0,1.0,,0.0,1.0
0.0,1.0,,0.0,1.0
1.0,1.0,,0.0,1.0
0.0,1.0,,0.0,1.0
0.0,1.0,,0.0,1.0
1.0,1.0,,0.0,1.0
0.0,0.0,,0.0,1.0
1.0,1.0,,1.0,0.0
1.0,1.0,,0.0,1.0
1.0,1.0,,0.0,1.0
0.0,0.0,,0.0,1.0
1.0,1.0,,1.0,0.0
1.0,1.0,,0.0,1.0
1.0,1.0,,0.0,1.0
0.0,1.0,,0.0,1.0
0.0,1.0,,0.0,1.0
1.0,1.0,,0.0,1.0
0.0,0.0,,0.0,1.0
0.0,0.0,,1.0,0.0
0.0,1.0,,1.0,0.0
0.0,0.0,,0.0,1.0
0.0,1.0,,1.0,0.0
0.0,0.0,,0.0,1.0
0.0,0.0,,1.0,0.0
0.0,0.0,,1.0,0.0
1.0,1.0,,1.0,0.0
0.0,1.0,,0.0,1.0
1.0,1.0,,0.0,1.0
1.0,1.0,,0.0,1.0
0.0,1.0,,0.0,1.0
1.0,1.0,,0.0,1.0
0.0,0.0,,0.0,1.0
0.0,1.0,,1.0,0.0
0.0,0.0,,0.0,1.0
1.0,1.0,,1.0,0.0
0.0,0.0,,0.0,1.0
0.0,0.0,,1.0,0.0
0.0,1.0,,1.0,0.0
1.0,1.0,,0.0,1.0
0.0,0.0,,0.0,1.0
1.0,1.0,,1.0,0.0
0.0,1.0,,0.0,1.0
0.0,1.0,,0.0,1.0
1.0,1.0,,0.0,1.0
0.0,1.0,,0.0,1.0
0.0,1.0,,0.0,1.0
1.0,1.0,,0.0,1.0
0.0,0.0,,0.0,1.0
0.0,0.0,,1.0,0.0
0.0,0.0,,1.0,0.0
1.0,1.0,,1.0,0.0
0.0,0.0,,0.0,1.0
1.0,1.0,,1.0,0.0
1.0,1.0,,0.0,1.0
0.0,1.0,,0.0,1.0
0.0,0.0,,0.0,1.0
0.0,1.0,,1.0,0.0
0.0,1.0,,0.0,1.0
1.0,1.0,,0.0,1.0
0.0,1.0,,0.0,1.0
0.0,1.0,,0.0,1.0
0.0,1.0,,0.0,1.0
1.0,1.0,,0.0,1.0
0.0,1.0,,0.0,1.0
1.0,1.0,,0.0,1.0
0.0,1.0,,0.0,1.0
0.0,1.0,,0.0,1.0
0.0,0.0,,0.0,1.0
0.0,0.0,,1.0,0.0
1.0,1.0,,1.0,0.0
1.0,1.0,,0.0,1.0
0.0,0.0,,0.0,1.0
1.0,1.0,,1.0,0.0
1.0,1.0,,0.0,1.0
1.0,1.0,,0.0,1.0
1.0,1.0,,0.0,1.0
0.0,1.0,,0.0,1.0
1.0,1.0,,0.0,1.0
1.0,1.0,,0.0,1.0
0.0,1.0,,0.0,1.0
0.0,0.0,,0.0,1.0
1.0,1.0,,1.0,0.0
1.0,1.0,,0.0,1.0
1.0,1.0,,0.0,1.0
1.0,1.0,,0.0,1.0
0.0,1.0,,0.0,1.0
0.0,0.0,,0.0,1.0
0.0,0.0,,1.0,0.0
1.0,1.0,,1.0,0.0
1.0,1.0,,0.0,1.0
0.0,0.0,,0.0,1.0
1.0,1.0,,1.0,0.0
1.0,1.0,,0.0,1.0
1.0,1.0,,0.0,1.0
0.0,0.0,,0.0,1.0
0.0,0.0,,1.0,0.0
0.0,0.0,,1.0,0.0
1.0,1.0,,1.0,0.0
1.0,1.0,,0.0,1.0
0.0,0.0,,0.0,1.0
1.0,1.0,,1.0,0.0
0.0,1.0,,0.0,1.0
0.0,1.0,,0.0,1.0
0.0,1.0,,0.0,1.0
0.0,0.0,,0.0,1.0
1.0,1.0,,1.0,0.0
0.0,0.0,,0.0,1.0
1.0,1.0,,1.0,0.0
1.0,1.0,,0.0,1.0
0.0,0.0,,0.0,1.0
1.0,1.0,,1.0,0.0
0.0,1.0,,0.0,1.0
0.0,0.0,,0.0,1.0
1.0,1.0,,1.0,0.0
1.0,1.0,,0.0,1.0
1.0,1.0,,0.0,1.0
0.0,1.0,,0.0,1.0
1.0,1.0,,0.0,1.0
1.0,1.0,,0.0,1.0
0.0,0.0,,0.0,1.0
1.0,1.0,,1.0,0.0
0.0,1.0,,0.0,1.0
1.0,1.0,,0.0,1.0
0.0,1.0,,0.0,1.0
0.0,0.0,,0.0,1.0
1.0,1.0,,1.0,0.0
1.0,1.0,,0.0,1.0
1.0,1.0,,0.0,1.0
0.0,0.0,,0.0,1.0
1.0,1.0,,1.0,0.0
0.0,1.0,,0.0,1.0
1.0,1.0,,0.0,1.0
0.0,1.0,,0.0,1.0
1.0,1.0,,0.0,1.0
1.0,1.0,,0.0,1.0
0.0,0.0,,0.0,1.0
0.0,1.0,,1.0,0.0
0.0,0.0,,0.0,1.0
0.0,1.0,,1.0,0.0
1.0,1.0,,0.0,1.0
1.0,1.0,,0.0,1.0
0.0,0.0,,0.0,1.0
1.0,1.0,,1.0,0.0
0.0,1.0,,0.0,1.0
1.0,1.0,,0.0,1.0
0.0,1.0,,0.0,1.0
0.0,1.0,,0.0,1.0
1.0,1.0,,0.0,1.0
1.0,1.0,,0.0,1.0
0.0,1.0,,0.0,1.0
1.0,1.0,,0.0,1.0
1.0,1.0,,0.0,1.0
1.0,1.0,,0.0,1.0
0.0,1.0,,0.0,1.0
0.0,1.0,,0.0,1.0
1.0,1.0,,0.0,1.0
0.0,1.0,,0.0,1.0
1.0,1.0,,0.0,1.0
0.0,1.0,,0.0,1.0
1.0,1.0,,0.0,1.0
1.0,1.0,,0.0,1.0
0.0,0.0,,0.0,1.0
1.0,1.0,,1.0,0.0
0.0,0.0,,0.0,1.0
0.0,1.0,,1.0,0.0
0.0,0.0,,0.0,1.0
0.0,1.0,,1.0,0.0
1.0,1.0,,0.0,1.0
0.0,0.0,,0.0,1.0
0.0,1.0,,1.0,0.0
1.0,1.0,,0.0,1.0
0.0,1.0,,0.0,1.0
1.0,1.0,,0.0,1.0
0.0,0.0,,0.0,1.0
1.0,1.0,,1.0,0.0
0.0,1.0,,0.0,1.0
1.0,1.0,,0.0,1.0
0.0,0.0,,0.0,1.0
1.0,1.0,,1.0,0.0
1.0,1.0,,0.0,1.0
0.0,0.0,,0.0,1.0
1.0,1.0,,1.0,0.0
0.0,1.0,,0.0,1.0
0.0,1.0,,0.0,1.0
1.0,1.0,,0.0,1.0
1.0,1.0,,0.0,1.0
1.0,1.0,,0.0,1.0
1.0,1.0,,0.0,1.0
1.0,1.0,,0.0,1.0
1.0,1.0,,0.0,1.0
1.0,1.0,,0.0,1.0
0.0,0.0,,0.0,1.0
1.0,1.0,,1.0,0.0
1.0,1.0,,0.0,1.0
1.0,1.0,,0.0,1.0
1.0,1.0,,0.0,1.0
0.0,0.0,,0.0,1.0
1.0,1.0,,1.0,0.0
0.0,0.0,,0.0,1.0
0.0,0.0,,1.0,0.0
0.0,1.0,,1.0,0.0
1.0,1.0,,0.0,1.0
0.0,1.0,,0.0,1.0
0.0,0.0,,0.0,1.0
1.0,1.0,,1.0,0.0
1.0,1.0,,0.0,1.0
0.0,0.0,,0.0,1.0
0.0,0.0,,1.0,0.0
1.0,1.0,,1.0,0.0
0.0,1.0,,0.0,1.0
1.0,1.0,,0.0,1.0
0.0,1.0,,0.0,1.0
1.0,1.0,,0.0,1.0
1.0,1.0,,0.0,1.0
1.0,1.0,,0.0,1.0
1.0,1.0,,0.0,1.0
0.0,0.0,,0.0,1.0
1.0,1.0,,1.0,0.0
1.0,1.0,,0.0,1.0
1.0,1.0,,0.0,1.0
1.0,1.0,,0.0,1.0
0.0,0.0,,0.0,1.0
0.0,0.0,,1.0,0.0
0.0,0.0,,1.0,0.0
1.0,1.0,,1.0,0.0
0.0,1.0,,0.0,1.0
0.0,0.0,,0.0,1.0
0.0,0.0,,1.0,0.0
1.0,1.0,,1.0,0.0
0.0,1.0,,0.0,1.0
1.0,1.0,,0.0,1.0
0.0,0.0,,0.0,1.0
1.0,1.0,,1.0,0.0
0.0,1.0,,0.0,1.0
0.0,0.0,,0.0,1.0
1.0,1.0,,1.0,0.0
1.0,1.0,,0.0,1.0
1.0,1.0,,0.0,1.0
0.0,0.0,,0.0,1.0
1.0,1.0,,1.0,0.0
0.0,0.0,,0.0,1.0
1.0,1.0,,1.0,0.0
0.0,1.0,,0.0,1.0
1.0,1.0,,0.0,1.0
1.0,1.0,,0.0,1.0
0.0,1.0,,0.0,1.0
1.0,1.0,,0.0,1.0
1.0,1.0,,0.0,1.0
1.0,1.0,,0.0,1.0
0.0,1.0,,0.0,1.0
1.0,1.0,,0.0,1.0
0.0,1.0,,0.0,1.0
1.0,1.0,,0.0,1.0
1.0,1.0,,0.0,1.0
1.0,1.0,,0.0,1.0
0.0,0.0,,0.0,1.0
1.0,1.0,,1.0,0.0
1.0,1.0,,0.0,1.0
0.0,0.0,,0.0,1.0
0.0,1.0,,1.0,0.0
1.0,1.0,,0.0,1.0
1.0,1.0,,0.0,1.0
0.0,1.0,,0.0,1.0
1.0,1.0,,0.0,1.0
0.0,0.0,,0.0,1.0
0.0,0.0,,1.0,0.0
0.0,0.0,,1.0,0.0
1.0,1.0,,1.0,0.0
1.0,1.0,,0.0,1.0
0.0,0.0,,0.0,1.0
1.0,1.0,,1.0,0.0
0.0,1.0,,0.0,1.0
0.0,0.0,,0.0,1.0
1.0,1.0,,1.0,0.0
0.0,1.0,,0.0,1.0
0.0,1.0,,0.0,1.0
1.0,1.0,,0.0,1.0
0.0,0.0,,0.0,1.0
1.0,1.0,,1.0,0.0
1.0,1.0,,0.0,1.0
1.0,1.0,,0.0,1.0
0.0,1.0,,0.0,1.0
1.0,1.0,,0.0,1.0
0.0,1.0,,0.0,1.0
0.0,1.0,,0.0,1.0
0.0,1.0,,0.0,1.0
0.0,0.0,,0.0,1.0
0.0,1.0,,1.0,0.0
1.0,1.0,,0.0,1.0
0.0,0.0,,0.0,1.0
1.0,1.0,,1.0,0.0
0.0,1.0,,0.0,1.0
1.0,1.0,,0.0,1.0
1.0,1.0,,0.0,1.0
1.0,1.0,,0.0,1.0
0.0,1.0,,0.0,1.0
1.0,1.0,,0.0,1.0
1.0,1.0,,0.0,1.0
1.0,1.0,,0.0,1.0
1.0,1.0,,0.0,1.0
0.0,0.0,,0.0,1.0
1.0,1.0,,1.0,0.0
0.0,0.0,,0.0,1.0
0.0,0.0,,1.0,0.0
1.0,1.0,,1.0,0.0
0.0,1.0,,0.0,1.0
0.0,0.0,,0.0,1.0
0.0,0.0,,1.0,0.0
0.0,1.0,,1.0,0.0
0.0,1.0,,0.0,1.0
1.0,1.0,,0.0,1.0
0.0,1.0,,0.0,1.0
0.0,1.0,,0.0,1.0
1.0,1.0,,0.0,1.0
0.0,1.0,,0.0,1.0
0.0,1.0,,0.0,1.0
0.0,1.0,,0.0,1.0
0.0,1.0,,0.0,1.0
1.0,1.0,,0.0,1.0
1.0,1.0,,0.0,1.0
0.0,1.0,,0.0,1.0
0.0,1.0,,0.0,1.0
0.0,1.0,,0.0,1.0
1.0,1.0,,0.0,1.0
0.0,0.0,,0.0,1.0
1.0,1.0,,1.0,0.0
1.0,1.0,,0.0,1.0
0.0,0.0,,0.0,1.0
1.0,1.0,,1.0,0.0
1.0,1.0,,0.0,1.0
0.0,1.0,,0.0,1.0
1.0,1.0,,0.0,1.0
0.0,0.0,,0.0,1.0
0.0,1.0,,1.0,0.0
1.0,1.0,,0.0,1.0
0.0,1.0,,0.0,1.0
1.0,1.0,,0.0,1.0
0.0,0.0,,0.0,1.0
0.0,0.0,,1.0,0.0
0.0,0.0,,1.0,0.0
1.0,1.0,,1.0,0.0
1.0,1.0,,0.0,1.0
1.0,1.0,,0.0,1.0
1.0,1.0,,0.0,1.0
1.0,1.0,,0.0,1.0
1.0,1.0,,0.0,1.0
1.0,1.0,,0.0,1.0
0.0,0.0,,0.0,1.0
1.0,1.0,,1.0,0.0
0.0,1.0,,0.0,1.0
0.0,0.0,,0.0,1.0
0.0,0.0,,1.0,0.0
1.0,1.0,,1.0,0.0
1.0,1.0,,0.0,1.0
0.0,1.0,,0.0,1.0
0.0,1.0,,0.0,1.0
0.0,0.0,,0.0,1.0
1.0,1.0,,1.0,0.0
0.0,1.0,,0.0,1.0
0.0,0.0,,0.0,1.0
0.0,0.0,,1.0,0.0
0.0,1.0,,1.0,0.0
1.0,1.0,,0.0,1.0
0.0,0.0,,0.0,1.0
1.0,1.0,,1.0,0.0
1.0,1.0,,0.0,1.0
1.0,1.0,,0.0,1.0
1.0,1.0,,0.0,1.0
0.0,1.0,,0.0,1.0
0.0,0.0,,0.0,1.0
1.0,1.0,,1.0,0.0
0.0,1.0,,0.0,1.0
1.0,1.0,,0.0,1.0
1.0,1.0,,0.0,1.0
0.0,1.0,,0.0,1.0
1.0,1.0,,0.0,1.0
1.0,1.0,,0.0,1.0
0.0,0.0,,0.0,1.0
0.0,1.0,,1.0,0.0
0.0,1.0,,0.0,1.0
1.0,1.0,,0.0,1.0
1.0,1.0,,0.0,1.0
1.0,1.0,,0.0,1.0
1.0,1.0,,0.0,1.0
0.0,1.0,,0.0,1.0
1.0,1.0,,0.0,1.0
1.0,1.0,,0.0,1.0
1.0,1.0,,0.0,1.0
0.0,0.0,,0.0,1.0
1.0,1.0,,1.0,0.0
0.0,0.0,,0.0,1.0
0.0,1.0,,1.0,0.0
1.0,1.0,,0.0,1.0
1.0,1.0,,0.0,1.0
0.0,1.0,,0.0,1.0
1.0,1.0,,0.0,1.0
1.0,1.0,,0.0,1.0
0.0,1.0,,0.0,1.0
1.0,1.0,,0.0,1.0
1.0,1.0,,0.0,1.0
1.0,1.0,,0.0,1.0
0.0,0.0,,0.0,1.0
1.0,1.0,,1.0,0.0
1.0,1.0,,0.0,1.0
1.0,1.0,,0.0,1.0
1.0,1.0,,0.0,1.0
1.0,1.0,,0.0,1.0
1.0,1.0,,0.0,1.0
1.0,1.0,,0.0,1.0
1.0,1.0,,0.0,1.0
1.0,1.0,,0.0,1.0
0.0,1.0,,0.0,1.0
1.0,1.0,,0.0,1.0
1.0,1.0,,0.0,1.0
0.0,1.0,,0.0,1.0
0.0,0.0,,0.0,1.0
1.0,1.0,,1.0,0.0
0.0,0.0,,0.0,1.0
1.0,1.0,,1.0,0.0
1.0,1.0,,0.0,1.0
1.0,1.0,,0.0,1.0
1.0,1.0,,0.0,1.0
1.0,1.0,,0.0,1.0
0.0,0.0,,0.0,1.0
0.0,0.0,,1.0,0.0
0.0,1.0,,1.0,0.0
1.0,1.0,,0.0,1.0
0.0,1.0,,0.0,1.0
1.0,1.0,,0.0,1.0
1.0,1.0,,0.0,1.0
0.0,1.0,,0.0,1.0
0.0,0.0,,0.0,1.0
1.0,1.0,,1.0,0.0
0.0,1.0,,0.0,1.0
0.0,0.0,,0.0,1.0
0.0,0.0,,1.0,0.0
0.0,1.0,,1.0,0.0
0.0,1.0,,0.0,1.0
1.0,1.0,,0.0,1.0
1.0,1.0,,0.0,1.0
1.0,1.0,,0.0,1.0
1.0,1.0,,0.0,1.0
0.0,0.0,,0.0,1.0
1.0,1.0,,1.0,0.0
1.0,1.0,,0.0,1.0
1.0,1.0,,0.0,1.0
0.0,1.0,,0.0,1.0
1.0,1.0,,0.0,1.0
0.0,1.0,,0.0,1.0
0.0,0.0,,0.0,1.0
1.0,1.0,,1.0,0.0
0.0,1.0,,0.0,1.0
1.0,1.0,,0.0,1.0
1.0,1.0,,0.0,1.0
0.0,1.0,,0.0,1.0
0.0,0.0,,0.0,1.0
0.0,1.0,,1.0,0.0
0.0,0.0,,0.0,1.0
1.0,1.0,,1.0,0.0
1.0,1.0,,0.0,1.0
1.0,1.0,,0.0,1.0
0.0,1.0,,0.0,1.0
1.0,1.0,,0.0,1.0
1.0,1.0,,0.0,1.0
1.0,1.0,,0.0,1.0
1.0,1.0,,0.0,1.0
0.0,1.0,,0.0,1.0
1.0,1.0,,0.0,1.0
0.0,0.0,,0.0,1.0
1.0,1.0,,1.0,0.0
1.0,1.0,,0.0,1.0
0.0,1.0,,0.0,1.0
1.0,1.0,,0.0,1.0
0.0,1.0,,0.0,1.0
0.0,1.0,,0.0,1.0
0.0,1.0,,0.0,1.0
0.0,1.0,,0.0,1.0
0.0,0.0,,0.0,1.0
0.0,0.0,,1.0,0.0
1.0,1.0,,1.0,0.0
0.0,1.0,,0.0,1.0
1.0,1.0,,0.0,1.0
0.0,1.0,,0.0,1.0
0.0,1.0,,0.0,1.0
0.0,1.0,,0.0,1.0
1.0,1.0,,0.0,1.0
0.0,0.0,,0.0,1.0
1.0,1.0,,1.0,0.0
0.0,0.0,,0.0,1.0
1.0,1.0,,1.0,0.0
1.0,1.0,,0.0,1.0
0.0,0.0,,0.0,1.0
1.0,1.0,,1.0,0.0
1.0,1.0,,0.0,1.0
1.0,1.0,,0.0,1.0
1.0,1.0,,0.0,1.0
1.0,1.0,,0.0,1.0
1.0,1.0,,0.0,1.0
0.0,1.0,,0.0,1.0
1.0,1.0,,0.0,1.0
0.0,1.0,,0.0,1.0
0.0,0.0,,0.0,1.0
1.0,1.0,,1.0,0.0
0.0,1.0,,0.0,1.0
0.0,0.0,,0.0,1.0
0.0,1.0,,1.0,0.0
0.0,1.0,,0.0,1.0
0.0,0.0,,0.0,1.0
1.0,1.0,,1.0,0.0
0.0,1.0,,0.0,1.0
0.0,1.0,,0.0,1.0
1.0,1.0,,0.0,1.0
1.0,1.0,,0.0,1.0
1.0,1.0,,0.0,1.0
0.0,0.0,,0.0,1.0
0.0,1.0,,1.0,0.0
0.0,0.0,,0.0,1.0
0.0,0.0,,1.0,0.0
1.0,1.0,,1.0,0.0
0.0,0.0,,0.0,1.0
1.0,1.0,,1.0,0.0
1.0,1.0,,0.0,1.0
1.0,1.0,,0.0,1.0
0.0,1.0,,0.0,1.0
1.0,1.0,,0.0,1.0
1.0,1.0,,0.0,1.0
0.0,0.0,,0.0,1.0
1.0,1.0,,1.0,0.0
1.0,1.0,,0.0,1.0
0.0,1.0,,0.0,1.0
0.0,0.0,,0.0,1.0
1.0,1.0,,1.0,0.0
1.0,1.0,,0.0,1.0
1.0,1.0,,0.0,1.0
0.0,1.0,,0.0,1.0
0.0,1.0,,0.0,1.0
0.0,1.0,,0.0,1.0
1.0,1.0,,0.0,1.0
0.0,1.0,,0.0,1.0
0.0,0.0,,0.0,1.0
1.0,1.0,,1.0,0.0
0.0,0.0,,0.0,1.0
1.0,1.0,,1.0,0.0
1.0,1.0,,0.0,1.0
1.0,1.0,,0.0,1.0
1.0,1.0,,0.0,1.0
1.0,1.0,,0.0,1.0
1.0,1.0,,0.0,1.0
0.0,0.0,,0.0,1.0
0.0,1.0,,1.0,0.0
0.0,0.0,,0.0,1.0
0.0,0.0,,1.0,0.0
0.0,0.0,,1.0,0.0
1.0,1.0,,1.0,0.0
0.0,1.0,,0.0,1.0
1.0,1.0,,0.0,1.0
0.0,0.0,,0.0,1.0
0.0,0.0,,1.0,0.0
1.0,1.0,,1.0,0.0
0.0,0.0,,0.0,1.0
0.0,1.0,,1.0,0.0
1.0,1.0,,0.0,1.0
1.0,1.0,,0.0,1.0
0.0,0.0,,0.0,1.0
0.0,1.0,,1.0,0.0
1.0,1.0,,0.0,1.0
0.0,0.0,,0.0,1.0
1.0,1.0,,1.0,0.0
0.0,1.0,,0.0,1.0
0.0,0.0,,0.0,1.0
1.0,1.0,,1.0,0.0
1.0,1.0,,0.0,1.0
0.0,1.0,,0.0,1.0
1.0,1.0,,0.0,1.0
0.0,1.0,,0.0,1.0
1.0,1.0,,0.0,1.0
1.0,1.0,,0.0,1.0
1.0,1.0,,0.0,1.0
1.0,1.0,,0.0,1.0
1.0,1.0,,0.0,1.0
1.0,1.0,,0.0,1.0
1.0,1.0,,0.0,1.0
0.0,1.0,,0.0,1.0
0.0,0.0,,0.0,1.0
0.0,0.0,,1.0,0.0
1.0,1.0,,1.0,0.0
1.0,1.0,,0.0,1.0
0.0,1.0,,0.0,1.0
1.0,1.0,,0.0,1.0
0.0,0.0,,0.0,1.0
0.0,1.0,,1.0,0.0
1.0,0.0,,0.0,1.0
1.0,1.0,,1.0,0.0
0.0,0.0,,0.0,1.0
0.0,0.0,,1.0,0.0
0.0,0.0,,1.0,0.0
0.0,1.0,,1.0,0.0
1.0,1.0,,0.0,1.0
0.0,0.0,,0.0,1.0
1.0,1.0,,1.0,0.0
0.0,1.0,,0.0,1.0
1.0,1.0,,0.0,1.0
1.0,1.0,,0.0,1.0
0.0,0.0,,0.0,1.0
0.0,0.0,,1.0,0.0
0.0,1.0,,1.0,0.0
1.0,1.0,,0.0,1.0
0.0,0.0,,0.0,1.0
1.0,1.0,,1.0,0.0
0.0,1.0,,0.0,1.0
0.0,1.0,,0.0,1.0
1.0,1.0,,0.0,1.0
0.0,1.0,,0.0,1.0
0.0,1.0,,0.0,1.0
0.0,1.0,,0.0,1.0
1.0,1.0,,0.0,1.0
0.0,0.0,,0.0,1.0
0.0,1.0,,1.0,0.0
0.0,0.0,,0.0,1.0
0.0,0.0,,1.0,0.0
0.0,0.0,,1.0,0.0
0.0,0.0,,1.0,0.0
1.0,1.0,,1.0,0.0
0.0,1.0,,0.0,1.0
1.0,1.0,,0.0,1.0
1.0,1.0,,0.0,1.0
1.0,1.0,,0.0,1.0
1.0,1.0,,0.0,1.0
0.0,1.0,,0.0,1.0
1.0,1.0,,0.0,1.0
1.0,1.0,,0.0,1.0
0.0,0.0,,0.0,1.0
1.0,1.0,,1.0,0.0
1.0,1.0,,0.0,1.0
1.0,1.0,,0.0,1.0
0.0,1.0,,0.0,1.0
0.0,1.0,,0.0,1.0
1.0,1.0,,0.0,1.0
0.0,0.0,,0.0,1.0
1.0,1.0,,1.0,0.0
1.0,1.0,,0.0,1.0
1.0,1.0,,0.0,1.0
1.0,1.0,,0.0,1.0
1.0,1.0,,0.0,1.0
0.0,1.0,,0.0,1.0
1.0,1.0,,0.0,1.0
1.0,1.0,,0.0,1.0
0.0,0.0,,0.0,1.0
0.0,0.0,,1.0,0.0
1.0,1.0,,1.0,0.0
1.0,1.0,,0.0,1.0
1.0,1.0,,0.0,1.0
0.0,0.0,,0.0,1.0
1.0,1.0,,1.0,0.0
1.0,1.0,,0.0,1.0
1.0,1.0,,0.0,1.0
1.0,1.0,,0.0,1.0
0.0,0.0,,0.0,1.0
1.0,1.0,,1.0,0.0
0.0,0.0,,0.0,1.0
0.0,1.0,,1.0,0.0
0.0,0.0,,0.0,1.0
0.0,0.0,,1.0,0.0
0.0,1.0,,1.0,0.0
1.0,1.0,,0.0,1.0
1.0,1.0,,0.0,1.0
1.0,1.0,,0.0,1.0
0.0,1.0,,0.0,1.0
1.0,1.0,,0.0,1.0
0.0,0.0,,0.0,1.0
1.0,1.0,,1.0,0.0
0.0,0.0,,0.0,1.0
1.0,1.0,,1.0,0.0
0.0,0.0,,0.0,1.0
0.0,1.0,,1.0,0.0
1.0,1.0,,0.0,1.0
1.0,1.0,,0.0,1.0
0.0,1.0,,0.0,1.0
0.0,0.0,,0.0,1.0
0.0,0.0,,1.0,0.0
1.0,1.0,,1.0,0.0
0.0,0.0,,0.0,1.0
0.0,1.0,,1.0,0.0
0.0,0.0,,0.0,1.0
1.0,1.0,,1.0,0.0
0.0,0.0,,0.0,1.0
1.0,1.0,,1.0,0.0
1.0,1.0,,0.0,1.0
1.0,1.0,,0.0,1.0
1.0,1.0,,0.0,1.0
1.0,1.0,,0.0,1.0
1.0,1.0,,0.0,1.0
1.0,1.0,,0.0,1.0
1.0,1.0,,0.0,1.0
0.0,0.0,,0.0,1.0
0.0,0.0,,1.0,0.0
1.0,1.0,,1.0,0.0
1.0,1.0,,0.0,1.0
1.0,1.0,,0.0,1.0
0.0,1.0,,0.0,1.0
1.0,1.0,,0.0,1.0
0.0,0.0,,0.0,1.0
1.0,1.0,,1.0,0.0
1.0,1.0,,0.0,1.0
1.0,1.0,,0.0,1.0
1.0,1.0,,0.0,1.0
1.0,1.0,,0.0,1.0
0.0,1.0,,0.0,1.0
1.0,1.0,,0.0,1.0
0.0,0.0,,0.0,1.0
1.0,1.0,,1.0,0.0
0.0,1.0,,0.0,1.0
1.0,1.0,,0.0,1.0
0.0,0.0,,0.0,1.0
1.0,1.0,,1.0,0.0
0.0,1.0,,0.0,1.0
0.0,1.0,,0.0,1.0
0.0,0.0,,0.0,1.0
0.0,1.0,,1.0,0.0
1.0,1.0,,0.0,1.0
0.0,1.0,,0.0,1.0
0.0,1.0,,0.0,1.0
1.0,1.0,,0.0,1.0
1.0,1.0,,0.0,1.0
0.0,1.0,,0.0,1.0
1.0,1.0,,0.0,1.0
0.0,0.0,,0.0,1.0
0.0,1.0,,1.0,0.0
0.0,1.0,,0.0,1.0
1.0,1.0,,0.0,1.0
1.0,1.0,,0.0,1.0
0.0,1.0,,0.0,1.0
0.0,0.0,,0.0,1.0
1.0,1.0,,1.0,0.0
1.0,1.0,,0.0,1.0
1.0,1.0,,0.0,1.0
0.0,0.0,,0.0,1.0
1.0,1.0,,1.0,0.0
0.0,0.0,,0.0,1.0
0.0,0.0,,1.0,0.0
1.0,1.0,,1.0,0.0
0.0,0.0,,0.0,1.0
0.0,0.0,,1.0,0.0
1.0,1.0,,1.0,0.0
1.0,1.0,,0.0,1.0
0.0,1.0,,0.0,1.0
0.0,1.0,,0.0,1.0
1.0,1.0,,0.0,1.0
0.0,0.0,,0.0,1.0
1.0,1.0,,1.0,0.0
0.0,0.0,,0.0,1.0
1.0,1.0,,1.0,0.0
0.0,0.0,,0.0,1.0
0.0,1.0,,1.0,0.0
1.0,1.0,,0.0,1.0
1.0,1.0,,0.0,1.0
1.0,1.0,,0.0,1.0
0.0,1.0,,0.0,1.0
0.0,1.0,,0.0,1.0
1.0,1.0,,0.0,1.0
1.0,1.0,,0.0,1.0
1.0,1.0,,0.0,1.0
0.0,0.0,,0.0,1.0
0.0,1.0,,1.0,0.0
1.0,1.0,,0.0,1.0
1.0,1.0,,0.0,1.0
1.0,1.0,,0.0,1.0
1.0,1.0,,0.0,1.0
0.0,0.0,,0.0,1.0
0.0,1.0,,1.0,0.0
1.0,1.0,,0.0,1.0
0.0,0.0,,0.0,1.0
1.0,1.0,,1.0,0.0
1.0,1.0,,0.0,1.0
0.0,1.0,,0.0,1.0
1.0,1.0,,0.0,1.0
0.0,1.0,,0.0,1.0
0.0,0.0,,0.0,1.0
0.0,1.0,,1.0,0.0
0.0,0.0,,0.0,1.0
1.0,1.0,,1.0,0.0
0.0,1.0,,0.0,1.0
1.0,1.0,,0.0,1.0
0.0,0.0,,0.0,1.0
0.0,1.0,,1.0,0.0
0.0,0.0,,0.0,1.0
1.0,1.0,,1.0,0.0
1.0,1.0,,0.0,1.0
1.0,1.0,,0.0,1.0
0.0,0.0,,0.0,1.0
0.0,0.0,,1.0,0.0
0.0,0.0,,1.0,0.0
1.0,1.0,,1.0,0.0
0.0,0.0,,0.0,1.0
1.0,1.0,,1.0,0.0
0.0,1.0,,0.0,1.0
1.0,1.0,,0.0,1.0
0.0,1.0,,0.0,1.0
0.0,1.0,,0.0,1.0
0.0,0.0,,0.0,1.0
0.0,1.0,,1.0,0.0
0.0,1.0,,0.0,1.0
0.0,0.0,,0.0,1.0
1.0,1.0,,1.0,0.0
1.0,1.0,,0.0,1.0
0.0,1.0,,0.0,1.0
0.0,0.0,,0.0,1.0
0.0,1.0,,1.0,0.0
1.0,1.0,,0.0,1.0
1.0,1.0,,0.0,1.0
1.0,1.0,,0.0,1.0
1.0,1.0,,0.0,1.0
0.0,1.0,,0.0,1.0
1.0,1.0,,0.0,1.0
0.0,1.0,,0.0,1.0
0.0,1.0,,0.0,1.0
0.0,1.0,,0.0,1.0
0.0,0.0,,0.0,1.0
1.0,0.0,,1.0,0.0
1.0,1.0,,1.0,0.0
1.0,1.0,,0.0,1.0
0.0,1.0,,0.0,1.0
1.0,1.0,,0.0,1.0
1.0,1.0,,0.0,1.0
1.0,1.0,,0.0,1.0
1.0,1.0,,0.0,1.0
0.0,0.0,,0.0,1.0
0.0,0.0,,1.0,0.0
0.0,1.0,,1.0,0.0
1.0,1.0,,0.0,1.0
1.0,1.0,,0.0,1.0
0.0,1.0,,0.0,1.0
0.0,1.0,,0.0,1.0
0.0,1.0,,0.0,1.0
1.0,1.0,,0.0,1.0
1.0,1.0,,0.0,1.0
0.0,0.0,,0.0,1.0
0.0,1.0,,1.0,0.0
1.0,1.0,,0.0,1.0
1.0,1.0,,0.0,1.0
0.0,0.0,,0.0,1.0
1.0,1.0,,1.0,0.0
0.0,1.0,,0.0,1.0
0.0,1.0,,0.0,1.0
1.0,1.0,,0.0,1.0
0.0,0.0,,0.0,1.0
0.0,0.0,,1.0,0.0
0.0,0.0,,1.0,0.0
0.0,1.0,,1.0,0.0
0.0,1.0,,0.0,1.0
0.0,0.0,,0.0,1.0
1.0,1.0,,1.0,0.0
1.0,1.0,,0.0,1.0
1.0,1.0,,0.0,1.0
1.0,1.0,,0.0,1.0
1.0,1.0,,0.0,1.0
0.0,1.0,,0.0,1.0
0.0,0.0,,0.0,1.0
0.0,1.0,,1.0,0.0
1.0,1.0,,0.0,1.0
1.0,1.0,,0.0,1.0
1.0,1.0,,0.0,1.0
0.0,0.0,,0.0,1.0
0.0,1.0,,1.0,0.0
0.0,1.0,,0.0,1.0
1.0,1.0,,0.0,1.0
0.0,0.0,,0.0,1.0
0.0,0.0,,1.0,0.0
0.0,0.0,,1.0,0.0
0.0,1.0,,1.0,0.0
0.0,0.0,,0.0,1.0
0.0,1.0,,1.0,0.0
0.0,1.0,,0.0,1.0
1.0,1.0,,0.0,1.0
1.0,1.0,,0.0,1.0
1.0,1.0,,0.0,1.0
1.0,1.0,,0.0,1.0
1.0,1.0,,0.0,1.0
0.0,0.0,,0.0,1.0
0.0,0.0,,1.0,0.0
1.0,1.0,,1.0,0.0
0.0,1.0,,0.0,1.0
0.0,1.0,,0.0,1.0
1.0,1.0,,0.0,1.0
0.0,0.0,,0.0,1.0
1.0,1.0,,1.0,0.0
1.0,1.0,,0.0,1.0
0.0,1.0,,0.0,1.0
0.0,1.0,,0.0,1.0
1.0,1.0,,0.0,1.0
1.0,1.0,,0.0,1.0
1.0,1.0,,0.0,1.0
0.0,1.0,,0.0,1.0
0.0,1.0,,0.0,1.0
1.0,1.0,,0.0,1.0
1.0,1.0,,0.0,1.0
0.0,0.0,,0.0,1.0
1.0,1.0,,1.0,0.0
1.0,1.0,,0.0,1.0
1.0,1.0,,0.0,1.0
1.0,1.0,,0.0,1.0
1.0,1.0,,0.0,1.0
1.0,1.0,,0.0,1.0
0.0,0.0,,0.0,1.0
0.0,0.0,,1.0,0.0
0.0,1.0,,1.0,0.0
0.0,1.0,,0.0,1.0
1.0,1.0,,0.0,1.0
1.0,1.0,,0.0,1.0
0.0,0.0,,0.0,1.0
0.0,1.0,,1.0,0.0
1.0,1.0,,0.0,1.0
1.0,1.0,,0.0,1.0
1.0,1.0,,0.0,1.0
0.0,0.0,,0.0,1.0
0.0,1.0,,1.0,0.0
0.0,1.0,,0.0,1.0
1.0,1.0,,0.0,1.0
1.0,1.0,,0.0,1.0
1.0,1.0,,0.0,1.0
1.0,1.0,,0.0,1.0
0.0,0.0,,0.0,1.0
0.0,1.0,,1.0,0.0
0.0,1.0,,0.0,1.0
1.0,1.0,,0.0,1.0
1.0,1.0,,0.0,1.0
1.0,1.0,,0.0,1.0
1.0,1.0,,0.0,1.0
0.0,1.0,,0.0,1.0
1.0,1.0,,0.0,1.0
1.0,1.0,,0.0,1.0
1.0,1.0,,0.0,1.0
0.0,0.0,,0.0,1.0
0.0,1.0,,1.0,0.0
1.0,1.0,,0.0,1.0
1.0,1.0,,0.0,1.0
1.0,1.0,,0.0,1.0
0.0,0.0,,0.0,1.0
1.0,1.0,,1.0,0.0
1.0,1.0,,0.0,1.0
1.0,1.0,,0.0,1.0
0.0,1.0,,0.0,1.0
0.0,0.0,,0.0,1.0
1.0,1.0,,1.0,0.0
0.0,0.0,,0.0,1.0
1.0,1.0,,1.0,0.0
0.0,0.0,,0.0,1.0
0.0,1.0,,1.0,0.0
1.0,1.0,,0.0,1.0
0.0,0.0,,0.0,1.0
0.0,0.0,,1.0,0.0
0.0,1.0,,1.0,0.0
1.0,1.0,,0.0,1.0
1.0,1.0,,0.0,1.0
1.0,1.0,,0.0,1.0
0.0,0.0,,0.0,1.0
0.0,0.0,,1.0,0.0
1.0,1.0,,1.0,0.0
1.0,1.0,,0.0,1.0
1.0,1.0,,0.0,1.0
0.0,1.0,,0.0,1.0
1.0,1.0,,0.0,1.0
1.0,1.0,,0.0,1.0
1.0,1.0,,0.0,1.0
0.0,1.0,,0.0,1.0
1.0,1.0,,0.0,1.0
0.0,1.0,,0.0,1.0
1.0,1.0,,0.0,1.0
0.0,1.0,,0.0,1.0
1.0,1.0,,0.0,1.0
0.0,0.0,,0.0,1.0
1.0,1.0,,1.0,0.0
1.0,1.0,,0.0,1.0
0.0,0.0,,0.0,1.0
1.0,1.0,,1.0,0.0
1.0,1.0,,0.0,1.0
0.0,0.0,,0.0,1.0
1.0,1.0,,1.0,0.0
0.0,0.0,,0.0,1.0
1.0,1.0,,1.0,0.0
1.0,1.0,,0.0,1.0
0.0,1.0,,0.0,1.0
1.0,1.0,,0.0,1.0
1.0,1.0,,0.0,1.0
1.0,1.0,,0.0,1.0
1.0,1.0,,0.0,1.0
0.0,0.0,,0.0,1.0
1.0,1.0,,1.0,0.0
1.0,1.0,,0.0,1.0
1.0,1.0,,0.0,1.0
0.0,1.0,,0.0,1.0
1.0,1.0,,0.0,1.0
1.0,1.0,,0.0,1.0
1.0,1.0,,0.0,1.0
1.0,1.0,,0.0,1.0
1.0,1.0,,0.0,1.0
1.0,1.0,,0.0,1.0
0.0,1.0,,0.0,1.0
1.0,1.0,,0.0,1.0
1.0,1.0,,0.0,1.0
0.0,1.0,,0.0,1.0
1.0,1.0,,0.0,1.0
1.0,1.0,,0.0,1.0
0.0,0.0,,0.0,1.0
1.0,1.0,,1.0,0.0
0.0,0.0,,0.0,1.0
0.0,1.0,,1.0,0.0
1.0,1.0,,0.0,1.0
0.0,1.0,,0.0,1.0
0.0,0.0,,0.0,1.0
0.0,1.0,,1.0,0.0
1.0,1.0,,0.0,1.0
0.0,1.0,,0.0,1.0
0.0,0.0,,0.0,1.0
1.0,1.0,,1.0,0.0
0.0,0.0,,0.0,1.0
0.0,1.0,,1.0,0.0
1.0,1.0,,0.0,1.0
1.0,1.0,,0.0,1.0
0.0,0.0,,0.0,1.0
0.0,1.0,,1.0,0.0
0.0,1.0,,0.0,1.0
0.0,1.0,,0.0,1.0
0.0,0.0,,0.0,1.0
0.0,0.0,,1.0,0.0
0.0,0.0,,1.0,0.0
1.0,1.0,,1.0,0.0
1.0,1.0,,0.0,1.0
1.0,1.0,,0.0,1.0
1.0,1.0,,0.0,1.0
0.0,0.0,,0.0,1.0
0.0,1.0,,1.0,0.0
1.0,1.0,,0.0,1.0
0.0,1.0,,0.0,1.0
0.0,1.0,,0.0,1.0
0.0,1.0,,0.0,1.0
1.0,1.0,,0.0,1.0
1.0,1.0,,0.0,1.0
0.0,1.0,,0.0,1.0
1.0,1.0,,0.0,1.0
0.0,0.0,,0.0,1.0
1.0,1.0,,1.0,0.0
1.0,1.0,,0.0,1.0
1.0,1.0,,0.0,1.0
0.0,0.0,,0.0,1.0
1.0,1.0,,1.0,0.0
1.0,1.0,,0.0,1.0
1.0,1.0,,0.0,1.0
0.0,0.0,,0.0,1.0
1.0,1.0,,1.0,0.0
1.0,1.0,,0.0,1.0
0.0,1.0,,0.0,1.0
0.0,1.0,,0.0,1.0
1.0,1.0,,0.0,1.0
1.0,1.0,,0.0,1.0
0.0,0.0,,0.0,1.0
1.0,1.0,,1.0,0.0
0.0,0.0,,0.0,1.0
1.0,1.0,,1.0,0.0
1.0,1.0,,0.0,1.0
0.0,1.0,,0.0,1.0
1.0,1.0,,0.0,1.0
1.0,1.0,,0.0,1.0
1.0,1.0,,0.0,1.0
0.0,0.0,,0.0,1.0
1.0,1.0,,1.0,0.0
0.0,0.0,,0.0,1.0
1.0,1.0,,1.0,0.0
0.0,0.0,,0.0,1.0
0.0,0.0,,1.0,0.0
1.0,1.0,,1.0,0.0
0.0,1.0,,0.0,1.0
0.0,0.0,,0.0,1.0
1.0,1.0,,1.0,0.0
1.0,1.0,,0.0,1.0
1.0,1.0,,0.0,1.0
0.0,1.0,,0.0,1.0
1.0,1.0,,0.0,1.0
1.0,1.0,,0.0,1.0
0.0,1.0,,0.0,1.0
1.0,1.0,,0.0,1.0
1.0,1.0,,0.0,1.0
0.0,0.0,,0.0,1.0
1.0,1.0,,1.0,0.0
0.0,0.0,,0.0,1.0
0.0,0.0,,1.0,0.0
1.0,1.0,,1.0,0.0
1.0,0.0,,0.0,1.0
0.0,1.0,,1.0,0.0
0.0,0.0,,0.0,1.0
0.0,1.0,,1.0,0.0
0.0,1.0,,0.0,1.0
1.0,1.0,,0.0,1.0
1.0,1.0,,0.0,1.0
1.0,1.0,,0.0,1.0
1.0,1.0,,0.0,1.0
0.0,1.0,,0.0,1.0
0.0,1.0,,0.0,1.0
1.0,1.0,,0.0,1.0
1.0,1.0,,0.0,1.0
1.0,1.0,,0.0,1.0
1.0,1.0,,0.0,1.0
0.0,1.0,,0.0,1.0
0.0,0.0,,0.0,1.0
1.0,1.0,,1.0,0.0
1.0,1.0,,0.0,1.0
0.0,1.0,,0.0,1.0
0.0,0.0,,0.0,1.0
1.0,1.0,,1.0,0.0
0.0,0.0,,0.0,1.0
0.0,0.0,,1.0,0.0
1.0,1.0,,1.0,0.0
0.0,1.0,,0.0,1.0
0.0,0.0,,0.0,1.0
0.0,0.0,,1.0,0.0
0.0,1.0,,1.0,0.0
1.0,1.0,,0.0,1.0
0.0,1.0,,0.0,1.0
1.0,1.0,,0.0,1.0
0.0,0.0,,0.0,1.0
1.0,1.0,,1.0,0.0
0.0,1.0,,0.0,1.0
1.0,1.0,,0.0,1.0
1.0,1.0,,0.0,1.0
1.0,1.0,,0.0,1.0
0.0,0.0,,0.0,1.0
0.0,1.0,,1.0,0.0
0.0,1.0,,0.0,1.0
1.0,1.0,,0.0,1.0
1.0,1.0,,0.0,1.0
1.0,1.0,,0.0,1.0
1.0,1.0,,0.0,1.0
1.0,1.0,,0.0,1.0
1.0,1.0,,0.0,1.0
0.0,1.0,,0.0,1.0
1.0,1.0,,0.0,1.0
1.0,1.0,,0.0,1.0
1.0,1.0,,0.0,1.0
0.0,0.0,,0.0,1.0
0.0,0.0,,1.0,0.0
0.0,1.0,,1.0,0.0
0.0,0.0,,0.0,1.0
0.0,0.0,,1.0,0.0
1.0,1.0,,1.0,0.0
0.0,1.0,,0.0,1.0
1.0,1.0,,0.0,1.0
0.0,0.0,,0.0,1.0
1.0,1.0,,1.0,0.0
0.0,1.0,,0.0,1.0
1.0,1.0,,0.0,1.0
0.0,0.0,,0.0,1.0
1.0,1.0,,1.0,0.0
1.0,1.0,,0.0,1.0
0.0,0.0,,0.0,1.0
0.0,1.0,,1.0,0.0
1.0,1.0,,0.0,1.0
0.0,0.0,,0.0,1.0
0.0,0.0,,1.0,0.0
0.0,1.0,,1.0,0.0
1.0,1.0,,0.0,1.0
0.0,1.0,,0.0,1.0
0.0,1.0,,0.0,1.0
1.0,1.0,,0.0,1.0
0.0,0.0,,0.0,1.0
0.0,1.0,,1.0,0.0
1.0,1.0,,0.0,1.0
1.0,1.0,,0.0,1.0
0.0,1.0,,0.0,1.0
0.0,1.0,,0.0,1.0
0.0,1.0,,0.0,1.0
1.0,1.0,,0.0,1.0
1.0,1.0,,0.0,1.0
0.0,1.0,,0.0,1.0
0.0,1.0,,0.0,1.0
0.0,1.0,,0.0,1.0
1.0,1.0,,0.0,1.0
1.0,1.0,,0.0,1.0
0.0,1.0,,0.0,1.0
1.0,1.0,,0.0,1.0
0.0,0.0,,0.0,1.0
1.0,1.0,,1.0,0.0
1.0,1.0,,0.0,1.0
1.0,1.0,,0.0,1.0
1.0,1.0,,0.0,1.0
1.0,1.0,,0.0,1.0
0.0,0.0,,0.0,1.0
1.0,1.0,,1.0,0.0
0.0,0.0,,0.0,1.0
0.0,1.0,,1.0,0.0
1.0,1.0,,0.0,1.0
0.0,1.0,,0.0,1.0
1.0,1.0,,0.0,1.0
1.0,1.0,,0.0,1.0
1.0,1.0,,0.0,1.0
1.0,1.0,,0.0,1.0
0.0,0.0,,0.0,1.0
1.0,1.0,,1.0,0.0
0.0,1.0,,0.0,1.0
1.0,1.0,,0.0,1.0
1.0,1.0,,0.0,1.0
0.0,0.0,,0.0,1.0
1.0,1.0,,1.0,0.0
1.0,1.0,,0.0,1.0
1.0,1.0,,0.0,1.0
1.0,1.0,,0.0,1.0
1.0,1.0,,0.0,1.0
0.0,0.0,,0.0,1.0
1.0,1.0,,1.0,0.0
0.0,1.0,,0.0,1.0
0.0,1.0,,0.0,1.0
0.0,0.0,,0.0,1.0
1.0,1.0,,1.0,0.0
1.0,1.0,,0.0,1.0
1.0,1.0,,0.0,1.0
0.0,1.0,,0.0,1.0
1.0,1.0,,0.0,1.0
1.0,1.0,,0.0,1.0
1.0,1.0,,0.0,1.0
0.0,1.0,,0.0,1.0
0.0,0.0,,0.0,1.0
1.0,1.0,,1.0,0.0
0.0,1.0,,0.0,1.0
0.0,0.0,,0.0,1.0
0.0,1.0,,1.0,0.0
1.0,1.0,,0.0,1.0
0.0,0.0,,0.0,1.0
1.0,1.0,,1.0,0.0
0.0,1.0,,0.0,1.0
1.0,1.0,,0.0,1.0
1.0,1.0,,0.0,1.0
0.0,0.0,,0.0,1.0
1.0,1.0,,1.0,0.0
1.0,1.0,,0.0,1.0
0.0,1.0,,0.0,1.0
0.0,1.0,,0.0,1.0
1.0,1.0,,0.0,1.0
1.0,1.0,,0.0,1.0
1.0,1.0,,0.0,1.0
0.0,1.0,,0.0,1.0
0.0,1.0,,0.0,1.0
0.0,1.0,,0.0,1.0
0.0,0.0,,0.0,1.0
1.0,1.0,,1.0,0.0
1.0,1.0,,0.0,1.0
0.0,0.0,,0.0,1.0
1.0,1.0,,1.0,0.0
1.0,1.0,,0.0,1.0
1.0,1.0,,0.0,1.0
1.0,1.0,,0.0,1.0
0.0,1.0,,0.0,1.0
0.0,1.0,,0.0,1.0
0.0,1.0,,0.0,1.0
1.0,1.0,,0.0,1.0
0.0,1.0,,0.0,1.0
0.0,1.0,,0.0,1.0
1.0,1.0,,0.0,1.0
1.0,1.0,,0.0,1.0
0.0,1.0,,0.0,1.0
0.0,1.0,,0.0,1.0
0.0,0.0,,0.0,1.0
0.0,1.0,,1.0,0.0
0.0,0.0,,0.0,1.0
1.0,1.0,,1.0,0.0
1.0,1.0,,0.0,1.0
1.0,1.0,,0.0,1.0
1.0,1.0,,0.0,1.0
0.0,0.0,,0.0,1.0
0.0,0.0,,1.0,0.0
0.0,0.0,,1.0,0.0
0.0,1.0,,1.0,0.0
1.0,1.0,,0.0,1.0
0.0,0.0,,0.0,1.0
1.0,1.0,,1.0,0.0
1.0,1.0,,0.0,1.0
0.0,1.0,,0.0,1.0
1.0,1.0,,0.0,1.0
0.0,1.0,,0.0,1.0
1.0,1.0,,0.0,1.0
1.0,1.0,,0.0,1.0
1.0,1.0,,0.0,1.0
0.0,0.0,,0.0,1.0
1.0,1.0,,1.0,0.0
0.0,1.0,,0.0,1.0
1.0,1.0,,0.0,1.0
1.0,1.0,,0.0,1.0
1.0,1.0,,0.0,1.0
1.0,1.0,,0.0,1.0
1.0,1.0,,0.0,1.0
1.0,1.0,,0.0,1.0
1.0,1.0,,0.0,1.0
0.0,1.0,,0.0,1.0
1.0,1.0,,0.0,1.0
1.0,1.0,,0.0,1.0
1.0,1.0,,0.0,1.0
1.0,1.0,,0.0,1.0
1.0,1.0,,0.0,1.0
1.0,1.0,,0.0,1.0
0.0,0.0,,0.0,1.0
0.0,1.0,,1.0,0.0
1.0,1.0,,0.0,1.0
1.0,1.0,,0.0,1.0
1.0,1.0,,0.0,1.0
0.0,1.0,,0.0,1.0
1.0,1.0,,0.0,1.0
0.0,0.0,,0.0,1.0
1.0,1.0,,1.0,0.0
0.0,0.0,,0.0,1.0
0.0,0.0,,1.0,0.0
0.0,1.0,,1.0,0.0
1.0,1.0,,0.0,1.0
0.0,1.0,,0.0,1.0
0.0,0.0,,0.0,1.0
0.0,1.0,,1.0,0.0
1.0,1.0,,0.0,1.0
1.0,1.0,,0.0,1.0
1.0,1.0,,0.0,1.0
0.0,0.0,,0.0,1.0
0.0,1.0,,1.0,0.0
1.0,1.0,,0.0,1.0
1.0,1.0,,0.0,1.0
0.0,0.0,,0.0,1.0
0.0,1.0,,1.0,0.0
1.0,1.0,,0.0,1.0
1.0,1.0,,0.0,1.0
1.0,1.0,,0.0,1.0
1.0,1.0,,0.0,1.0
0.0,0.0,,0.0,1.0
1.0,1.0,,1.0,0.0
0.0,0.0,,0.0,1.0
0.0,1.0,,1.0,0.0
0.0,1.0,,0.0,1.0
0.0,0.0,,0.0,1.0
0.0,1.0,,1.0,0.0
0.0,0.0,,0.0,1.0
1.0,1.0,,1.0,0.0
0.0,1.0,,0.0,1.0
1.0,1.0,,0.0,1.0
0.0,1.0,,0.0,1.0
1.0,1.0,,0.0,1.0
1.0,1.0,,0.0,1.0
0.0,0.0,,0.0,1.0
1.0,1.0,,1.0,0.0
0.0,1.0,,0.0,1.0
0.0,1.0,,0.0,1.0
1.0,1.0,,0.0,1.0
1.0,1.0,,0.0,1.0
1.0,1.0,,0.0,1.0
1.0,1.0,,0.0,1.0
1.0,1.0,,0.0,1.0
0.0,1.0,,0.0,1.0
1.0,1.0,,0.0,1.0
0.0,0.0,,0.0,1.0
0.0,0.0,,1.0,0.0
1.0,1.0,,1.0,0.0
1.0,1.0,,0.0,1.0
1.0,1.0,,0.0,1.0
0.0,1.0,,0.0,1.0
0.0,0.0,,0.0,1.0
1.0,1.0,,1.0,0.0
0.0,1.0,,0.0,1.0
1.0,1.0,,0.0,1.0
0.0,1.0,,0.0,1.0
0.0,0.0,,0.0,1.0
0.0,1.0,,1.0,0.0
1.0,1.0,,0.0,1.0
1.0,1.0,,0.0,1.0
0.0,0.0,,0.0,1.0
1.0,1.0,,1.0,0.0
1.0,1.0,,0.0,1.0
1.0,1.0,,0.0,1.0
0.0,1.0,,0.0,1.0
0.0,1.0,,0.0,1.0
1.0,1.0,,0.0,1.0
1.0,1.0,,0.0,1.0
0.0,0.0,,0.0,1.0
0.0,1.0,,1.0,0.0
1.0,1.0,,0.0,1.0
0.0,1.0,,0.0,1.0
0.0,1.0,,0.0,1.0
0.0,0.0,,0.0,1.0
0.0,1.0,,1.0,0.0
0.0,1.0,,0.0,1.0
1.0,1.0,,0.0,1.0
1.0,1.0,,0.0,1.0
1.0,1.0,,0.0,1.0
1.0,1.0,,0.0,1.0
1.0,1.0,,0.0,1.0
0.0,0.0,,0.0,1.0
1.0,1.0,,1.0,0.0
1.0,1.0,,0.0,1.0
0.0,0.0,,0.0,1.0
0.0,1.0,,1.0,0.0
0.0,1.0,,0.0,1.0
1.0,1.0,,0.0,1.0
1.0,1.0,,0.0,1.0
0.0,1.0,,0.0,1.0
0.0,0.0,,0.0,1.0
1.0,1.0,,1.0,0.0
1.0,1.0,,0.0,1.0
1.0,1.0,,0.0,1.0
0.0,0.0,,0.0,1.0
1.0,1.0,,1.0,0.0
1.0,1.0,,0.0,1.0
1.0,1.0,,0.0,1.0
0.0,0.0,,0.0,1.0
1.0,1.0,,1.0,0.0
0.0,1.0,,0.0,1.0
0.0,1.0,,0.0,1.0
0.0,0.0,,0.0,1.0
1.0,1.0,,1.0,0.0
0.0,0.0,,0.0,1.0
1.0,1.0,,1.0,0.0
1.0,1.0,,0.0,1.0
1.0,1.0,,0.0,1.0
0.0,0.0,,0.0,1.0
1.0,1.0,,1.0,0.0
1.0,1.0,,0.0,1.0
0.0,1.0,,0.0,1.0
1.0,1.0,,0.0,1.0
0.0,0.0,,0.0,1.0
1.0,1.0,,1.0,0.0
1.0,1.0,,0.0,1.0
0.0,1.0,,0.0,1.0
1.0,1.0,,0.0,1.0
0.0,1.0,,0.0,1.0
0.0,1.0,,0.0,1.0
0.0,0.0,,0.0,1.0
1.0,1.0,,1.0,0.0
1.0,1.0,,0.0,1.0
1.0,1.0,,0.0,1.0
0.0,1.0,,0.0,1.0
0.0,1.0,,0.0,1.0
1.0,1.0,,0.0,1.0
1.0,1.0,,0.0,1.0
0.0,0.0,,0.0,1.0
1.0,1.0,,1.0,0.0
0.0,1.0,,0.0,1.0
1.0,1.0,,0.0,1.0
1.0,1.0,,0.0,1.0
1.0,1.0,,0.0,1.0
1.0,1.0,,0.0,1.0
1.0,1.0,,0.0,1.0
1.0,1.0,,0.0,1.0
1.0,1.0,,0.0,1.0
0.0,1.0,,0.0,1.0
0.0,1.0,,0.0,1.0
1.0,1.0,,0.0,1.0
0.0,1.0,,0.0,1.0
0.0,1.0,,0.0,1.0
0.0,0.0,,0.0,1.0
1.0,1.0,,1.0,0.0
0.0,0.0,,0.0,1.0
0.0,1.0,,1.0,0.0
0.0,1.0,,0.0,1.0
0.0,0.0,,0.0,1.0
1.0,1.0,,1.0,0.0
1.0,1.0,,0.0,1.0
1.0,1.0,,0.0,1.0
0.0,1.0,,0.0,1.0
0.0,0.0,,0.0,1.0
0.0,1.0,,1.0,0.0
0.0,1.0,,0.0,1.0
1.0,1.0,,0.0,1.0
0.0,1.0,,0.0,1.0
1.0,1.0,,0.0,1.0
0.0,1.0,,0.0,1.0
1.0,1.0,,0.0,1.0
1.0,1.0,,0.0,1.0
1.0,1.0,,0.0,1.0
0.0,1.0,,0.0,1.0
0.0,0.0,,0.0,1.0
0.0,0.0,,1.0,0.0
0.0,0.0,,1.0,0.0
1.0,1.0,,1.0,0.0
0.0,1.0,,0.0,1.0
1.0,1.0,,0.0,1.0
1.0,1.0,,0.0,1.0
1.0,1.0,,0.0,1.0
1.0,1.0,,0.0,1.0
1.0,1.0,,0.0,1.0
1.0,1.0,,0.0,1.0
1.0,1.0,,0.0,1.0
0.0,1.0,,0.0,1.0
1.0,1.0,,0.0,1.0
1.0,1.0,,0.0,1.0
1.0,1.0,,0.0,1.0
1.0,1.0,,0.0,1.0
0.0,1.0,,0.0,1.0
1.0,1.0,,0.0,1.0
0.0,1.0,,0.0,1.0
1.0,1.0,,0.0,1.0
0.0,0.0,,0.0,1.0
1.0,1.0,,1.0,0.0
0.0,0.0,,0.0,1.0
1.0,1.0,,1.0,0.0
0.0,1.0,,0.0,1.0
1.0,1.0,,0.0,1.0
0.0,0.0,,0.0,1.0
0.0,1.0,,1.0,0.0
1.0,1.0,,0.0,1.0
0.0,0.0,,0.0,1.0
0.0,1.0,,1.0,0.0
0.0,1.0,,0.0,1.0
1.0,1.0,,0.0,1.0
1.0,1.0,,0.0,1.0
1.0,1.0,,0.0,1.0
0.0,1.0,,0.0,1.0
1.0,1.0,,0.0,1.0
0.0,1.0,,0.0,1.0
0.0,0.0,,0.0,1.0
1.0,1.0,,1.0,0.0
1.0,1.0,,0.0,1.0
1.0,1.0,,0.0,1.0
0.0,1.0,,0.0,1.0
1.0,1.0,,0.0,1.0
1.0,1.0,,0.0,1.0
1.0,1.0,,0.0,1.0
1.0,1.0,,0.0,1.0
1.0,1.0,,0.0,1.0
1.0,1.0,,0.0,1.0
1.0,1.0,,0.0,1.0
0.0,1.0,,0.0,1.0
0.0,1.0,,0.0,1.0
1.0,1.0,,0.0,1.0
0.0,0.0,,0.0,1.0
0.0,0.0,,1.0,0.0
0.0,0.0,,1.0,0.0
0.0,0.0,,1.0,0.0
0.0,1.0,,1.0,0.0
1.0,1.0,,0.0,1.0
1.0,1.0,,0.0,1.0
1.0,1.0,,0.0,1.0
1.0,1.0,,0.0,1.0
0.0,0.0,,0.0,1.0
0.0,1.0,,1.0,0.0
1.0,0.0,,0.0,1.0
1.0,1.0,,1.0,0.0
0.0,1.0,,0.0,1.0
1.0,1.0,,0.0,1.0
0.0,0.0,,0.0,1.0
0.0,0.0,,1.0,0.0
1.0,1.0,,1.0,0.0
1.0,1.0,,0.0,1.0
0.0,1.0,,0.0,1.0
0.0,1.0,,0.0,1.0
0.0,1.0,,0.0,1.0
0.0,0.0,,0.0,1.0
0.0,1.0,,1.0,0.0
0.0,0.0,,0.0,1.0
1.0,1.0,,1.0,0.0
1.0,1.0,,0.0,1.0
0.0,1.0,,0.0,1.0
1.0,1.0,,0.0,1.0
0.0,1.0,,0.0,1.0
1.0,1.0,,0.0,1.0
0.0,1.0,,0.0,1.0
1.0,1.0,,0.0,1.0
1.0,1.0,,0.0,1.0
0.0,0.0,,0.0,1.0
0.0,1.0,,1.0,0.0
1.0,1.0,,0.0,1.0
0.0,1.0,,0.0,1.0
1.0,1.0,,0.0,1.0
0.0,1.0,,0.0,1.0
0.0,0.0,,0.0,1.0
0.0,0.0,,1.0,0.0
0.0,1.0,,1.0,0.0
0.0,1.0,,0.0,1.0
0.0,0.0,,0.0,1.0
0.0,1.0,,1.0,0.0
0.0,1.0,,0.0,1.0
0.0,1.0,,0.0,1.0
1.0,1.0,,0.0,1.0
1.0,1.0,,0.0,1.0
0.0,0.0,,0.0,1.0
0.0,1.0,,1.0,0.0
0.0,0.0,,0.0,1.0
0.0,0.0,,1.0,0.0
0.0,0.0,,1.0,0.0
1.0,1.0,,1.0,0.0
1.0,1.0,,0.0,1.0
0.0,1.0,,0.0,1.0
1.0,1.0,,0.0,1.0
1.0,1.0,,0.0,1.0
1.0,1.0,,0.0,1.0
0.0,1.0,,0.0,1.0
1.0,1.0,,0.0,1.0
0.0,1.0,,0.0,1.0
1.0,1.0,,0.0,1.0
0.0,0.0,,0.0,1.0
0.0,1.0,,1.0,0.0
0.0,0.0,,0.0,1.0
1.0,1.0,,1.0,0.0
0.0,0.0,,0.0,1.0
0.0,1.0,,1.0,0.0
0.0,1.0,,0.0,1.0
0.0,0.0,,0.0,1.0
1.0,1.0,,1.0,0.0
0.0,1.0,,0.0,1.0
1.0,1.0,,0.0,1.0
1.0,1.0,,0.0,1.0
1.0,1.0,,0.0,1.0
1.0,1.0,,0.0,1.0
0.0,1.0,,0.0,1.0
1.0,1.0,,0.0,1.0
0.0,1.0,,0.0,1.0
1.0,1.0,,0.0,1.0
1.0,1.0,,0.0,1.0
0.0,1.0,,0.0,1.0
1.0,1.0,,0.0,1.0
1.0,1.0,,0.0,1.0
0.0,1.0,,0.0,1.0
0.0,0.0,,0.0,1.0
1.0,1.0,,1.0,0.0
0.0,0.0,,0.0,1.0
1.0,1.0,,1.0,0.0
1.0,1.0,,0.0,1.0
0.0,0.0,,0.0,1.0
1.0,1.0,,1.0,0.0
1.0,1.0,,0.0,1.0
1.0,1.0,,0.0,1.0
1.0,1.0,,0.0,1.0
1.0,1.0,,0.0,1.0
1.0,1.0,,0.0,1.0
1.0,1.0,,0.0,1.0
0.0,0.0,,0.0,1.0
0.0,1.0,,1.0,0.0
1.0,1.0,,0.0,1.0
0.0,0.0,,0.0,1.0
1.0,1.0,,1.0,0.0
1.0,1.0,,0.0,1.0
0.0,0.0,,0.0,1.0
0.0,1.0,,1.0,0.0
1.0,1.0,,0.0,1.0
0.0,0.0,,0.0,1.0
1.0,1.0,,1.0,0.0
0.0,1.0,,0.0,1.0
0.0,0.0,,0.0,1.0
0.0,1.0,,1.0,0.0
0.0,0.0,,0.0,1.0
1.0,1.0,,1.0,0.0
0.0,1.0,,0.0,1.0
0.0,1.0,,0.0,1.0
0.0,1.0,,0.0,1.0
0.0,0.0,,0.0,1.0
0.0,0.0,,1.0,0.0
0.0,0.0,,1.0,0.0
0.0,0.0,,1.0,0.0
0.0,0.0,,1.0,0.0
1.0,1.0,,1.0,0.0
0.0,1.0,,0.0,1.0
0.0,1.0,,0.0,1.0
1.0,1.0,,0.0,1.0
1.0,1.0,,0.0,1.0
0.0,0.0,,0.0,1.0
0.0,0.0,,1.0,0.0
0.0,0.0,,1.0,0.0
0.0,1.0,,1.0,0.0
0.0,1.0,,0.0,1.0
0.0,1.0,,0.0,1.0
0.0,0.0,,0.0,1.0
1.0,1.0,,1.0,0.0
0.0,1.0,,0.0,1.0
0.0,1.0,,0.0,1.0
0.0,1.0,,0.0,1.0
1.0,1.0,,0.0,1.0
0.0,0.0,,0.0,1.0
1.0,1.0,,1.0,0.0
1.0,1.0,,0.0,1.0
1.0,1.0,,0.0,1.0
1.0,1.0,,0.0,1.0
0.0,0.0,,0.0,1.0
0.0,1.0,,1.0,0.0
0.0,1.0,,0.0,1.0
1.0,1.0,,0.0,1.0
0.0,0.0,,0.0,1.0
0.0,0.0,,1.0,0.0
1.0,1.0,,1.0,0.0
0.0,0.0,,0.0,1.0
0.0,1.0,,1.0,0.0
1.0,1.0,,0.0,1.0
0.0,0.0,,0.0,1.0
0.0,0.0,,1.0,0.0
1.0,1.0,,1.0,0.0
0.0,1.0,,0.0,1.0
0.0,1.0,,0.0,1.0
1.0,1.0,,0.0,1.0
1.0,1.0,,0.0,1.0
1.0,1.0,,0.0,1.0
1.0,1.0,,0.0,1.0
1.0,1.0,,0.0,1.0
0.0,0.0,,0.0,1.0
1.0,1.0,,1.0,0.0
1.0,1.0,,0.0,1.0
1.0,1.0,,0.0,1.0
0.0,0.0,,0.0,1.0
1.0,1.0,,1.0,0.0
0.0,0.0,,0.0,1.0
0.0,0.0,,1.0,0.0
1.0,1.0,,1.0,0.0
0.0,0.0,,0.0,1.0
0.0,0.0,,1.0,0.0
1.0,1.0,,1.0,0.0
0.0,0.0,,0.0,1.0
1.0,1.0,,1.0,0.0
0.0,1.0,,0.0,1.0
0.0,1.0,,0.0,1.0
1.0,1.0,,0.0,1.0
1.0,1.0,,0.0,1.0
0.0,1.0,,0.0,1.0
0.0,0.0,,0.0,1.0
1.0,1.0,,1.0,0.0
0.0,0.0,,0.0,1.0
0.0,0.0,,1.0,0.0
1.0,1.0,,1.0,0.0
1.0,1.0,,0.0,1.0
1.0,1.0,,0.0,1.0
1.0,1.0,,0.0,1.0
0.0,1.0,,0.0,1.0
1.0,1.0,,0.0,1.0
1.0,1.0,,0.0,1.0
0.0,1.0,,0.0,1.0
1.0,1.0,,0.0,1.0
1.0,1.0,,0.0,1.0
0.0,0.0,,0.0,1.0
0.0,0.0,,1.0,0.0
1.0,1.0,,1.0,0.0
1.0,1.0,,0.0,1.0
0.0,0.0,,0.0,1.0
0.0,1.0,,1.0,0.0
0.0,1.0,,0.0,1.0
1.0,1.0,,0.0,1.0
0.0,0.0,,0.0,1.0
1.0,1.0,,1.0,0.0
1.0,1.0,,0.0,1.0
1.0,1.0,,0.0,1.0
1.0,1.0,,0.0,1.0
0.0,1.0,,0.0,1.0
0.0,1.0,,0.0,1.0
0.0,1.0,,0.0,1.0
1.0,1.0,,0.0,1.0
1.0,1.0,,0.0,1.0
1.0,1.0,,0.0,1.0
0.0,0.0,,0.0,1.0
0.0,0.0,,1.0,0.0
0.0,0.0,,1.0,0.0
1.0,1.0,,1.0,0.0
0.0,1.0,,0.0,1.0
0.0,0.0,,0.0,1.0
0.0,1.0,,1.0,0.0
1.0,1.0,,0.0,1.0
0.0,0.0,,0.0,1.0
1.0,1.0,,1.0,0.0
1.0,1.0,,0.0,1.0
1.0,1.0,,0.0,1.0
0.0,0.0,,0.0,1.0
0.0,0.0,,1.0,0.0
1.0,1.0,,1.0,0.0
1.0,1.0,,0.0,1.0
0.0,1.0,,0.0,1.0
0.0,1.0,,0.0,1.0
0.0,1.0,,0.0,1.0
1.0,1.0,,0.0,1.0
0.0,0.0,,0.0,1.0
0.0,1.0,,1.0,0.0
0.0,0.0,,0.0,1.0
0.0,0.0,,1.0,0.0
1.0,1.0,,1.0,0.0
1.0,1.0,,0.0,1.0
1.0,1.0,,0.0,1.0
1.0,1.0,,0.0,1.0
0.0,0.0,,0.0,1.0
0.0,1.0,,1.0,0.0
1.0,1.0,,0.0,1.0
1.0,1.0,,0.0,1.0
0.0,1.0,,0.0,1.0
0.0,0.0,,0.0,1.0
1.0,1.0,,1.0,0.0
0.0,1.0,,0.0,1.0
0.0,1.0,,0.0,1.0
0.0,0.0,,0.0,1.0
1.0,1.0,,1.0,0.0
1.0,1.0,,0.0,1.0
1.0,1.0,,0.0,1.0
0.0,0.0,,0.0,1.0
0.0,0.0,,1.0,0.0
0.0,1.0,,1.0,0.0
1.0,1.0,,0.0,1.0
1.0,1.0,,0.0,1.0
0.0,0.0,,0.0,1.0
1.0,1.0,,1.0,0.0
1.0,1.0,,0.0,1.0
1.0,1.0,,0.0,1.0
1.0,1.0,,0.0,1.0
0.0,1.0,,0.0,1.0
1.0,1.0,,0.0,1.0
0.0,0.0,,0.0,1.0
0.0,0.0,,1.0,0.0
0.0,0.0,,1.0,0.0
1.0,1.0,,1.0,0.0
0.0,0.0,,0.0,1.0
1.0,1.0,,1.0,0.0
0.0,0.0,,0.0,1.0
1.0,1.0,,1.0,0.0
0.0,1.0,,0.0,1.0
0.0,1.0,,0.0,1.0
1.0,1.0,,0.0,1.0
0.0,1.0,,0.0,1.0
1.0,1.0,,0.0,1.0
0.0,0.0,,0.0,1.0
1.0,1.0,,1.0,0.0
0.0,0.0,,0.0,1.0
1.0,1.0,,1.0,0.0
1.0,1.0,,0.0,1.0
1.0,1.0,,0.0,1.0
0.0,0.0,,0.0,1.0
0.0,0.0,,1.0,0.0
0.0,1.0,,1.0,0.0
1.0,1.0,,0.0,1.0
0.0,0.0,,0.0,1.0
0.0,1.0,,1.0,0.0
1.0,1.0,,0.0,1.0
1.0,1.0,,0.0,1.0
0.0,0.0,,0.0,1.0
0.0,1.0,,1.0,0.0
1.0,1.0,,0.0,1.0
0.0,1.0,,0.0,1.0
0.0,0.0,,0.0,1.0
1.0,1.0,,1.0,0.0
0.0,0.0,,0.0,1.0
0.0,1.0,,1.0,0.0
0.0,1.0,,0.0,1.0
0.0,0.0,,0.0,1.0
1.0,1.0,,1.0,0.0
1.0,1.0,,0.0,1.0
0.0,1.0,,0.0,1.0
1.0,1.0,,0.0,1.0
0.0,0.0,,0.0,1.0
0.0,1.0,,1.0,0.0
0.0,0.0,,0.0,1.0
0.0,1.0,,1.0,0.0
1.0,1.0,,0.0,1.0
1.0,1.0,,0.0,1.0
0.0,0.0,,0.0,1.0
1.0,1.0,,1.0,0.0
0.0,1.0,,0.0,1.0
0.0,0.0,,0.0,1.0
1.0,1.0,,1.0,0.0
0.0,0.0,,0.0,1.0
0.0,1.0,,1.0,0.0
1.0,1.0,,0.0,1.0
1.0,1.0,,0.0,1.0
0.0,0.0,,0.0,1.0
1.0,1.0,,1.0,0.0
0.0,0.0,,0.0,1.0
0.0,0.0,,1.0,0.0
0.0,1.0,,1.0,0.0
0.0,0.0,,0.0,1.0
1.0,1.0,,1.0,0.0
0.0,1.0,,0.0,1.0
1.0,1.0,,0.0,1.0
1.0,1.0,,0.0,1.0
1.0,1.0,,0.0,1.0
1.0,1.0,,0.0,1.0
1.0,1.0,,0.0,1.0
1.0,1.0,,0.0,1.0
1.0,1.0,,0.0,1.0
0.0,0.0,,0.0,1.0
1.0,1.0,,1.0,0.0
1.0,1.0,,0.0,1.0
0.0,0.0,,0.0,1.0
1.0,1.0,,1.0,0.0
1.0,1.0,,0.0,1.0
1.0,1.0,,0.0,1.0
1.0,1.0,,0.0,1.0
1.0,1.0,,0.0,1.0
0.0,1.0,,0.0,1.0
1.0,1.0,,0.0,1.0
1.0,1.0,,0.0,1.0
1.0,1.0,,0.0,1.0
1.0,1.0,,0.0,1.0
0.0,1.0,,0.0,1.0
0.0,1.0,,0.0,1.0
0.0,1.0,,0.0,1.0
0.0,1.0,,0.0,1.0
1.0,1.0,,0.0,1.0
1.0,1.0,,0.0,1.0
1.0,1.0,,0.0,1.0
1.0,1.0,,0.0,1.0
1.0,1.0,,0.0,1.0
0.0,0.0,,0.0,1.0
0.0,1.0,,1.0,0.0
1.0,1.0,,0.0,1.0
1.0,1.0,,0.0,1.0
1.0,1.0,,0.0,1.0
1.0,1.0,,0.0,1.0
0.0,1.0,,0.0,1.0
0.0,1.0,,0.0,1.0
0.0,0.0,,0.0,1.0
0.0,1.0,,1.0,0.0
1.0,1.0,,0.0,1.0
0.0,1.0,,0.0,1.0
1.0,1.0,,0.0,1.0
1.0,1.0,,0.0,1.0
1.0,1.0,,0.0,1.0
1.0,1.0,,0.0,1.0
0.0,1.0,,0.0,1.0
0.0,0.0,,0.0,1.0
1.0,1.0,,1.0,0.0
1.0,1.0,,0.0,1.0
0.0,0.0,,0.0,1.0
1.0,1.0,,1.0,0.0
1.0,1.0,,0.0,1.0
0.0,0.0,,0.0,1.0
0.0,0.0,,1.0,0.0
0.0,1.0,,1.0,0.0
1.0,1.0,,0.0,1.0
0.0,1.0,,0.0,1.0
0.0,1.0,,0.0,1.0
