wine-quality-white.arff, 1NN
No Parameter Info
59.93197278911565
2.0,3.0,,0.0,0.0,0.0,0.0,1.0,0.0,0.0
3.0,2.0,,0.0,0.0,0.0,1.0,0.0,0.0,0.0
2.0,2.0,,0.0,0.0,1.0,0.0,0.0,0.0,0.0
3.0,3.0,,0.0,0.0,1.0,0.0,0.0,0.0,0.0
2.0,2.0,,0.0,0.0,0.0,1.0,0.0,0.0,0.0
1.0,3.0,,0.0,0.0,1.0,0.0,0.0,0.0,0.0
3.0,2.0,,0.0,0.0,0.0,1.0,0.0,0.0,0.0
2.0,4.0,,0.0,0.0,1.0,0.0,0.0,0.0,0.0
4.0,4.0,,0.0,0.0,0.0,0.0,1.0,0.0,0.0
4.0,3.0,,0.0,0.0,0.0,0.0,1.0,0.0,0.0
2.0,3.0,,0.0,0.0,0.0,1.0,0.0,0.0,0.0
3.0,3.0,,0.0,0.0,0.0,1.0,0.0,0.0,0.0
2.0,2.0,,0.0,0.0,0.0,1.0,0.0,0.0,0.0
4.0,4.0,,0.0,0.0,1.0,0.0,0.0,0.0,0.0
5.0,4.0,,0.0,0.0,0.0,0.0,1.0,0.0,0.0
2.0,3.0,,0.0,0.0,0.0,0.0,1.0,0.0,0.0
3.0,3.0,,0.0,0.0,0.0,1.0,0.0,0.0,0.0
3.0,4.0,,0.0,0.0,0.0,1.0,0.0,0.0,0.0
3.0,3.0,,0.0,0.0,0.0,0.0,1.0,0.0,0.0
2.0,3.0,,0.0,0.0,0.0,1.0,0.0,0.0,0.0
3.0,3.0,,0.0,0.0,0.0,1.0,0.0,0.0,0.0
2.0,3.0,,0.0,0.0,0.0,1.0,0.0,0.0,0.0
2.0,2.0,,0.0,0.0,0.0,1.0,0.0,0.0,0.0
2.0,2.0,,0.0,0.0,1.0,0.0,0.0,0.0,0.0
3.0,4.0,,0.0,0.0,1.0,0.0,0.0,0.0,0.0
4.0,4.0,,0.0,0.0,0.0,0.0,1.0,0.0,0.0
2.0,2.0,,0.0,0.0,0.0,0.0,1.0,0.0,0.0
4.0,3.0,,0.0,0.0,1.0,0.0,0.0,0.0,0.0
3.0,2.0,,0.0,0.0,0.0,1.0,0.0,0.0,0.0
4.0,3.0,,0.0,0.0,1.0,0.0,0.0,0.0,0.0
4.0,3.0,,0.0,0.0,0.0,1.0,0.0,0.0,0.0
4.0,3.0,,0.0,0.0,0.0,1.0,0.0,0.0,0.0
3.0,3.0,,0.0,0.0,0.0,1.0,0.0,0.0,0.0
4.0,3.0,,0.0,0.0,0.0,1.0,0.0,0.0,0.0
3.0,3.0,,0.0,0.0,0.0,1.0,0.0,0.0,0.0
3.0,3.0,,0.0,0.0,0.0,1.0,0.0,0.0,0.0
2.0,2.0,,0.0,0.0,0.0,1.0,0.0,0.0,0.0
2.0,2.0,,0.0,0.0,1.0,0.0,0.0,0.0,0.0
4.0,4.0,,0.0,0.0,1.0,0.0,0.0,0.0,0.0
3.0,2.0,,0.0,0.0,0.0,0.0,1.0,0.0,0.0
4.0,4.0,,0.0,0.0,1.0,0.0,0.0,0.0,0.0
3.0,4.0,,0.0,0.0,0.0,0.0,1.0,0.0,0.0
4.0,4.0,,0.0,0.0,0.0,0.0,1.0,0.0,0.0
3.0,4.0,,0.0,0.0,0.0,0.0,1.0,0.0,0.0
3.0,3.0,,0.0,0.0,0.0,0.0,1.0,0.0,0.0
4.0,4.0,,0.0,0.0,0.0,1.0,0.0,0.0,0.0
4.0,4.0,,0.0,0.0,0.0,0.0,1.0,0.0,0.0
4.0,3.0,,0.0,0.0,0.0,0.0,1.0,0.0,0.0
2.0,2.0,,0.0,0.0,0.0,1.0,0.0,0.0,0.0
2.0,2.0,,0.0,0.0,1.0,0.0,0.0,0.0,0.0
3.0,2.0,,0.0,0.0,1.0,0.0,0.0,0.0,0.0
2.0,2.0,,0.0,0.0,1.0,0.0,0.0,0.0,0.0
3.0,3.0,,0.0,0.0,1.0,0.0,0.0,0.0,0.0
4.0,5.0,,0.0,0.0,0.0,1.0,0.0,0.0,0.0
2.0,2.0,,0.0,0.0,0.0,0.0,0.0,1.0,0.0
2.0,3.0,,0.0,0.0,1.0,0.0,0.0,0.0,0.0
3.0,3.0,,0.0,0.0,0.0,1.0,0.0,0.0,0.0
4.0,3.0,,0.0,0.0,0.0,1.0,0.0,0.0,0.0
4.0,3.0,,0.0,0.0,0.0,1.0,0.0,0.0,0.0
2.0,2.0,,0.0,0.0,0.0,1.0,0.0,0.0,0.0
3.0,3.0,,0.0,0.0,1.0,0.0,0.0,0.0,0.0
4.0,1.0,,0.0,0.0,0.0,1.0,0.0,0.0,0.0
2.0,3.0,,0.0,1.0,0.0,0.0,0.0,0.0,0.0
4.0,4.0,,0.0,0.0,0.0,1.0,0.0,0.0,0.0
3.0,3.0,,0.0,0.0,0.0,0.0,1.0,0.0,0.0
3.0,3.0,,0.0,0.0,0.0,1.0,0.0,0.0,0.0
1.0,4.0,,0.0,0.0,0.0,1.0,0.0,0.0,0.0
3.0,3.0,,0.0,0.0,0.0,0.0,1.0,0.0,0.0
4.0,3.0,,0.0,0.0,0.0,1.0,0.0,0.0,0.0
4.0,4.0,,0.0,0.0,0.0,1.0,0.0,0.0,0.0
3.0,3.0,,0.0,0.0,0.0,0.0,1.0,0.0,0.0
2.0,2.0,,0.0,0.0,0.0,1.0,0.0,0.0,0.0
1.0,2.0,,0.0,0.0,1.0,0.0,0.0,0.0,0.0
3.0,4.0,,0.0,0.0,1.0,0.0,0.0,0.0,0.0
3.0,2.0,,0.0,0.0,0.0,0.0,1.0,0.0,0.0
3.0,4.0,,0.0,0.0,1.0,0.0,0.0,0.0,0.0
4.0,3.0,,0.0,0.0,0.0,0.0,1.0,0.0,0.0
3.0,3.0,,0.0,0.0,0.0,1.0,0.0,0.0,0.0
4.0,3.0,,0.0,0.0,0.0,1.0,0.0,0.0,0.0
4.0,5.0,,0.0,0.0,0.0,1.0,0.0,0.0,0.0
3.0,3.0,,0.0,0.0,0.0,0.0,0.0,1.0,0.0
2.0,2.0,,0.0,0.0,0.0,1.0,0.0,0.0,0.0
2.0,2.0,,0.0,0.0,1.0,0.0,0.0,0.0,0.0
2.0,2.0,,0.0,0.0,1.0,0.0,0.0,0.0,0.0
4.0,4.0,,0.0,0.0,1.0,0.0,0.0,0.0,0.0
4.0,3.0,,0.0,0.0,0.0,0.0,1.0,0.0,0.0
3.0,2.0,,0.0,0.0,0.0,1.0,0.0,0.0,0.0
4.0,4.0,,0.0,0.0,1.0,0.0,0.0,0.0,0.0
2.0,2.0,,0.0,0.0,0.0,0.0,1.0,0.0,0.0
2.0,4.0,,0.0,0.0,1.0,0.0,0.0,0.0,0.0
3.0,3.0,,0.0,0.0,0.0,0.0,1.0,0.0,0.0
3.0,3.0,,0.0,0.0,0.0,1.0,0.0,0.0,0.0
3.0,4.0,,0.0,0.0,0.0,1.0,0.0,0.0,0.0
2.0,2.0,,0.0,0.0,0.0,0.0,1.0,0.0,0.0
4.0,4.0,,0.0,0.0,1.0,0.0,0.0,0.0,0.0
4.0,4.0,,0.0,0.0,0.0,0.0,1.0,0.0,0.0
2.0,2.0,,0.0,0.0,0.0,0.0,1.0,0.0,0.0
2.0,2.0,,0.0,0.0,1.0,0.0,0.0,0.0,0.0
4.0,3.0,,0.0,0.0,1.0,0.0,0.0,0.0,0.0
3.0,3.0,,0.0,0.0,0.0,1.0,0.0,0.0,0.0
3.0,4.0,,0.0,0.0,0.0,1.0,0.0,0.0,0.0
3.0,4.0,,0.0,0.0,0.0,0.0,1.0,0.0,0.0
4.0,4.0,,0.0,0.0,0.0,0.0,1.0,0.0,0.0
3.0,2.0,,0.0,0.0,0.0,0.0,1.0,0.0,0.0
4.0,4.0,,0.0,0.0,1.0,0.0,0.0,0.0,0.0
2.0,3.0,,0.0,0.0,0.0,0.0,1.0,0.0,0.0
3.0,3.0,,0.0,0.0,0.0,1.0,0.0,0.0,0.0
2.0,3.0,,0.0,0.0,0.0,1.0,0.0,0.0,0.0
3.0,2.0,,0.0,0.0,0.0,1.0,0.0,0.0,0.0
4.0,3.0,,0.0,0.0,1.0,0.0,0.0,0.0,0.0
4.0,3.0,,0.0,0.0,0.0,1.0,0.0,0.0,0.0
3.0,2.0,,0.0,0.0,0.0,1.0,0.0,0.0,0.0
3.0,4.0,,0.0,0.0,1.0,0.0,0.0,0.0,0.0
4.0,4.0,,0.0,0.0,0.0,0.0,1.0,0.0,0.0
3.0,3.0,,0.0,0.0,0.0,0.0,1.0,0.0,0.0
3.0,3.0,,0.0,0.0,0.0,1.0,0.0,0.0,0.0
3.0,3.0,,0.0,0.0,0.0,1.0,0.0,0.0,0.0
2.0,2.0,,0.0,0.0,0.0,1.0,0.0,0.0,0.0
5.0,5.0,,0.0,0.0,1.0,0.0,0.0,0.0,0.0
3.0,3.0,,0.0,0.0,0.0,0.0,0.0,1.0,0.0
3.0,2.0,,0.0,0.0,0.0,1.0,0.0,0.0,0.0
5.0,5.0,,0.0,0.0,1.0,0.0,0.0,0.0,0.0
4.0,4.0,,0.0,0.0,0.0,0.0,0.0,1.0,0.0
3.0,3.0,,0.0,0.0,0.0,0.0,1.0,0.0,0.0
4.0,4.0,,0.0,0.0,0.0,1.0,0.0,0.0,0.0
3.0,2.0,,0.0,0.0,0.0,0.0,1.0,0.0,0.0
1.0,2.0,,0.0,0.0,1.0,0.0,0.0,0.0,0.0
3.0,3.0,,0.0,0.0,1.0,0.0,0.0,0.0,0.0
2.0,2.0,,0.0,0.0,0.0,1.0,0.0,0.0,0.0
3.0,2.0,,0.0,0.0,1.0,0.0,0.0,0.0,0.0
2.0,2.0,,0.0,0.0,1.0,0.0,0.0,0.0,0.0
3.0,4.0,,0.0,0.0,1.0,0.0,0.0,0.0,0.0
4.0,4.0,,0.0,0.0,0.0,0.0,1.0,0.0,0.0
3.0,3.0,,0.0,0.0,0.0,0.0,1.0,0.0,0.0
4.0,4.0,,0.0,0.0,0.0,1.0,0.0,0.0,0.0
4.0,4.0,,0.0,0.0,0.0,0.0,1.0,0.0,0.0
4.0,3.0,,0.0,0.0,0.0,0.0,1.0,0.0,0.0
3.0,4.0,,0.0,0.0,0.0,1.0,0.0,0.0,0.0
5.0,4.0,,0.0,0.0,0.0,0.0,1.0,0.0,0.0
3.0,3.0,,0.0,0.0,0.0,0.0,1.0,0.0,0.0
2.0,2.0,,0.0,0.0,0.0,1.0,0.0,0.0,0.0
2.0,2.0,,0.0,0.0,1.0,0.0,0.0,0.0,0.0
4.0,4.0,,0.0,0.0,1.0,0.0,0.0,0.0,0.0
5.0,5.0,,0.0,0.0,0.0,0.0,1.0,0.0,0.0
4.0,4.0,,0.0,0.0,0.0,0.0,0.0,1.0,0.0
3.0,4.0,,0.0,0.0,0.0,0.0,1.0,0.0,0.0
4.0,4.0,,0.0,0.0,0.0,0.0,1.0,0.0,0.0
4.0,4.0,,0.0,0.0,0.0,0.0,1.0,0.0,0.0
4.0,3.0,,0.0,0.0,0.0,0.0,1.0,0.0,0.0
3.0,3.0,,0.0,0.0,0.0,1.0,0.0,0.0,0.0
3.0,3.0,,0.0,0.0,0.0,1.0,0.0,0.0,0.0
3.0,2.0,,0.0,0.0,0.0,1.0,0.0,0.0,0.0
3.0,3.0,,0.0,0.0,1.0,0.0,0.0,0.0,0.0
3.0,4.0,,0.0,0.0,0.0,1.0,0.0,0.0,0.0
3.0,4.0,,0.0,0.0,0.0,0.0,1.0,0.0,0.0
4.0,3.0,,0.0,0.0,0.0,0.0,1.0,0.0,0.0
5.0,5.0,,0.0,0.0,0.0,1.0,0.0,0.0,0.0
3.0,3.0,,0.0,0.0,0.0,0.0,0.0,1.0,0.0
2.0,4.0,,0.0,0.0,0.0,1.0,0.0,0.0,0.0
3.0,3.0,,0.0,0.0,0.0,0.0,1.0,0.0,0.0
3.0,3.0,,0.0,0.0,0.0,1.0,0.0,0.0,0.0
2.0,2.0,,0.0,0.0,0.0,1.0,0.0,0.0,0.0
3.0,3.0,,0.0,0.0,1.0,0.0,0.0,0.0,0.0
2.0,3.0,,0.0,0.0,0.0,1.0,0.0,0.0,0.0
3.0,3.0,,0.0,0.0,0.0,1.0,0.0,0.0,0.0
3.0,3.0,,0.0,0.0,0.0,1.0,0.0,0.0,0.0
3.0,3.0,,0.0,0.0,0.0,1.0,0.0,0.0,0.0
2.0,1.0,,0.0,0.0,0.0,1.0,0.0,0.0,0.0
3.0,3.0,,0.0,1.0,0.0,0.0,0.0,0.0,0.0
4.0,3.0,,0.0,0.0,0.0,1.0,0.0,0.0,0.0
2.0,2.0,,0.0,0.0,0.0,1.0,0.0,0.0,0.0
2.0,2.0,,0.0,0.0,1.0,0.0,0.0,0.0,0.0
2.0,3.0,,0.0,0.0,1.0,0.0,0.0,0.0,0.0
3.0,3.0,,0.0,0.0,0.0,1.0,0.0,0.0,0.0
2.0,2.0,,0.0,0.0,0.0,1.0,0.0,0.0,0.0
2.0,4.0,,0.0,0.0,1.0,0.0,0.0,0.0,0.0
3.0,3.0,,0.0,0.0,0.0,0.0,1.0,0.0,0.0
2.0,2.0,,0.0,0.0,0.0,1.0,0.0,0.0,0.0
2.0,2.0,,0.0,0.0,1.0,0.0,0.0,0.0,0.0
3.0,2.0,,0.0,0.0,1.0,0.0,0.0,0.0,0.0
4.0,4.0,,0.0,0.0,1.0,0.0,0.0,0.0,0.0
1.0,3.0,,0.0,0.0,0.0,0.0,1.0,0.0,0.0
3.0,3.0,,0.0,0.0,0.0,1.0,0.0,0.0,0.0
3.0,5.0,,0.0,0.0,0.0,1.0,0.0,0.0,0.0
3.0,4.0,,0.0,0.0,0.0,0.0,0.0,1.0,0.0
2.0,1.0,,0.0,0.0,0.0,0.0,1.0,0.0,0.0
4.0,3.0,,0.0,1.0,0.0,0.0,0.0,0.0,0.0
2.0,3.0,,0.0,0.0,0.0,1.0,0.0,0.0,0.0
3.0,3.0,,0.0,0.0,0.0,1.0,0.0,0.0,0.0
3.0,0.0,,0.0,0.0,0.0,1.0,0.0,0.0,0.0
3.0,3.0,,1.0,0.0,0.0,0.0,0.0,0.0,0.0
2.0,2.0,,0.0,0.0,0.0,1.0,0.0,0.0,0.0
4.0,4.0,,0.0,0.0,1.0,0.0,0.0,0.0,0.0
2.0,2.0,,0.0,0.0,0.0,0.0,1.0,0.0,0.0
3.0,2.0,,0.0,0.0,1.0,0.0,0.0,0.0,0.0
2.0,3.0,,0.0,0.0,1.0,0.0,0.0,0.0,0.0
2.0,4.0,,0.0,0.0,0.0,1.0,0.0,0.0,0.0
3.0,2.0,,0.0,0.0,0.0,0.0,1.0,0.0,0.0
3.0,2.0,,0.0,0.0,1.0,0.0,0.0,0.0,0.0
1.0,1.0,,0.0,0.0,1.0,0.0,0.0,0.0,0.0
4.0,4.0,,0.0,1.0,0.0,0.0,0.0,0.0,0.0
3.0,3.0,,0.0,0.0,0.0,0.0,1.0,0.0,0.0
3.0,3.0,,0.0,0.0,0.0,1.0,0.0,0.0,0.0
3.0,3.0,,0.0,0.0,0.0,1.0,0.0,0.0,0.0
3.0,3.0,,0.0,0.0,0.0,1.0,0.0,0.0,0.0
2.0,1.0,,0.0,0.0,0.0,1.0,0.0,0.0,0.0
3.0,3.0,,0.0,1.0,0.0,0.0,0.0,0.0,0.0
4.0,3.0,,0.0,0.0,0.0,1.0,0.0,0.0,0.0
4.0,2.0,,0.0,0.0,0.0,1.0,0.0,0.0,0.0
2.0,2.0,,0.0,0.0,1.0,0.0,0.0,0.0,0.0
4.0,3.0,,0.0,0.0,1.0,0.0,0.0,0.0,0.0
2.0,2.0,,0.0,0.0,0.0,1.0,0.0,0.0,0.0
3.0,3.0,,0.0,0.0,1.0,0.0,0.0,0.0,0.0
3.0,3.0,,0.0,0.0,0.0,1.0,0.0,0.0,0.0
3.0,3.0,,0.0,0.0,0.0,1.0,0.0,0.0,0.0
2.0,3.0,,0.0,0.0,0.0,1.0,0.0,0.0,0.0
3.0,3.0,,0.0,0.0,0.0,1.0,0.0,0.0,0.0
2.0,3.0,,0.0,0.0,0.0,1.0,0.0,0.0,0.0
2.0,3.0,,0.0,0.0,0.0,1.0,0.0,0.0,0.0
4.0,4.0,,0.0,0.0,0.0,1.0,0.0,0.0,0.0
3.0,2.0,,0.0,0.0,0.0,0.0,1.0,0.0,0.0
2.0,2.0,,0.0,0.0,1.0,0.0,0.0,0.0,0.0
3.0,3.0,,0.0,0.0,1.0,0.0,0.0,0.0,0.0
4.0,4.0,,0.0,0.0,0.0,1.0,0.0,0.0,0.0
1.0,3.0,,0.0,0.0,0.0,0.0,1.0,0.0,0.0
2.0,2.0,,0.0,0.0,0.0,1.0,0.0,0.0,0.0
3.0,3.0,,0.0,0.0,1.0,0.0,0.0,0.0,0.0
4.0,2.0,,0.0,0.0,0.0,1.0,0.0,0.0,0.0
1.0,2.0,,0.0,0.0,1.0,0.0,0.0,0.0,0.0
1.0,1.0,,0.0,0.0,1.0,0.0,0.0,0.0,0.0
3.0,2.0,,0.0,1.0,0.0,0.0,0.0,0.0,0.0
4.0,4.0,,0.0,0.0,1.0,0.0,0.0,0.0,0.0
3.0,3.0,,0.0,0.0,0.0,0.0,1.0,0.0,0.0
3.0,3.0,,0.0,0.0,0.0,1.0,0.0,0.0,0.0
2.0,2.0,,0.0,0.0,0.0,1.0,0.0,0.0,0.0
2.0,3.0,,0.0,0.0,1.0,0.0,0.0,0.0,0.0
1.0,2.0,,0.0,0.0,0.0,1.0,0.0,0.0,0.0
3.0,3.0,,0.0,0.0,1.0,0.0,0.0,0.0,0.0
3.0,3.0,,0.0,0.0,0.0,1.0,0.0,0.0,0.0
3.0,3.0,,0.0,0.0,0.0,1.0,0.0,0.0,0.0
3.0,4.0,,0.0,0.0,0.0,1.0,0.0,0.0,0.0
3.0,3.0,,0.0,0.0,0.0,0.0,1.0,0.0,0.0
3.0,2.0,,0.0,0.0,0.0,1.0,0.0,0.0,0.0
3.0,2.0,,0.0,0.0,1.0,0.0,0.0,0.0,0.0
2.0,1.0,,0.0,0.0,1.0,0.0,0.0,0.0,0.0
1.0,1.0,,0.0,1.0,0.0,0.0,0.0,0.0,0.0
3.0,2.0,,0.0,1.0,0.0,0.0,0.0,0.0,0.0
3.0,2.0,,0.0,0.0,1.0,0.0,0.0,0.0,0.0
2.0,2.0,,0.0,0.0,1.0,0.0,0.0,0.0,0.0
4.0,4.0,,0.0,0.0,1.0,0.0,0.0,0.0,0.0
2.0,2.0,,0.0,0.0,0.0,0.0,1.0,0.0,0.0
1.0,3.0,,0.0,0.0,1.0,0.0,0.0,0.0,0.0
3.0,3.0,,0.0,0.0,0.0,1.0,0.0,0.0,0.0
5.0,5.0,,0.0,0.0,0.0,1.0,0.0,0.0,0.0
2.0,2.0,,0.0,0.0,0.0,0.0,0.0,1.0,0.0
2.0,2.0,,0.0,0.0,1.0,0.0,0.0,0.0,0.0
2.0,2.0,,0.0,0.0,1.0,0.0,0.0,0.0,0.0
3.0,2.0,,0.0,0.0,1.0,0.0,0.0,0.0,0.0
4.0,4.0,,0.0,0.0,1.0,0.0,0.0,0.0,0.0
4.0,4.0,,0.0,0.0,0.0,0.0,1.0,0.0,0.0
3.0,2.0,,0.0,0.0,0.0,0.0,1.0,0.0,0.0
2.0,3.0,,0.0,0.0,1.0,0.0,0.0,0.0,0.0
4.0,4.0,,0.0,0.0,0.0,1.0,0.0,0.0,0.0
2.0,2.0,,0.0,0.0,0.0,0.0,1.0,0.0,0.0
2.0,3.0,,0.0,0.0,1.0,0.0,0.0,0.0,0.0
3.0,3.0,,0.0,0.0,0.0,1.0,0.0,0.0,0.0
4.0,3.0,,0.0,0.0,0.0,1.0,0.0,0.0,0.0
3.0,3.0,,0.0,0.0,0.0,1.0,0.0,0.0,0.0
2.0,2.0,,0.0,0.0,0.0,1.0,0.0,0.0,0.0
3.0,3.0,,0.0,0.0,1.0,0.0,0.0,0.0,0.0
2.0,2.0,,0.0,0.0,0.0,1.0,0.0,0.0,0.0
3.0,3.0,,0.0,0.0,1.0,0.0,0.0,0.0,0.0
2.0,2.0,,0.0,0.0,0.0,1.0,0.0,0.0,0.0
3.0,2.0,,0.0,0.0,1.0,0.0,0.0,0.0,0.0
3.0,3.0,,0.0,0.0,1.0,0.0,0.0,0.0,0.0
3.0,3.0,,0.0,0.0,0.0,1.0,0.0,0.0,0.0
2.0,2.0,,0.0,0.0,0.0,1.0,0.0,0.0,0.0
2.0,2.0,,0.0,0.0,1.0,0.0,0.0,0.0,0.0
2.0,2.0,,0.0,0.0,1.0,0.0,0.0,0.0,0.0
3.0,3.0,,0.0,0.0,1.0,0.0,0.0,0.0,0.0
2.0,3.0,,0.0,0.0,0.0,1.0,0.0,0.0,0.0
3.0,3.0,,0.0,0.0,0.0,1.0,0.0,0.0,0.0
5.0,5.0,,0.0,0.0,0.0,1.0,0.0,0.0,0.0
3.0,3.0,,0.0,0.0,0.0,0.0,0.0,1.0,0.0
3.0,3.0,,0.0,0.0,0.0,1.0,0.0,0.0,0.0
3.0,3.0,,0.0,0.0,0.0,1.0,0.0,0.0,0.0
3.0,3.0,,0.0,0.0,0.0,1.0,0.0,0.0,0.0
3.0,3.0,,0.0,0.0,0.0,1.0,0.0,0.0,0.0
4.0,4.0,,0.0,0.0,0.0,1.0,0.0,0.0,0.0
3.0,3.0,,0.0,0.0,0.0,0.0,1.0,0.0,0.0
3.0,3.0,,0.0,0.0,0.0,1.0,0.0,0.0,0.0
4.0,4.0,,0.0,0.0,0.0,1.0,0.0,0.0,0.0
3.0,3.0,,0.0,0.0,0.0,0.0,1.0,0.0,0.0
2.0,3.0,,0.0,0.0,0.0,1.0,0.0,0.0,0.0
1.0,3.0,,0.0,0.0,0.0,1.0,0.0,0.0,0.0
3.0,2.0,,0.0,0.0,0.0,1.0,0.0,0.0,0.0
5.0,5.0,,0.0,0.0,1.0,0.0,0.0,0.0,0.0
4.0,3.0,,0.0,0.0,0.0,0.0,0.0,1.0,0.0
4.0,3.0,,0.0,0.0,0.0,1.0,0.0,0.0,0.0
4.0,2.0,,0.0,0.0,0.0,1.0,0.0,0.0,0.0
2.0,3.0,,0.0,0.0,1.0,0.0,0.0,0.0,0.0
2.0,3.0,,0.0,0.0,0.0,1.0,0.0,0.0,0.0
3.0,3.0,,0.0,0.0,0.0,1.0,0.0,0.0,0.0
3.0,3.0,,0.0,0.0,0.0,1.0,0.0,0.0,0.0
3.0,3.0,,0.0,0.0,0.0,1.0,0.0,0.0,0.0
2.0,2.0,,0.0,0.0,0.0,1.0,0.0,0.0,0.0
5.0,4.0,,0.0,0.0,1.0,0.0,0.0,0.0,0.0
2.0,2.0,,0.0,0.0,0.0,0.0,1.0,0.0,0.0
3.0,3.0,,0.0,0.0,1.0,0.0,0.0,0.0,0.0
2.0,4.0,,0.0,0.0,0.0,1.0,0.0,0.0,0.0
3.0,3.0,,0.0,0.0,0.0,0.0,1.0,0.0,0.0
2.0,3.0,,0.0,0.0,0.0,1.0,0.0,0.0,0.0
2.0,2.0,,0.0,0.0,0.0,1.0,0.0,0.0,0.0
3.0,2.0,,0.0,0.0,1.0,0.0,0.0,0.0,0.0
2.0,2.0,,0.0,0.0,1.0,0.0,0.0,0.0,0.0
3.0,3.0,,0.0,0.0,1.0,0.0,0.0,0.0,0.0
3.0,3.0,,0.0,0.0,0.0,1.0,0.0,0.0,0.0
2.0,2.0,,0.0,0.0,0.0,1.0,0.0,0.0,0.0
2.0,3.0,,0.0,0.0,1.0,0.0,0.0,0.0,0.0
2.0,2.0,,0.0,0.0,0.0,1.0,0.0,0.0,0.0
4.0,5.0,,0.0,0.0,1.0,0.0,0.0,0.0,0.0
4.0,3.0,,0.0,0.0,0.0,0.0,0.0,1.0,0.0
3.0,2.0,,0.0,0.0,0.0,1.0,0.0,0.0,0.0
3.0,3.0,,0.0,0.0,1.0,0.0,0.0,0.0,0.0
2.0,2.0,,0.0,0.0,0.0,1.0,0.0,0.0,0.0
4.0,4.0,,0.0,0.0,1.0,0.0,0.0,0.0,0.0
1.0,2.0,,0.0,0.0,0.0,0.0,1.0,0.0,0.0
4.0,4.0,,0.0,0.0,1.0,0.0,0.0,0.0,0.0
3.0,3.0,,0.0,0.0,0.0,0.0,1.0,0.0,0.0
2.0,2.0,,0.0,0.0,0.0,1.0,0.0,0.0,0.0
3.0,2.0,,0.0,0.0,1.0,0.0,0.0,0.0,0.0
2.0,1.0,,0.0,0.0,1.0,0.0,0.0,0.0,0.0
3.0,2.0,,0.0,1.0,0.0,0.0,0.0,0.0,0.0
3.0,3.0,,0.0,0.0,1.0,0.0,0.0,0.0,0.0
3.0,3.0,,0.0,0.0,0.0,1.0,0.0,0.0,0.0
5.0,3.0,,0.0,0.0,0.0,1.0,0.0,0.0,0.0
4.0,4.0,,0.0,0.0,0.0,1.0,0.0,0.0,0.0
4.0,4.0,,0.0,0.0,0.0,0.0,1.0,0.0,0.0
4.0,4.0,,0.0,0.0,0.0,0.0,1.0,0.0,0.0
3.0,3.0,,0.0,0.0,0.0,0.0,1.0,0.0,0.0
2.0,3.0,,0.0,0.0,0.0,1.0,0.0,0.0,0.0
4.0,4.0,,0.0,0.0,0.0,1.0,0.0,0.0,0.0
3.0,3.0,,0.0,0.0,0.0,0.0,1.0,0.0,0.0
2.0,2.0,,0.0,0.0,0.0,1.0,0.0,0.0,0.0
4.0,5.0,,0.0,0.0,1.0,0.0,0.0,0.0,0.0
4.0,4.0,,0.0,0.0,0.0,0.0,0.0,1.0,0.0
2.0,3.0,,0.0,0.0,0.0,0.0,1.0,0.0,0.0
4.0,4.0,,0.0,0.0,0.0,1.0,0.0,0.0,0.0
2.0,2.0,,0.0,0.0,0.0,0.0,1.0,0.0,0.0
3.0,3.0,,0.0,0.0,1.0,0.0,0.0,0.0,0.0
3.0,3.0,,0.0,0.0,0.0,1.0,0.0,0.0,0.0
3.0,4.0,,0.0,0.0,0.0,1.0,0.0,0.0,0.0
2.0,2.0,,0.0,0.0,0.0,0.0,1.0,0.0,0.0
2.0,3.0,,0.0,0.0,1.0,0.0,0.0,0.0,0.0
3.0,2.0,,0.0,0.0,0.0,1.0,0.0,0.0,0.0
2.0,2.0,,0.0,0.0,1.0,0.0,0.0,0.0,0.0
3.0,3.0,,0.0,0.0,1.0,0.0,0.0,0.0,0.0
3.0,3.0,,0.0,0.0,0.0,1.0,0.0,0.0,0.0
2.0,2.0,,0.0,0.0,0.0,1.0,0.0,0.0,0.0
3.0,2.0,,0.0,0.0,1.0,0.0,0.0,0.0,0.0
2.0,3.0,,0.0,0.0,1.0,0.0,0.0,0.0,0.0
4.0,4.0,,0.0,0.0,0.0,1.0,0.0,0.0,0.0
3.0,4.0,,0.0,0.0,0.0,0.0,1.0,0.0,0.0
3.0,3.0,,0.0,0.0,0.0,0.0,1.0,0.0,0.0
3.0,3.0,,0.0,0.0,0.0,1.0,0.0,0.0,0.0
3.0,3.0,,0.0,0.0,0.0,1.0,0.0,0.0,0.0
4.0,4.0,,0.0,0.0,0.0,1.0,0.0,0.0,0.0
2.0,3.0,,0.0,0.0,0.0,0.0,1.0,0.0,0.0
2.0,2.0,,0.0,0.0,0.0,1.0,0.0,0.0,0.0
3.0,3.0,,0.0,0.0,1.0,0.0,0.0,0.0,0.0
3.0,4.0,,0.0,0.0,0.0,1.0,0.0,0.0,0.0
3.0,4.0,,0.0,0.0,0.0,0.0,1.0,0.0,0.0
1.0,3.0,,0.0,0.0,0.0,0.0,1.0,0.0,0.0
2.0,2.0,,0.0,0.0,0.0,1.0,0.0,0.0,0.0
2.0,2.0,,0.0,0.0,1.0,0.0,0.0,0.0,0.0
4.0,4.0,,0.0,0.0,1.0,0.0,0.0,0.0,0.0
1.0,2.0,,0.0,0.0,0.0,0.0,1.0,0.0,0.0
1.0,2.0,,0.0,0.0,1.0,0.0,0.0,0.0,0.0
3.0,3.0,,0.0,0.0,1.0,0.0,0.0,0.0,0.0
5.0,3.0,,0.0,0.0,0.0,1.0,0.0,0.0,0.0
3.0,3.0,,0.0,0.0,0.0,1.0,0.0,0.0,0.0
3.0,2.0,,0.0,0.0,0.0,1.0,0.0,0.0,0.0
1.0,2.0,,0.0,0.0,1.0,0.0,0.0,0.0,0.0
4.0,4.0,,0.0,0.0,1.0,0.0,0.0,0.0,0.0
3.0,3.0,,0.0,0.0,0.0,0.0,1.0,0.0,0.0
5.0,5.0,,0.0,0.0,0.0,1.0,0.0,0.0,0.0
4.0,3.0,,0.0,0.0,0.0,0.0,0.0,1.0,0.0
2.0,2.0,,0.0,0.0,0.0,1.0,0.0,0.0,0.0
3.0,2.0,,0.0,0.0,1.0,0.0,0.0,0.0,0.0
3.0,3.0,,0.0,0.0,1.0,0.0,0.0,0.0,0.0
4.0,5.0,,0.0,0.0,0.0,1.0,0.0,0.0,0.0
3.0,2.0,,0.0,0.0,0.0,0.0,0.0,1.0,0.0
4.0,4.0,,0.0,0.0,1.0,0.0,0.0,0.0,0.0
1.0,3.0,,0.0,0.0,0.0,0.0,1.0,0.0,0.0
4.0,3.0,,0.0,0.0,0.0,1.0,0.0,0.0,0.0
2.0,3.0,,0.0,0.0,0.0,1.0,0.0,0.0,0.0
4.0,2.0,,0.0,0.0,0.0,1.0,0.0,0.0,0.0
3.0,2.0,,0.0,0.0,1.0,0.0,0.0,0.0,0.0
4.0,4.0,,0.0,0.0,1.0,0.0,0.0,0.0,0.0
3.0,3.0,,0.0,0.0,0.0,0.0,1.0,0.0,0.0
3.0,3.0,,0.0,0.0,0.0,1.0,0.0,0.0,0.0
3.0,3.0,,0.0,0.0,0.0,1.0,0.0,0.0,0.0
2.0,2.0,,0.0,0.0,0.0,1.0,0.0,0.0,0.0
2.0,3.0,,0.0,0.0,1.0,0.0,0.0,0.0,0.0
5.0,3.0,,0.0,0.0,0.0,1.0,0.0,0.0,0.0
3.0,2.0,,0.0,0.0,0.0,1.0,0.0,0.0,0.0
4.0,4.0,,0.0,0.0,1.0,0.0,0.0,0.0,0.0
3.0,4.0,,0.0,0.0,0.0,0.0,1.0,0.0,0.0
3.0,3.0,,0.0,0.0,0.0,0.0,1.0,0.0,0.0
3.0,1.0,,0.0,0.0,0.0,1.0,0.0,0.0,0.0
4.0,2.0,,0.0,1.0,0.0,0.0,0.0,0.0,0.0
2.0,4.0,,0.0,0.0,1.0,0.0,0.0,0.0,0.0
2.0,3.0,,0.0,0.0,0.0,0.0,1.0,0.0,0.0
3.0,3.0,,0.0,0.0,0.0,1.0,0.0,0.0,0.0
2.0,2.0,,0.0,0.0,0.0,1.0,0.0,0.0,0.0
1.0,3.0,,0.0,0.0,1.0,0.0,0.0,0.0,0.0
3.0,3.0,,0.0,0.0,0.0,1.0,0.0,0.0,0.0
2.0,2.0,,0.0,0.0,0.0,1.0,0.0,0.0,0.0
2.0,2.0,,0.0,0.0,1.0,0.0,0.0,0.0,0.0
3.0,2.0,,0.0,0.0,1.0,0.0,0.0,0.0,0.0
2.0,4.0,,0.0,0.0,1.0,0.0,0.0,0.0,0.0
2.0,2.0,,0.0,0.0,0.0,0.0,1.0,0.0,0.0
3.0,3.0,,0.0,0.0,1.0,0.0,0.0,0.0,0.0
3.0,3.0,,0.0,0.0,0.0,1.0,0.0,0.0,0.0
3.0,3.0,,0.0,0.0,0.0,1.0,0.0,0.0,0.0
3.0,3.0,,0.0,0.0,0.0,1.0,0.0,0.0,0.0
4.0,4.0,,0.0,0.0,0.0,1.0,0.0,0.0,0.0
2.0,2.0,,0.0,0.0,0.0,0.0,1.0,0.0,0.0
3.0,3.0,,0.0,0.0,1.0,0.0,0.0,0.0,0.0
4.0,4.0,,0.0,0.0,0.0,1.0,0.0,0.0,0.0
3.0,4.0,,0.0,0.0,0.0,0.0,1.0,0.0,0.0
2.0,2.0,,0.0,0.0,0.0,0.0,1.0,0.0,0.0
4.0,4.0,,0.0,0.0,1.0,0.0,0.0,0.0,0.0
3.0,2.0,,0.0,0.0,0.0,0.0,1.0,0.0,0.0
2.0,2.0,,0.0,0.0,1.0,0.0,0.0,0.0,0.0
2.0,2.0,,0.0,0.0,1.0,0.0,0.0,0.0,0.0
3.0,3.0,,0.0,0.0,1.0,0.0,0.0,0.0,0.0
4.0,4.0,,0.0,0.0,0.0,1.0,0.0,0.0,0.0
3.0,3.0,,0.0,0.0,0.0,0.0,1.0,0.0,0.0
3.0,3.0,,0.0,0.0,0.0,1.0,0.0,0.0,0.0
2.0,3.0,,0.0,0.0,0.0,1.0,0.0,0.0,0.0
2.0,2.0,,0.0,0.0,0.0,1.0,0.0,0.0,0.0
2.0,2.0,,0.0,0.0,1.0,0.0,0.0,0.0,0.0
2.0,2.0,,0.0,0.0,1.0,0.0,0.0,0.0,0.0
2.0,3.0,,0.0,0.0,1.0,0.0,0.0,0.0,0.0
3.0,5.0,,0.0,0.0,0.0,1.0,0.0,0.0,0.0
5.0,4.0,,0.0,0.0,0.0,0.0,0.0,1.0,0.0
3.0,2.0,,0.0,0.0,0.0,0.0,1.0,0.0,0.0
3.0,3.0,,0.0,0.0,1.0,0.0,0.0,0.0,0.0
2.0,2.0,,0.0,0.0,0.0,1.0,0.0,0.0,0.0
2.0,2.0,,0.0,0.0,1.0,0.0,0.0,0.0,0.0
3.0,3.0,,0.0,0.0,1.0,0.0,0.0,0.0,0.0
2.0,2.0,,0.0,0.0,0.0,1.0,0.0,0.0,0.0
3.0,3.0,,0.0,0.0,1.0,0.0,0.0,0.0,0.0
2.0,2.0,,0.0,0.0,0.0,1.0,0.0,0.0,0.0
3.0,3.0,,0.0,0.0,1.0,0.0,0.0,0.0,0.0
2.0,2.0,,0.0,0.0,0.0,1.0,0.0,0.0,0.0
2.0,3.0,,0.0,0.0,1.0,0.0,0.0,0.0,0.0
2.0,3.0,,0.0,0.0,0.0,1.0,0.0,0.0,0.0
2.0,2.0,,0.0,0.0,0.0,1.0,0.0,0.0,0.0
3.0,3.0,,0.0,0.0,1.0,0.0,0.0,0.0,0.0
4.0,0.0,,0.0,0.0,0.0,1.0,0.0,0.0,0.0
4.0,4.0,,1.0,0.0,0.0,0.0,0.0,0.0,0.0
3.0,3.0,,0.0,0.0,0.0,0.0,1.0,0.0,0.0
2.0,2.0,,0.0,0.0,0.0,1.0,0.0,0.0,0.0
4.0,4.0,,0.0,0.0,1.0,0.0,0.0,0.0,0.0
3.0,3.0,,0.0,0.0,0.0,0.0,1.0,0.0,0.0
3.0,3.0,,0.0,0.0,0.0,1.0,0.0,0.0,0.0
2.0,2.0,,0.0,0.0,0.0,1.0,0.0,0.0,0.0
3.0,4.0,,0.0,0.0,1.0,0.0,0.0,0.0,0.0
2.0,2.0,,0.0,0.0,0.0,0.0,1.0,0.0,0.0
3.0,3.0,,0.0,0.0,1.0,0.0,0.0,0.0,0.0
3.0,3.0,,0.0,0.0,0.0,1.0,0.0,0.0,0.0
2.0,2.0,,0.0,0.0,0.0,1.0,0.0,0.0,0.0
4.0,2.0,,0.0,0.0,1.0,0.0,0.0,0.0,0.0
3.0,1.0,,0.0,0.0,1.0,0.0,0.0,0.0,0.0
3.0,2.0,,0.0,1.0,0.0,0.0,0.0,0.0,0.0
3.0,4.0,,0.0,0.0,1.0,0.0,0.0,0.0,0.0
2.0,3.0,,0.0,0.0,0.0,0.0,1.0,0.0,0.0
4.0,4.0,,0.0,0.0,0.0,1.0,0.0,0.0,0.0
2.0,2.0,,0.0,0.0,0.0,0.0,1.0,0.0,0.0
2.0,2.0,,0.0,0.0,1.0,0.0,0.0,0.0,0.0
3.0,3.0,,0.0,0.0,1.0,0.0,0.0,0.0,0.0
3.0,3.0,,0.0,0.0,0.0,1.0,0.0,0.0,0.0
3.0,2.0,,0.0,0.0,0.0,1.0,0.0,0.0,0.0
2.0,2.0,,0.0,0.0,1.0,0.0,0.0,0.0,0.0
3.0,2.0,,0.0,0.0,1.0,0.0,0.0,0.0,0.0
2.0,2.0,,0.0,0.0,1.0,0.0,0.0,0.0,0.0
2.0,2.0,,0.0,0.0,1.0,0.0,0.0,0.0,0.0
4.0,4.0,,0.0,0.0,1.0,0.0,0.0,0.0,0.0
4.0,4.0,,0.0,0.0,0.0,0.0,1.0,0.0,0.0
2.0,3.0,,0.0,0.0,0.0,0.0,1.0,0.0,0.0
4.0,4.0,,0.0,0.0,0.0,1.0,0.0,0.0,0.0
6.0,4.0,,0.0,0.0,0.0,0.0,1.0,0.0,0.0
5.0,5.0,,0.0,0.0,0.0,0.0,1.0,0.0,0.0
3.0,5.0,,0.0,0.0,0.0,0.0,0.0,1.0,0.0
3.0,3.0,,0.0,0.0,0.0,0.0,0.0,1.0,0.0
3.0,2.0,,0.0,0.0,0.0,1.0,0.0,0.0,0.0
4.0,4.0,,0.0,0.0,1.0,0.0,0.0,0.0,0.0
3.0,4.0,,0.0,0.0,0.0,0.0,1.0,0.0,0.0
3.0,3.0,,0.0,0.0,0.0,0.0,1.0,0.0,0.0
2.0,2.0,,0.0,0.0,0.0,1.0,0.0,0.0,0.0
4.0,3.0,,0.0,0.0,1.0,0.0,0.0,0.0,0.0
3.0,3.0,,0.0,0.0,0.0,1.0,0.0,0.0,0.0
3.0,3.0,,0.0,0.0,0.0,1.0,0.0,0.0,0.0
4.0,4.0,,0.0,0.0,0.0,1.0,0.0,0.0,0.0
2.0,3.0,,0.0,0.0,0.0,0.0,1.0,0.0,0.0
3.0,2.0,,0.0,0.0,0.0,1.0,0.0,0.0,0.0
2.0,3.0,,0.0,0.0,1.0,0.0,0.0,0.0,0.0
4.0,4.0,,0.0,0.0,0.0,1.0,0.0,0.0,0.0
3.0,2.0,,0.0,0.0,0.0,0.0,1.0,0.0,0.0
4.0,3.0,,0.0,0.0,1.0,0.0,0.0,0.0,0.0
2.0,2.0,,0.0,0.0,0.0,1.0,0.0,0.0,0.0
2.0,3.0,,0.0,0.0,1.0,0.0,0.0,0.0,0.0
2.0,2.0,,0.0,0.0,0.0,1.0,0.0,0.0,0.0
2.0,3.0,,0.0,0.0,1.0,0.0,0.0,0.0,0.0
3.0,3.0,,0.0,0.0,0.0,1.0,0.0,0.0,0.0
3.0,3.0,,0.0,0.0,0.0,1.0,0.0,0.0,0.0
3.0,3.0,,0.0,0.0,0.0,1.0,0.0,0.0,0.0
5.0,5.0,,0.0,0.0,0.0,1.0,0.0,0.0,0.0
3.0,3.0,,0.0,0.0,0.0,0.0,0.0,1.0,0.0
3.0,3.0,,0.0,0.0,0.0,1.0,0.0,0.0,0.0
2.0,2.0,,0.0,0.0,0.0,1.0,0.0,0.0,0.0
4.0,4.0,,0.0,0.0,1.0,0.0,0.0,0.0,0.0
4.0,3.0,,0.0,0.0,0.0,0.0,1.0,0.0,0.0
4.0,4.0,,0.0,0.0,0.0,1.0,0.0,0.0,0.0
3.0,2.0,,0.0,0.0,0.0,0.0,1.0,0.0,0.0
3.0,3.0,,0.0,0.0,1.0,0.0,0.0,0.0,0.0
3.0,3.0,,0.0,0.0,0.0,1.0,0.0,0.0,0.0
5.0,3.0,,0.0,0.0,0.0,1.0,0.0,0.0,0.0
3.0,3.0,,0.0,0.0,0.0,1.0,0.0,0.0,0.0
2.0,3.0,,0.0,0.0,0.0,1.0,0.0,0.0,0.0
3.0,3.0,,0.0,0.0,0.0,1.0,0.0,0.0,0.0
1.0,3.0,,0.0,0.0,0.0,1.0,0.0,0.0,0.0
3.0,3.0,,0.0,0.0,0.0,1.0,0.0,0.0,0.0
4.0,4.0,,0.0,0.0,0.0,1.0,0.0,0.0,0.0
3.0,3.0,,0.0,0.0,0.0,0.0,1.0,0.0,0.0
3.0,3.0,,0.0,0.0,0.0,1.0,0.0,0.0,0.0
3.0,3.0,,0.0,0.0,0.0,1.0,0.0,0.0,0.0
3.0,3.0,,0.0,0.0,0.0,1.0,0.0,0.0,0.0
3.0,3.0,,0.0,0.0,0.0,1.0,0.0,0.0,0.0
2.0,3.0,,0.0,0.0,0.0,1.0,0.0,0.0,0.0
2.0,2.0,,0.0,0.0,0.0,1.0,0.0,0.0,0.0
3.0,3.0,,0.0,0.0,1.0,0.0,0.0,0.0,0.0
3.0,3.0,,0.0,0.0,0.0,1.0,0.0,0.0,0.0
3.0,2.0,,0.0,0.0,0.0,1.0,0.0,0.0,0.0
3.0,5.0,,0.0,0.0,1.0,0.0,0.0,0.0,0.0
3.0,3.0,,0.0,0.0,0.0,0.0,0.0,1.0,0.0
3.0,2.0,,0.0,0.0,0.0,1.0,0.0,0.0,0.0
2.0,3.0,,0.0,0.0,1.0,0.0,0.0,0.0,0.0
4.0,3.0,,0.0,0.0,0.0,1.0,0.0,0.0,0.0
3.0,3.0,,0.0,0.0,0.0,1.0,0.0,0.0,0.0
2.0,2.0,,0.0,0.0,0.0,1.0,0.0,0.0,0.0
2.0,3.0,,0.0,0.0,1.0,0.0,0.0,0.0,0.0
4.0,4.0,,0.0,0.0,0.0,1.0,0.0,0.0,0.0
3.0,2.0,,0.0,0.0,0.0,0.0,1.0,0.0,0.0
3.0,5.0,,0.0,0.0,1.0,0.0,0.0,0.0,0.0
3.0,4.0,,0.0,0.0,0.0,0.0,0.0,1.0,0.0
2.0,2.0,,0.0,0.0,0.0,0.0,1.0,0.0,0.0
3.0,3.0,,0.0,0.0,1.0,0.0,0.0,0.0,0.0
3.0,3.0,,0.0,0.0,0.0,1.0,0.0,0.0,0.0
3.0,2.0,,0.0,0.0,0.0,1.0,0.0,0.0,0.0
3.0,2.0,,0.0,0.0,1.0,0.0,0.0,0.0,0.0
3.0,2.0,,0.0,0.0,1.0,0.0,0.0,0.0,0.0
5.0,5.0,,0.0,0.0,1.0,0.0,0.0,0.0,0.0
3.0,4.0,,0.0,0.0,0.0,0.0,0.0,1.0,0.0
2.0,3.0,,0.0,0.0,0.0,0.0,1.0,0.0,0.0
3.0,4.0,,0.0,0.0,0.0,1.0,0.0,0.0,0.0
3.0,3.0,,0.0,0.0,0.0,0.0,1.0,0.0,0.0
4.0,3.0,,0.0,0.0,0.0,1.0,0.0,0.0,0.0
2.0,3.0,,0.0,0.0,0.0,1.0,0.0,0.0,0.0
3.0,3.0,,0.0,0.0,0.0,1.0,0.0,0.0,0.0
3.0,3.0,,0.0,0.0,0.0,1.0,0.0,0.0,0.0
3.0,3.0,,0.0,0.0,0.0,1.0,0.0,0.0,0.0
3.0,3.0,,0.0,0.0,0.0,1.0,0.0,0.0,0.0
4.0,4.0,,0.0,0.0,0.0,1.0,0.0,0.0,0.0
3.0,3.0,,0.0,0.0,0.0,0.0,1.0,0.0,0.0
1.0,2.0,,0.0,0.0,0.0,1.0,0.0,0.0,0.0
3.0,3.0,,0.0,0.0,1.0,0.0,0.0,0.0,0.0
3.0,3.0,,0.0,0.0,0.0,1.0,0.0,0.0,0.0
5.0,5.0,,0.0,0.0,0.0,1.0,0.0,0.0,0.0
2.0,2.0,,0.0,0.0,0.0,0.0,0.0,1.0,0.0
3.0,3.0,,0.0,0.0,1.0,0.0,0.0,0.0,0.0
3.0,3.0,,0.0,0.0,0.0,1.0,0.0,0.0,0.0
3.0,4.0,,0.0,0.0,0.0,1.0,0.0,0.0,0.0
3.0,3.0,,0.0,0.0,0.0,0.0,1.0,0.0,0.0
3.0,3.0,,0.0,0.0,0.0,1.0,0.0,0.0,0.0
5.0,4.0,,0.0,0.0,0.0,1.0,0.0,0.0,0.0
3.0,4.0,,0.0,0.0,0.0,0.0,1.0,0.0,0.0
2.0,3.0,,0.0,0.0,0.0,0.0,1.0,0.0,0.0
2.0,4.0,,0.0,0.0,0.0,1.0,0.0,0.0,0.0
2.0,2.0,,0.0,0.0,0.0,0.0,1.0,0.0,0.0
5.0,5.0,,0.0,0.0,1.0,0.0,0.0,0.0,0.0
2.0,2.0,,0.0,0.0,0.0,0.0,0.0,1.0,0.0
3.0,4.0,,0.0,0.0,1.0,0.0,0.0,0.0,0.0
4.0,4.0,,0.0,0.0,0.0,0.0,1.0,0.0,0.0
3.0,3.0,,0.0,0.0,0.0,0.0,1.0,0.0,0.0
2.0,2.0,,0.0,0.0,0.0,1.0,0.0,0.0,0.0
3.0,4.0,,0.0,0.0,1.0,0.0,0.0,0.0,0.0
1.0,5.0,,0.0,0.0,0.0,0.0,1.0,0.0,0.0
1.0,2.0,,0.0,0.0,0.0,0.0,0.0,1.0,0.0
3.0,3.0,,0.0,0.0,1.0,0.0,0.0,0.0,0.0
3.0,3.0,,0.0,0.0,0.0,1.0,0.0,0.0,0.0
2.0,2.0,,0.0,0.0,0.0,1.0,0.0,0.0,0.0
2.0,3.0,,0.0,0.0,1.0,0.0,0.0,0.0,0.0
2.0,2.0,,0.0,0.0,0.0,1.0,0.0,0.0,0.0
3.0,3.0,,0.0,0.0,1.0,0.0,0.0,0.0,0.0
5.0,4.0,,0.0,0.0,0.0,1.0,0.0,0.0,0.0
3.0,3.0,,0.0,0.0,0.0,0.0,1.0,0.0,0.0
3.0,3.0,,0.0,0.0,0.0,1.0,0.0,0.0,0.0
4.0,3.0,,0.0,0.0,0.0,1.0,0.0,0.0,0.0
3.0,3.0,,0.0,0.0,0.0,1.0,0.0,0.0,0.0
3.0,4.0,,0.0,0.0,0.0,1.0,0.0,0.0,0.0
4.0,4.0,,0.0,0.0,0.0,0.0,1.0,0.0,0.0
3.0,3.0,,0.0,0.0,0.0,0.0,1.0,0.0,0.0
3.0,2.0,,0.0,0.0,0.0,1.0,0.0,0.0,0.0
3.0,2.0,,0.0,0.0,1.0,0.0,0.0,0.0,0.0
1.0,0.0,,0.0,0.0,1.0,0.0,0.0,0.0,0.0
3.0,3.0,,1.0,0.0,0.0,0.0,0.0,0.0,0.0
4.0,4.0,,0.0,0.0,0.0,1.0,0.0,0.0,0.0
3.0,3.0,,0.0,0.0,0.0,0.0,1.0,0.0,0.0
3.0,3.0,,0.0,0.0,0.0,1.0,0.0,0.0,0.0
2.0,3.0,,0.0,0.0,0.0,1.0,0.0,0.0,0.0
1.0,1.0,,0.0,0.0,0.0,1.0,0.0,0.0,0.0
2.0,2.0,,0.0,1.0,0.0,0.0,0.0,0.0,0.0
2.0,2.0,,0.0,0.0,1.0,0.0,0.0,0.0,0.0
3.0,3.0,,0.0,0.0,1.0,0.0,0.0,0.0,0.0
3.0,4.0,,0.0,0.0,0.0,1.0,0.0,0.0,0.0
2.0,2.0,,0.0,0.0,0.0,0.0,1.0,0.0,0.0
4.0,4.0,,0.0,0.0,1.0,0.0,0.0,0.0,0.0
3.0,3.0,,0.0,0.0,0.0,0.0,1.0,0.0,0.0
5.0,4.0,,0.0,0.0,0.0,1.0,0.0,0.0,0.0
4.0,4.0,,0.0,0.0,0.0,0.0,1.0,0.0,0.0
1.0,3.0,,0.0,0.0,0.0,0.0,1.0,0.0,0.0
3.0,3.0,,0.0,0.0,0.0,1.0,0.0,0.0,0.0
5.0,5.0,,0.0,0.0,0.0,1.0,0.0,0.0,0.0
4.0,3.0,,0.0,0.0,0.0,0.0,0.0,1.0,0.0
4.0,4.0,,0.0,0.0,0.0,1.0,0.0,0.0,0.0
2.0,3.0,,0.0,0.0,0.0,0.0,1.0,0.0,0.0
3.0,3.0,,0.0,0.0,0.0,1.0,0.0,0.0,0.0
2.0,3.0,,0.0,0.0,0.0,1.0,0.0,0.0,0.0
4.0,3.0,,0.0,0.0,0.0,1.0,0.0,0.0,0.0
1.0,2.0,,0.0,0.0,0.0,1.0,0.0,0.0,0.0
3.0,3.0,,0.0,0.0,1.0,0.0,0.0,0.0,0.0
2.0,2.0,,0.0,0.0,0.0,1.0,0.0,0.0,0.0
4.0,4.0,,0.0,0.0,1.0,0.0,0.0,0.0,0.0
2.0,3.0,,0.0,0.0,0.0,0.0,1.0,0.0,0.0
2.0,2.0,,0.0,0.0,0.0,1.0,0.0,0.0,0.0
3.0,3.0,,0.0,0.0,1.0,0.0,0.0,0.0,0.0
4.0,4.0,,0.0,0.0,0.0,1.0,0.0,0.0,0.0
3.0,3.0,,0.0,0.0,0.0,0.0,1.0,0.0,0.0
3.0,3.0,,0.0,0.0,0.0,1.0,0.0,0.0,0.0
3.0,4.0,,0.0,0.0,0.0,1.0,0.0,0.0,0.0
2.0,2.0,,0.0,0.0,0.0,0.0,1.0,0.0,0.0
4.0,4.0,,0.0,0.0,1.0,0.0,0.0,0.0,0.0
4.0,4.0,,0.0,0.0,0.0,0.0,1.0,0.0,0.0
3.0,3.0,,0.0,0.0,0.0,0.0,1.0,0.0,0.0
5.0,5.0,,0.0,0.0,0.0,1.0,0.0,0.0,0.0
2.0,2.0,,0.0,0.0,0.0,0.0,0.0,1.0,0.0
4.0,4.0,,0.0,0.0,1.0,0.0,0.0,0.0,0.0
5.0,5.0,,0.0,0.0,0.0,0.0,1.0,0.0,0.0
4.0,4.0,,0.0,0.0,0.0,0.0,0.0,1.0,0.0
2.0,2.0,,0.0,0.0,0.0,0.0,1.0,0.0,0.0
2.0,3.0,,0.0,0.0,1.0,0.0,0.0,0.0,0.0
3.0,2.0,,0.0,0.0,0.0,1.0,0.0,0.0,0.0
2.0,2.0,,0.0,0.0,1.0,0.0,0.0,0.0,0.0
2.0,2.0,,0.0,0.0,1.0,0.0,0.0,0.0,0.0
4.0,4.0,,0.0,0.0,1.0,0.0,0.0,0.0,0.0
3.0,3.0,,0.0,0.0,0.0,0.0,1.0,0.0,0.0
2.0,2.0,,0.0,0.0,0.0,1.0,0.0,0.0,0.0
3.0,3.0,,0.0,0.0,1.0,0.0,0.0,0.0,0.0
1.0,2.0,,0.0,0.0,0.0,1.0,0.0,0.0,0.0
2.0,4.0,,0.0,0.0,1.0,0.0,0.0,0.0,0.0
4.0,4.0,,0.0,0.0,0.0,0.0,1.0,0.0,0.0
3.0,3.0,,0.0,0.0,0.0,0.0,1.0,0.0,0.0
2.0,2.0,,0.0,0.0,0.0,1.0,0.0,0.0,0.0
1.0,3.0,,0.0,0.0,1.0,0.0,0.0,0.0,0.0
5.0,3.0,,0.0,0.0,0.0,1.0,0.0,0.0,0.0
4.0,5.0,,0.0,0.0,0.0,1.0,0.0,0.0,0.0
2.0,3.0,,0.0,0.0,0.0,0.0,0.0,1.0,0.0
3.0,3.0,,0.0,0.0,0.0,1.0,0.0,0.0,0.0
3.0,2.0,,0.0,0.0,0.0,1.0,0.0,0.0,0.0
3.0,2.0,,0.0,0.0,1.0,0.0,0.0,0.0,0.0
3.0,2.0,,0.0,0.0,1.0,0.0,0.0,0.0,0.0
3.0,3.0,,0.0,0.0,1.0,0.0,0.0,0.0,0.0
2.0,2.0,,0.0,0.0,0.0,1.0,0.0,0.0,0.0
2.0,2.0,,0.0,0.0,1.0,0.0,0.0,0.0,0.0
2.0,2.0,,0.0,0.0,1.0,0.0,0.0,0.0,0.0
2.0,2.0,,0.0,0.0,1.0,0.0,0.0,0.0,0.0
4.0,2.0,,0.0,0.0,1.0,0.0,0.0,0.0,0.0
1.0,3.0,,0.0,0.0,1.0,0.0,0.0,0.0,0.0
3.0,2.0,,0.0,0.0,0.0,1.0,0.0,0.0,0.0
3.0,4.0,,0.0,0.0,1.0,0.0,0.0,0.0,0.0
3.0,5.0,,0.0,0.0,0.0,0.0,1.0,0.0,0.0
3.0,2.0,,0.0,0.0,0.0,0.0,0.0,1.0,0.0
4.0,3.0,,0.0,0.0,1.0,0.0,0.0,0.0,0.0
2.0,3.0,,0.0,0.0,0.0,1.0,0.0,0.0,0.0
2.0,3.0,,0.0,0.0,0.0,1.0,0.0,0.0,0.0
3.0,3.0,,0.0,0.0,0.0,1.0,0.0,0.0,0.0
3.0,2.0,,0.0,0.0,0.0,1.0,0.0,0.0,0.0
4.0,3.0,,0.0,0.0,1.0,0.0,0.0,0.0,0.0
4.0,5.0,,0.0,0.0,0.0,1.0,0.0,0.0,0.0
3.0,3.0,,0.0,0.0,0.0,0.0,0.0,1.0,0.0
2.0,3.0,,0.0,0.0,0.0,1.0,0.0,0.0,0.0
3.0,3.0,,0.0,0.0,0.0,1.0,0.0,0.0,0.0
3.0,3.0,,0.0,0.0,0.0,1.0,0.0,0.0,0.0
2.0,2.0,,0.0,0.0,0.0,1.0,0.0,0.0,0.0
3.0,4.0,,0.0,0.0,1.0,0.0,0.0,0.0,0.0
1.0,3.0,,0.0,0.0,0.0,0.0,1.0,0.0,0.0
2.0,2.0,,0.0,0.0,0.0,1.0,0.0,0.0,0.0
3.0,3.0,,0.0,0.0,1.0,0.0,0.0,0.0,0.0
3.0,3.0,,0.0,0.0,0.0,1.0,0.0,0.0,0.0
5.0,4.0,,0.0,0.0,0.0,1.0,0.0,0.0,0.0
2.0,2.0,,0.0,0.0,0.0,0.0,1.0,0.0,0.0
2.0,2.0,,0.0,0.0,1.0,0.0,0.0,0.0,0.0
3.0,3.0,,0.0,0.0,1.0,0.0,0.0,0.0,0.0
2.0,2.0,,0.0,0.0,0.0,1.0,0.0,0.0,0.0
2.0,3.0,,0.0,0.0,1.0,0.0,0.0,0.0,0.0
2.0,2.0,,0.0,0.0,0.0,1.0,0.0,0.0,0.0
3.0,3.0,,0.0,0.0,1.0,0.0,0.0,0.0,0.0
4.0,3.0,,0.0,0.0,0.0,1.0,0.0,0.0,0.0
3.0,2.0,,0.0,0.0,0.0,1.0,0.0,0.0,0.0
2.0,2.0,,0.0,0.0,1.0,0.0,0.0,0.0,0.0
3.0,3.0,,0.0,0.0,1.0,0.0,0.0,0.0,0.0
3.0,3.0,,0.0,0.0,0.0,1.0,0.0,0.0,0.0
3.0,2.0,,0.0,0.0,0.0,1.0,0.0,0.0,0.0
3.0,2.0,,0.0,0.0,1.0,0.0,0.0,0.0,0.0
3.0,3.0,,0.0,0.0,1.0,0.0,0.0,0.0,0.0
2.0,2.0,,0.0,0.0,0.0,1.0,0.0,0.0,0.0
2.0,2.0,,0.0,0.0,1.0,0.0,0.0,0.0,0.0
2.0,2.0,,0.0,0.0,1.0,0.0,0.0,0.0,0.0
2.0,2.0,,0.0,0.0,1.0,0.0,0.0,0.0,0.0
1.0,1.0,,0.0,0.0,1.0,0.0,0.0,0.0,0.0
2.0,3.0,,0.0,1.0,0.0,0.0,0.0,0.0,0.0
2.0,2.0,,0.0,0.0,0.0,1.0,0.0,0.0,0.0
3.0,3.0,,0.0,0.0,1.0,0.0,0.0,0.0,0.0
3.0,3.0,,0.0,0.0,0.0,1.0,0.0,0.0,0.0
3.0,3.0,,0.0,0.0,0.0,1.0,0.0,0.0,0.0
2.0,2.0,,0.0,0.0,0.0,1.0,0.0,0.0,0.0
3.0,3.0,,0.0,0.0,1.0,0.0,0.0,0.0,0.0
4.0,3.0,,0.0,0.0,0.0,1.0,0.0,0.0,0.0
5.0,5.0,,0.0,0.0,0.0,1.0,0.0,0.0,0.0
2.0,3.0,,0.0,0.0,0.0,0.0,0.0,1.0,0.0
3.0,3.0,,0.0,0.0,0.0,1.0,0.0,0.0,0.0
3.0,3.0,,0.0,0.0,0.0,1.0,0.0,0.0,0.0
3.0,3.0,,0.0,0.0,0.0,1.0,0.0,0.0,0.0
3.0,1.0,,0.0,0.0,0.0,1.0,0.0,0.0,0.0
2.0,2.0,,0.0,1.0,0.0,0.0,0.0,0.0,0.0
3.0,3.0,,0.0,0.0,1.0,0.0,0.0,0.0,0.0
2.0,3.0,,0.0,0.0,0.0,1.0,0.0,0.0,0.0
3.0,3.0,,0.0,0.0,0.0,1.0,0.0,0.0,0.0
3.0,3.0,,0.0,0.0,0.0,1.0,0.0,0.0,0.0
4.0,4.0,,0.0,0.0,0.0,1.0,0.0,0.0,0.0
3.0,2.0,,0.0,0.0,0.0,0.0,1.0,0.0,0.0
3.0,4.0,,0.0,0.0,1.0,0.0,0.0,0.0,0.0
5.0,4.0,,0.0,0.0,0.0,0.0,1.0,0.0,0.0
3.0,3.0,,0.0,0.0,0.0,0.0,1.0,0.0,0.0
3.0,4.0,,0.0,0.0,0.0,1.0,0.0,0.0,0.0
3.0,2.0,,0.0,0.0,0.0,0.0,1.0,0.0,0.0
3.0,3.0,,0.0,0.0,1.0,0.0,0.0,0.0,0.0
4.0,4.0,,0.0,0.0,0.0,1.0,0.0,0.0,0.0
4.0,3.0,,0.0,0.0,0.0,0.0,1.0,0.0,0.0
2.0,3.0,,0.0,0.0,0.0,1.0,0.0,0.0,0.0
3.0,3.0,,0.0,0.0,0.0,1.0,0.0,0.0,0.0
3.0,3.0,,0.0,0.0,0.0,1.0,0.0,0.0,0.0
2.0,2.0,,0.0,0.0,0.0,1.0,0.0,0.0,0.0
4.0,4.0,,0.0,0.0,1.0,0.0,0.0,0.0,0.0
3.0,2.0,,0.0,0.0,0.0,0.0,1.0,0.0,0.0
3.0,3.0,,0.0,0.0,1.0,0.0,0.0,0.0,0.0
3.0,3.0,,0.0,0.0,0.0,1.0,0.0,0.0,0.0
2.0,0.0,,0.0,0.0,0.0,1.0,0.0,0.0,0.0
3.0,3.0,,1.0,0.0,0.0,0.0,0.0,0.0,0.0
3.0,3.0,,0.0,0.0,0.0,1.0,0.0,0.0,0.0
3.0,3.0,,0.0,0.0,0.0,1.0,0.0,0.0,0.0
3.0,3.0,,0.0,0.0,0.0,1.0,0.0,0.0,0.0
3.0,4.0,,0.0,0.0,0.0,1.0,0.0,0.0,0.0
1.0,3.0,,0.0,0.0,0.0,0.0,1.0,0.0,0.0
3.0,2.0,,0.0,0.0,0.0,1.0,0.0,0.0,0.0
4.0,3.0,,0.0,0.0,1.0,0.0,0.0,0.0,0.0
2.0,2.0,,0.0,0.0,0.0,1.0,0.0,0.0,0.0
4.0,4.0,,0.0,0.0,1.0,0.0,0.0,0.0,0.0
2.0,2.0,,0.0,0.0,0.0,0.0,1.0,0.0,0.0
3.0,4.0,,0.0,0.0,1.0,0.0,0.0,0.0,0.0
4.0,4.0,,0.0,0.0,0.0,0.0,1.0,0.0,0.0
4.0,4.0,,0.0,0.0,0.0,0.0,1.0,0.0,0.0
4.0,4.0,,0.0,0.0,0.0,0.0,1.0,0.0,0.0
1.0,1.0,,0.0,0.0,0.0,0.0,1.0,0.0,0.0
3.0,3.0,,0.0,1.0,0.0,0.0,0.0,0.0,0.0
3.0,3.0,,0.0,0.0,0.0,1.0,0.0,0.0,0.0
2.0,2.0,,0.0,0.0,0.0,1.0,0.0,0.0,0.0
2.0,2.0,,0.0,0.0,1.0,0.0,0.0,0.0,0.0
2.0,3.0,,0.0,0.0,1.0,0.0,0.0,0.0,0.0
3.0,2.0,,0.0,0.0,0.0,1.0,0.0,0.0,0.0
4.0,4.0,,0.0,0.0,1.0,0.0,0.0,0.0,0.0
3.0,3.0,,0.0,0.0,0.0,0.0,1.0,0.0,0.0
3.0,3.0,,0.0,0.0,0.0,1.0,0.0,0.0,0.0
3.0,3.0,,0.0,0.0,0.0,1.0,0.0,0.0,0.0
4.0,4.0,,0.0,0.0,0.0,1.0,0.0,0.0,0.0
3.0,4.0,,0.0,0.0,0.0,0.0,1.0,0.0,0.0
3.0,2.0,,0.0,0.0,0.0,0.0,1.0,0.0,0.0
2.0,2.0,,0.0,0.0,1.0,0.0,0.0,0.0,0.0
4.0,5.0,,0.0,0.0,1.0,0.0,0.0,0.0,0.0
3.0,2.0,,0.0,0.0,0.0,0.0,0.0,1.0,0.0
4.0,4.0,,0.0,0.0,1.0,0.0,0.0,0.0,0.0
3.0,3.0,,0.0,0.0,0.0,0.0,1.0,0.0,0.0
4.0,2.0,,0.0,0.0,0.0,1.0,0.0,0.0,0.0
1.0,2.0,,0.0,0.0,1.0,0.0,0.0,0.0,0.0
3.0,3.0,,0.0,0.0,1.0,0.0,0.0,0.0,0.0
3.0,2.0,,0.0,0.0,0.0,1.0,0.0,0.0,0.0
2.0,2.0,,0.0,0.0,1.0,0.0,0.0,0.0,0.0
2.0,3.0,,0.0,0.0,1.0,0.0,0.0,0.0,0.0
2.0,2.0,,0.0,0.0,0.0,1.0,0.0,0.0,0.0
3.0,3.0,,0.0,0.0,1.0,0.0,0.0,0.0,0.0
2.0,2.0,,0.0,0.0,0.0,1.0,0.0,0.0,0.0
4.0,5.0,,0.0,0.0,1.0,0.0,0.0,0.0,0.0
1.0,3.0,,0.0,0.0,0.0,0.0,0.0,1.0,0.0
3.0,3.0,,0.0,0.0,0.0,1.0,0.0,0.0,0.0
3.0,3.0,,0.0,0.0,0.0,1.0,0.0,0.0,0.0
1.0,3.0,,0.0,0.0,0.0,1.0,0.0,0.0,0.0
4.0,3.0,,0.0,0.0,0.0,1.0,0.0,0.0,0.0
3.0,3.0,,0.0,0.0,0.0,1.0,0.0,0.0,0.0
4.0,3.0,,0.0,0.0,0.0,1.0,0.0,0.0,0.0
2.0,2.0,,0.0,0.0,0.0,1.0,0.0,0.0,0.0
3.0,3.0,,0.0,0.0,1.0,0.0,0.0,0.0,0.0
4.0,4.0,,0.0,0.0,0.0,1.0,0.0,0.0,0.0
3.0,3.0,,0.0,0.0,0.0,0.0,1.0,0.0,0.0
3.0,3.0,,0.0,0.0,0.0,1.0,0.0,0.0,0.0
2.0,3.0,,0.0,0.0,0.0,1.0,0.0,0.0,0.0
1.0,2.0,,0.0,0.0,0.0,1.0,0.0,0.0,0.0
3.0,3.0,,0.0,0.0,1.0,0.0,0.0,0.0,0.0
2.0,2.0,,0.0,0.0,0.0,1.0,0.0,0.0,0.0
4.0,4.0,,0.0,0.0,1.0,0.0,0.0,0.0,0.0
2.0,3.0,,0.0,0.0,0.0,0.0,1.0,0.0,0.0
2.0,2.0,,0.0,0.0,0.0,1.0,0.0,0.0,0.0
4.0,5.0,,0.0,0.0,1.0,0.0,0.0,0.0,0.0
3.0,3.0,,0.0,0.0,0.0,0.0,0.0,1.0,0.0
3.0,3.0,,0.0,0.0,0.0,1.0,0.0,0.0,0.0
3.0,4.0,,0.0,0.0,0.0,1.0,0.0,0.0,0.0
3.0,2.0,,0.0,0.0,0.0,0.0,1.0,0.0,0.0
3.0,3.0,,0.0,0.0,1.0,0.0,0.0,0.0,0.0
1.0,2.0,,0.0,0.0,0.0,1.0,0.0,0.0,0.0
3.0,3.0,,0.0,0.0,1.0,0.0,0.0,0.0,0.0
2.0,2.0,,0.0,0.0,0.0,1.0,0.0,0.0,0.0
3.0,3.0,,0.0,0.0,1.0,0.0,0.0,0.0,0.0
5.0,5.0,,0.0,0.0,0.0,1.0,0.0,0.0,0.0
2.0,2.0,,0.0,0.0,0.0,0.0,0.0,1.0,0.0
3.0,3.0,,0.0,0.0,1.0,0.0,0.0,0.0,0.0
3.0,3.0,,0.0,0.0,0.0,1.0,0.0,0.0,0.0
2.0,3.0,,0.0,0.0,0.0,1.0,0.0,0.0,0.0
4.0,3.0,,0.0,0.0,0.0,1.0,0.0,0.0,0.0
3.0,3.0,,0.0,0.0,0.0,1.0,0.0,0.0,0.0
4.0,4.0,,0.0,0.0,0.0,1.0,0.0,0.0,0.0
3.0,3.0,,0.0,0.0,0.0,0.0,1.0,0.0,0.0
2.0,2.0,,0.0,0.0,0.0,1.0,0.0,0.0,0.0
3.0,4.0,,0.0,0.0,1.0,0.0,0.0,0.0,0.0
2.0,3.0,,0.0,0.0,0.0,0.0,1.0,0.0,0.0
2.0,2.0,,0.0,0.0,0.0,1.0,0.0,0.0,0.0
3.0,3.0,,0.0,0.0,1.0,0.0,0.0,0.0,0.0
4.0,3.0,,0.0,0.0,0.0,1.0,0.0,0.0,0.0
2.0,2.0,,0.0,0.0,0.0,1.0,0.0,0.0,0.0
3.0,3.0,,0.0,0.0,1.0,0.0,0.0,0.0,0.0
3.0,3.0,,0.0,0.0,0.0,1.0,0.0,0.0,0.0
1.0,2.0,,0.0,0.0,0.0,1.0,0.0,0.0,0.0
3.0,3.0,,0.0,0.0,1.0,0.0,0.0,0.0,0.0
4.0,3.0,,0.0,0.0,0.0,1.0,0.0,0.0,0.0
2.0,2.0,,0.0,0.0,0.0,1.0,0.0,0.0,0.0
3.0,2.0,,0.0,0.0,1.0,0.0,0.0,0.0,0.0
5.0,4.0,,0.0,0.0,1.0,0.0,0.0,0.0,0.0
2.0,3.0,,0.0,0.0,0.0,0.0,1.0,0.0,0.0
3.0,3.0,,0.0,0.0,0.0,1.0,0.0,0.0,0.0
3.0,3.0,,0.0,0.0,0.0,1.0,0.0,0.0,0.0
3.0,3.0,,0.0,0.0,0.0,1.0,0.0,0.0,0.0
4.0,4.0,,0.0,0.0,0.0,1.0,0.0,0.0,0.0
3.0,3.0,,0.0,0.0,0.0,0.0,1.0,0.0,0.0
3.0,2.0,,0.0,0.0,0.0,1.0,0.0,0.0,0.0
2.0,3.0,,0.0,0.0,1.0,0.0,0.0,0.0,0.0
4.0,4.0,,0.0,0.0,0.0,1.0,0.0,0.0,0.0
3.0,3.0,,0.0,0.0,0.0,0.0,1.0,0.0,0.0
5.0,3.0,,0.0,0.0,0.0,1.0,0.0,0.0,0.0
2.0,2.0,,0.0,0.0,0.0,1.0,0.0,0.0,0.0
2.0,2.0,,0.0,0.0,1.0,0.0,0.0,0.0,0.0
4.0,4.0,,0.0,0.0,1.0,0.0,0.0,0.0,0.0
4.0,3.0,,0.0,0.0,0.0,0.0,1.0,0.0,0.0
3.0,4.0,,0.0,0.0,0.0,1.0,0.0,0.0,0.0
3.0,3.0,,0.0,0.0,0.0,0.0,1.0,0.0,0.0
3.0,3.0,,0.0,0.0,0.0,1.0,0.0,0.0,0.0
3.0,2.0,,0.0,0.0,0.0,1.0,0.0,0.0,0.0
4.0,4.0,,0.0,0.0,1.0,0.0,0.0,0.0,0.0
1.0,2.0,,0.0,0.0,0.0,0.0,1.0,0.0,0.0
4.0,4.0,,0.0,0.0,1.0,0.0,0.0,0.0,0.0
3.0,3.0,,0.0,0.0,0.0,0.0,1.0,0.0,0.0
4.0,2.0,,0.0,0.0,0.0,1.0,0.0,0.0,0.0
2.0,3.0,,0.0,0.0,1.0,0.0,0.0,0.0,0.0
3.0,1.0,,0.0,0.0,0.0,1.0,0.0,0.0,0.0
2.0,2.0,,0.0,1.0,0.0,0.0,0.0,0.0,0.0
2.0,4.0,,0.0,0.0,1.0,0.0,0.0,0.0,0.0
3.0,4.0,,0.0,0.0,0.0,0.0,1.0,0.0,0.0
4.0,4.0,,0.0,0.0,0.0,0.0,1.0,0.0,0.0
5.0,4.0,,0.0,0.0,0.0,0.0,1.0,0.0,0.0
3.0,3.0,,0.0,0.0,0.0,0.0,1.0,0.0,0.0
3.0,4.0,,0.0,0.0,0.0,1.0,0.0,0.0,0.0
4.0,4.0,,0.0,0.0,0.0,0.0,1.0,0.0,0.0
3.0,2.0,,0.0,0.0,0.0,0.0,1.0,0.0,0.0
5.0,5.0,,0.0,0.0,1.0,0.0,0.0,0.0,0.0
2.0,2.0,,0.0,0.0,0.0,0.0,0.0,1.0,0.0
2.0,2.0,,0.0,0.0,1.0,0.0,0.0,0.0,0.0
3.0,2.0,,0.0,0.0,1.0,0.0,0.0,0.0,0.0
3.0,3.0,,0.0,0.0,1.0,0.0,0.0,0.0,0.0
2.0,3.0,,0.0,0.0,0.0,1.0,0.0,0.0,0.0
2.0,3.0,,0.0,0.0,0.0,1.0,0.0,0.0,0.0
3.0,3.0,,0.0,0.0,0.0,1.0,0.0,0.0,0.0
2.0,3.0,,0.0,0.0,0.0,1.0,0.0,0.0,0.0
2.0,2.0,,0.0,0.0,0.0,1.0,0.0,0.0,0.0
2.0,2.0,,0.0,0.0,1.0,0.0,0.0,0.0,0.0
3.0,2.0,,0.0,0.0,1.0,0.0,0.0,0.0,0.0
3.0,3.0,,0.0,0.0,1.0,0.0,0.0,0.0,0.0
3.0,3.0,,0.0,0.0,0.0,1.0,0.0,0.0,0.0
3.0,4.0,,0.0,0.0,0.0,1.0,0.0,0.0,0.0
3.0,3.0,,0.0,0.0,0.0,0.0,1.0,0.0,0.0
2.0,3.0,,0.0,0.0,0.0,1.0,0.0,0.0,0.0
3.0,3.0,,0.0,0.0,0.0,1.0,0.0,0.0,0.0
2.0,2.0,,0.0,0.0,0.0,1.0,0.0,0.0,0.0
4.0,3.0,,0.0,0.0,1.0,0.0,0.0,0.0,0.0
4.0,4.0,,0.0,0.0,0.0,1.0,0.0,0.0,0.0
5.0,3.0,,0.0,0.0,0.0,0.0,1.0,0.0,0.0
2.0,2.0,,0.0,0.0,0.0,1.0,0.0,0.0,0.0
4.0,4.0,,0.0,0.0,1.0,0.0,0.0,0.0,0.0
4.0,4.0,,0.0,0.0,0.0,0.0,1.0,0.0,0.0
3.0,5.0,,0.0,0.0,0.0,0.0,1.0,0.0,0.0
3.0,3.0,,0.0,0.0,0.0,0.0,0.0,1.0,0.0
3.0,3.0,,0.0,0.0,0.0,1.0,0.0,0.0,0.0
4.0,4.0,,0.0,0.0,0.0,1.0,0.0,0.0,0.0
3.0,2.0,,0.0,0.0,0.0,0.0,1.0,0.0,0.0
3.0,4.0,,0.0,0.0,1.0,0.0,0.0,0.0,0.0
3.0,2.0,,0.0,0.0,0.0,0.0,1.0,0.0,0.0
4.0,3.0,,0.0,0.0,1.0,0.0,0.0,0.0,0.0
2.0,2.0,,0.0,0.0,0.0,1.0,0.0,0.0,0.0
3.0,3.0,,0.0,0.0,1.0,0.0,0.0,0.0,0.0
2.0,2.0,,0.0,0.0,0.0,1.0,0.0,0.0,0.0
4.0,4.0,,0.0,0.0,1.0,0.0,0.0,0.0,0.0
3.0,3.0,,0.0,0.0,0.0,0.0,1.0,0.0,0.0
2.0,2.0,,0.0,0.0,0.0,1.0,0.0,0.0,0.0
3.0,3.0,,0.0,0.0,1.0,0.0,0.0,0.0,0.0
4.0,3.0,,0.0,0.0,0.0,1.0,0.0,0.0,0.0
2.0,2.0,,0.0,0.0,0.0,1.0,0.0,0.0,0.0
3.0,3.0,,0.0,0.0,1.0,0.0,0.0,0.0,0.0
4.0,3.0,,0.0,0.0,0.0,1.0,0.0,0.0,0.0
3.0,3.0,,0.0,0.0,0.0,1.0,0.0,0.0,0.0
3.0,4.0,,0.0,0.0,0.0,1.0,0.0,0.0,0.0
4.0,4.0,,0.0,0.0,0.0,0.0,1.0,0.0,0.0
3.0,3.0,,0.0,0.0,0.0,0.0,1.0,0.0,0.0
2.0,3.0,,0.0,0.0,0.0,1.0,0.0,0.0,0.0
3.0,3.0,,0.0,0.0,0.0,1.0,0.0,0.0,0.0
2.0,2.0,,0.0,0.0,0.0,1.0,0.0,0.0,0.0
3.0,3.0,,0.0,0.0,1.0,0.0,0.0,0.0,0.0
1.0,3.0,,0.0,0.0,0.0,1.0,0.0,0.0,0.0
3.0,3.0,,0.0,0.0,0.0,1.0,0.0,0.0,0.0
2.0,2.0,,0.0,0.0,0.0,1.0,0.0,0.0,0.0
2.0,5.0,,0.0,0.0,1.0,0.0,0.0,0.0,0.0
2.0,1.0,,0.0,0.0,0.0,0.0,0.0,1.0,0.0
3.0,3.0,,0.0,1.0,0.0,0.0,0.0,0.0,0.0
3.0,2.0,,0.0,0.0,0.0,1.0,0.0,0.0,0.0
3.0,2.0,,0.0,0.0,1.0,0.0,0.0,0.0,0.0
2.0,4.0,,0.0,0.0,1.0,0.0,0.0,0.0,0.0
3.0,3.0,,0.0,0.0,0.0,0.0,1.0,0.0,0.0
2.0,3.0,,0.0,0.0,0.0,1.0,0.0,0.0,0.0
5.0,5.0,,0.0,0.0,0.0,1.0,0.0,0.0,0.0
2.0,2.0,,0.0,0.0,0.0,0.0,0.0,1.0,0.0
3.0,3.0,,0.0,0.0,1.0,0.0,0.0,0.0,0.0
2.0,4.0,,0.0,0.0,0.0,1.0,0.0,0.0,0.0
1.0,1.0,,0.0,0.0,0.0,0.0,1.0,0.0,0.0
3.0,4.0,,0.0,1.0,0.0,0.0,0.0,0.0,0.0
4.0,4.0,,0.0,0.0,0.0,0.0,1.0,0.0,0.0
3.0,3.0,,0.0,0.0,0.0,0.0,1.0,0.0,0.0
2.0,2.0,,0.0,0.0,0.0,1.0,0.0,0.0,0.0
3.0,3.0,,0.0,0.0,1.0,0.0,0.0,0.0,0.0
1.0,2.0,,0.0,0.0,0.0,1.0,0.0,0.0,0.0
3.0,2.0,,0.0,0.0,1.0,0.0,0.0,0.0,0.0
4.0,3.0,,0.0,0.0,1.0,0.0,0.0,0.0,0.0
2.0,3.0,,0.0,0.0,0.0,1.0,0.0,0.0,0.0
3.0,3.0,,0.0,0.0,0.0,1.0,0.0,0.0,0.0
3.0,3.0,,0.0,0.0,0.0,1.0,0.0,0.0,0.0
3.0,3.0,,0.0,0.0,0.0,1.0,0.0,0.0,0.0
2.0,3.0,,0.0,0.0,0.0,1.0,0.0,0.0,0.0
1.0,1.0,,0.0,0.0,0.0,1.0,0.0,0.0,0.0
2.0,3.0,,0.0,1.0,0.0,0.0,0.0,0.0,0.0
4.0,3.0,,0.0,0.0,0.0,1.0,0.0,0.0,0.0
4.0,4.0,,0.0,0.0,0.0,1.0,0.0,0.0,0.0
2.0,2.0,,0.0,0.0,0.0,0.0,1.0,0.0,0.0
2.0,1.0,,0.0,0.0,1.0,0.0,0.0,0.0,0.0
0.0,3.0,,0.0,1.0,0.0,0.0,0.0,0.0,0.0
3.0,4.0,,0.0,0.0,0.0,1.0,0.0,0.0,0.0
4.0,4.0,,0.0,0.0,0.0,0.0,1.0,0.0,0.0
2.0,2.0,,0.0,0.0,0.0,0.0,1.0,0.0,0.0
2.0,2.0,,0.0,0.0,1.0,0.0,0.0,0.0,0.0
2.0,4.0,,0.0,0.0,1.0,0.0,0.0,0.0,0.0
3.0,3.0,,0.0,0.0,0.0,0.0,1.0,0.0,0.0
4.0,4.0,,0.0,0.0,0.0,1.0,0.0,0.0,0.0
3.0,3.0,,0.0,0.0,0.0,0.0,1.0,0.0,0.0
2.0,3.0,,0.0,0.0,0.0,1.0,0.0,0.0,0.0
3.0,3.0,,0.0,0.0,0.0,1.0,0.0,0.0,0.0
3.0,3.0,,0.0,0.0,0.0,1.0,0.0,0.0,0.0
2.0,2.0,,0.0,0.0,0.0,1.0,0.0,0.0,0.0
3.0,4.0,,0.0,0.0,1.0,0.0,0.0,0.0,0.0
2.0,3.0,,0.0,0.0,0.0,0.0,1.0,0.0,0.0
3.0,2.0,,0.0,0.0,0.0,1.0,0.0,0.0,0.0
5.0,4.0,,0.0,0.0,1.0,0.0,0.0,0.0,0.0
2.0,1.0,,0.0,0.0,0.0,0.0,1.0,0.0,0.0
3.0,2.0,,0.0,1.0,0.0,0.0,0.0,0.0,0.0
3.0,3.0,,0.0,0.0,1.0,0.0,0.0,0.0,0.0
2.0,2.0,,0.0,0.0,0.0,1.0,0.0,0.0,0.0
2.0,3.0,,0.0,0.0,1.0,0.0,0.0,0.0,0.0
4.0,5.0,,0.0,0.0,0.0,1.0,0.0,0.0,0.0
3.0,3.0,,0.0,0.0,0.0,0.0,0.0,1.0,0.0
4.0,3.0,,0.0,0.0,0.0,1.0,0.0,0.0,0.0
4.0,4.0,,0.0,0.0,0.0,1.0,0.0,0.0,0.0
2.0,1.0,,0.0,0.0,0.0,0.0,1.0,0.0,0.0
3.0,3.0,,0.0,1.0,0.0,0.0,0.0,0.0,0.0
5.0,5.0,,0.0,0.0,0.0,1.0,0.0,0.0,0.0
2.0,3.0,,0.0,0.0,0.0,0.0,0.0,1.0,0.0
1.0,1.0,,0.0,0.0,0.0,1.0,0.0,0.0,0.0
3.0,3.0,,0.0,1.0,0.0,0.0,0.0,0.0,0.0
3.0,3.0,,0.0,0.0,0.0,1.0,0.0,0.0,0.0
2.0,2.0,,0.0,0.0,0.0,1.0,0.0,0.0,0.0
3.0,3.0,,0.0,0.0,1.0,0.0,0.0,0.0,0.0
3.0,3.0,,0.0,0.0,0.0,1.0,0.0,0.0,0.0
2.0,2.0,,0.0,0.0,0.0,1.0,0.0,0.0,0.0
2.0,2.0,,0.0,0.0,1.0,0.0,0.0,0.0,0.0
3.0,3.0,,0.0,0.0,1.0,0.0,0.0,0.0,0.0
3.0,2.0,,0.0,0.0,0.0,1.0,0.0,0.0,0.0
2.0,1.0,,0.0,0.0,1.0,0.0,0.0,0.0,0.0
3.0,2.0,,0.0,1.0,0.0,0.0,0.0,0.0,0.0
2.0,2.0,,0.0,0.0,1.0,0.0,0.0,0.0,0.0
4.0,1.0,,0.0,0.0,1.0,0.0,0.0,0.0,0.0
3.0,3.0,,0.0,1.0,0.0,0.0,0.0,0.0,0.0
4.0,3.0,,0.0,0.0,0.0,1.0,0.0,0.0,0.0
3.0,3.0,,0.0,0.0,0.0,1.0,0.0,0.0,0.0
4.0,2.0,,0.0,0.0,0.0,1.0,0.0,0.0,0.0
3.0,3.0,,0.0,0.0,1.0,0.0,0.0,0.0,0.0
2.0,2.0,,0.0,0.0,0.0,1.0,0.0,0.0,0.0
3.0,3.0,,0.0,0.0,1.0,0.0,0.0,0.0,0.0
4.0,4.0,,0.0,0.0,0.0,1.0,0.0,0.0,0.0
2.0,3.0,,0.0,0.0,0.0,0.0,1.0,0.0,0.0
4.0,4.0,,0.0,0.0,0.0,1.0,0.0,0.0,0.0
2.0,2.0,,0.0,0.0,0.0,0.0,1.0,0.0,0.0
3.0,3.0,,0.0,0.0,1.0,0.0,0.0,0.0,0.0
2.0,3.0,,0.0,0.0,0.0,1.0,0.0,0.0,0.0
3.0,3.0,,0.0,0.0,0.0,1.0,0.0,0.0,0.0
1.0,1.0,,0.0,0.0,0.0,1.0,0.0,0.0,0.0
3.0,3.0,,0.0,1.0,0.0,0.0,0.0,0.0,0.0
3.0,3.0,,0.0,0.0,0.0,1.0,0.0,0.0,0.0
2.0,2.0,,0.0,0.0,0.0,1.0,0.0,0.0,0.0
4.0,2.0,,0.0,0.0,1.0,0.0,0.0,0.0,0.0
3.0,3.0,,0.0,0.0,1.0,0.0,0.0,0.0,0.0
3.0,3.0,,0.0,0.0,0.0,1.0,0.0,0.0,0.0
3.0,3.0,,0.0,0.0,0.0,1.0,0.0,0.0,0.0
1.0,1.0,,0.0,0.0,0.0,1.0,0.0,0.0,0.0
4.0,3.0,,0.0,1.0,0.0,0.0,0.0,0.0,0.0
3.0,3.0,,0.0,0.0,0.0,1.0,0.0,0.0,0.0
2.0,2.0,,0.0,0.0,0.0,1.0,0.0,0.0,0.0
3.0,3.0,,0.0,0.0,1.0,0.0,0.0,0.0,0.0
3.0,4.0,,0.0,0.0,0.0,1.0,0.0,0.0,0.0
3.0,3.0,,0.0,0.0,0.0,0.0,1.0,0.0,0.0
4.0,4.0,,0.0,0.0,0.0,1.0,0.0,0.0,0.0
2.0,3.0,,0.0,0.0,0.0,0.0,1.0,0.0,0.0
3.0,2.0,,0.0,0.0,0.0,1.0,0.0,0.0,0.0
1.0,1.0,,0.0,0.0,1.0,0.0,0.0,0.0,0.0
2.0,1.0,,0.0,1.0,0.0,0.0,0.0,0.0,0.0
3.0,3.0,,0.0,1.0,0.0,0.0,0.0,0.0,0.0
2.0,2.0,,0.0,0.0,0.0,1.0,0.0,0.0,0.0
3.0,3.0,,0.0,0.0,1.0,0.0,0.0,0.0,0.0
4.0,4.0,,0.0,0.0,0.0,1.0,0.0,0.0,0.0
2.0,2.0,,0.0,0.0,0.0,0.0,1.0,0.0,0.0
2.0,1.0,,0.0,0.0,1.0,0.0,0.0,0.0,0.0
2.0,2.0,,0.0,1.0,0.0,0.0,0.0,0.0,0.0
2.0,3.0,,0.0,0.0,1.0,0.0,0.0,0.0,0.0
2.0,2.0,,0.0,0.0,0.0,1.0,0.0,0.0,0.0
4.0,3.0,,0.0,0.0,1.0,0.0,0.0,0.0,0.0
2.0,3.0,,0.0,0.0,0.0,1.0,0.0,0.0,0.0
3.0,4.0,,0.0,0.0,0.0,1.0,0.0,0.0,0.0
3.0,3.0,,0.0,0.0,0.0,0.0,1.0,0.0,0.0
2.0,2.0,,0.0,0.0,0.0,1.0,0.0,0.0,0.0
2.0,2.0,,0.0,0.0,1.0,0.0,0.0,0.0,0.0
5.0,3.0,,0.0,0.0,1.0,0.0,0.0,0.0,0.0
3.0,3.0,,0.0,0.0,0.0,1.0,0.0,0.0,0.0
3.0,3.0,,0.0,0.0,0.0,1.0,0.0,0.0,0.0
3.0,2.0,,0.0,0.0,0.0,1.0,0.0,0.0,0.0
4.0,3.0,,0.0,0.0,1.0,0.0,0.0,0.0,0.0
0.0,3.0,,0.0,0.0,0.0,1.0,0.0,0.0,0.0
2.0,2.0,,0.0,0.0,0.0,1.0,0.0,0.0,0.0
3.0,4.0,,0.0,0.0,1.0,0.0,0.0,0.0,0.0
4.0,5.0,,0.0,0.0,0.0,0.0,1.0,0.0,0.0
4.0,4.0,,0.0,0.0,0.0,0.0,0.0,1.0,0.0
4.0,4.0,,0.0,0.0,0.0,0.0,1.0,0.0,0.0
3.0,4.0,,0.0,0.0,0.0,0.0,1.0,0.0,0.0
4.0,4.0,,0.0,0.0,0.0,0.0,1.0,0.0,0.0
4.0,3.0,,0.0,0.0,0.0,0.0,1.0,0.0,0.0
4.0,4.0,,0.0,0.0,0.0,1.0,0.0,0.0,0.0
4.0,4.0,,0.0,0.0,0.0,0.0,1.0,0.0,0.0
4.0,3.0,,0.0,0.0,0.0,0.0,1.0,0.0,0.0
3.0,3.0,,0.0,0.0,0.0,1.0,0.0,0.0,0.0
3.0,3.0,,0.0,0.0,0.0,1.0,0.0,0.0,0.0
4.0,4.0,,0.0,0.0,0.0,1.0,0.0,0.0,0.0
2.0,2.0,,0.0,0.0,0.0,0.0,1.0,0.0,0.0
2.0,2.0,,0.0,0.0,1.0,0.0,0.0,0.0,0.0
3.0,4.0,,0.0,0.0,1.0,0.0,0.0,0.0,0.0
3.0,3.0,,0.0,0.0,0.0,0.0,1.0,0.0,0.0
2.0,2.0,,0.0,0.0,0.0,1.0,0.0,0.0,0.0
2.0,2.0,,0.0,0.0,1.0,0.0,0.0,0.0,0.0
3.0,3.0,,0.0,0.0,1.0,0.0,0.0,0.0,0.0
2.0,2.0,,0.0,0.0,0.0,1.0,0.0,0.0,0.0
3.0,2.0,,0.0,0.0,1.0,0.0,0.0,0.0,0.0
4.0,3.0,,0.0,0.0,1.0,0.0,0.0,0.0,0.0
3.0,2.0,,0.0,0.0,0.0,1.0,0.0,0.0,0.0
3.0,3.0,,0.0,0.0,1.0,0.0,0.0,0.0,0.0
4.0,2.0,,0.0,0.0,0.0,1.0,0.0,0.0,0.0
3.0,2.0,,0.0,0.0,1.0,0.0,0.0,0.0,0.0
1.0,2.0,,0.0,0.0,1.0,0.0,0.0,0.0,0.0
3.0,2.0,,0.0,0.0,1.0,0.0,0.0,0.0,0.0
4.0,4.0,,0.0,0.0,1.0,0.0,0.0,0.0,0.0
3.0,3.0,,0.0,0.0,0.0,0.0,1.0,0.0,0.0
3.0,3.0,,0.0,0.0,0.0,1.0,0.0,0.0,0.0
3.0,3.0,,0.0,0.0,0.0,1.0,0.0,0.0,0.0
1.0,3.0,,0.0,0.0,0.0,1.0,0.0,0.0,0.0
3.0,4.0,,0.0,0.0,0.0,1.0,0.0,0.0,0.0
4.0,3.0,,0.0,0.0,0.0,0.0,1.0,0.0,0.0
2.0,2.0,,0.0,0.0,0.0,1.0,0.0,0.0,0.0
3.0,2.0,,0.0,0.0,1.0,0.0,0.0,0.0,0.0
3.0,2.0,,0.0,0.0,1.0,0.0,0.0,0.0,0.0
2.0,3.0,,0.0,0.0,1.0,0.0,0.0,0.0,0.0
4.0,3.0,,0.0,0.0,0.0,1.0,0.0,0.0,0.0
2.0,3.0,,0.0,0.0,0.0,1.0,0.0,0.0,0.0
4.0,4.0,,0.0,0.0,0.0,1.0,0.0,0.0,0.0
3.0,4.0,,0.0,0.0,0.0,0.0,1.0,0.0,0.0
5.0,3.0,,0.0,0.0,0.0,0.0,1.0,0.0,0.0
3.0,3.0,,0.0,0.0,0.0,1.0,0.0,0.0,0.0
3.0,3.0,,0.0,0.0,0.0,1.0,0.0,0.0,0.0
2.0,3.0,,0.0,0.0,0.0,1.0,0.0,0.0,0.0
2.0,2.0,,0.0,0.0,0.0,1.0,0.0,0.0,0.0
3.0,3.0,,0.0,0.0,1.0,0.0,0.0,0.0,0.0
2.0,2.0,,0.0,0.0,0.0,1.0,0.0,0.0,0.0
4.0,4.0,,0.0,0.0,1.0,0.0,0.0,0.0,0.0
2.0,2.0,,0.0,0.0,0.0,0.0,1.0,0.0,0.0
2.0,2.0,,0.0,0.0,1.0,0.0,0.0,0.0,0.0
3.0,3.0,,0.0,0.0,1.0,0.0,0.0,0.0,0.0
3.0,4.0,,0.0,0.0,0.0,1.0,0.0,0.0,0.0
3.0,3.0,,0.0,0.0,0.0,0.0,1.0,0.0,0.0
4.0,2.0,,0.0,0.0,0.0,1.0,0.0,0.0,0.0
3.0,2.0,,0.0,0.0,1.0,0.0,0.0,0.0,0.0
4.0,4.0,,0.0,0.0,1.0,0.0,0.0,0.0,0.0
3.0,2.0,,0.0,0.0,0.0,0.0,1.0,0.0,0.0
3.0,3.0,,0.0,0.0,1.0,0.0,0.0,0.0,0.0
2.0,3.0,,0.0,0.0,0.0,1.0,0.0,0.0,0.0
4.0,3.0,,0.0,0.0,0.0,1.0,0.0,0.0,0.0
2.0,2.0,,0.0,0.0,0.0,1.0,0.0,0.0,0.0
3.0,3.0,,0.0,0.0,1.0,0.0,0.0,0.0,0.0
3.0,3.0,,0.0,0.0,0.0,1.0,0.0,0.0,0.0
2.0,2.0,,0.0,0.0,0.0,1.0,0.0,0.0,0.0
3.0,2.0,,0.0,0.0,1.0,0.0,0.0,0.0,0.0
3.0,3.0,,0.0,0.0,1.0,0.0,0.0,0.0,0.0
3.0,4.0,,0.0,0.0,0.0,1.0,0.0,0.0,0.0
3.0,4.0,,0.0,0.0,0.0,0.0,1.0,0.0,0.0
3.0,3.0,,0.0,0.0,0.0,0.0,1.0,0.0,0.0
2.0,2.0,,0.0,0.0,0.0,1.0,0.0,0.0,0.0
3.0,3.0,,0.0,0.0,1.0,0.0,0.0,0.0,0.0
4.0,4.0,,0.0,0.0,0.0,1.0,0.0,0.0,0.0
2.0,3.0,,0.0,0.0,0.0,0.0,1.0,0.0,0.0
3.0,2.0,,0.0,0.0,0.0,1.0,0.0,0.0,0.0
2.0,4.0,,0.0,0.0,1.0,0.0,0.0,0.0,0.0
3.0,3.0,,0.0,0.0,0.0,0.0,1.0,0.0,0.0
3.0,2.0,,0.0,0.0,0.0,1.0,0.0,0.0,0.0
2.0,2.0,,0.0,0.0,1.0,0.0,0.0,0.0,0.0
3.0,3.0,,0.0,0.0,1.0,0.0,0.0,0.0,0.0
3.0,3.0,,0.0,0.0,0.0,1.0,0.0,0.0,0.0
2.0,3.0,,0.0,0.0,0.0,1.0,0.0,0.0,0.0
2.0,2.0,,0.0,0.0,0.0,1.0,0.0,0.0,0.0
2.0,2.0,,0.0,0.0,1.0,0.0,0.0,0.0,0.0
4.0,3.0,,0.0,0.0,1.0,0.0,0.0,0.0,0.0
2.0,3.0,,0.0,0.0,0.0,1.0,0.0,0.0,0.0
4.0,1.0,,0.0,0.0,0.0,1.0,0.0,0.0,0.0
2.0,2.0,,0.0,1.0,0.0,0.0,0.0,0.0,0.0
3.0,2.0,,0.0,0.0,1.0,0.0,0.0,0.0,0.0
4.0,4.0,,0.0,0.0,1.0,0.0,0.0,0.0,0.0
4.0,4.0,,0.0,0.0,0.0,0.0,1.0,0.0,0.0
2.0,2.0,,0.0,0.0,0.0,0.0,1.0,0.0,0.0
3.0,3.0,,0.0,0.0,1.0,0.0,0.0,0.0,0.0
3.0,2.0,,0.0,0.0,0.0,1.0,0.0,0.0,0.0
5.0,3.0,,0.0,0.0,1.0,0.0,0.0,0.0,0.0
2.0,3.0,,0.0,0.0,0.0,1.0,0.0,0.0,0.0
3.0,2.0,,0.0,0.0,0.0,1.0,0.0,0.0,0.0
4.0,5.0,,0.0,0.0,1.0,0.0,0.0,0.0,0.0
4.0,4.0,,0.0,0.0,0.0,0.0,0.0,1.0,0.0
1.0,2.0,,0.0,0.0,0.0,0.0,1.0,0.0,0.0
3.0,3.0,,0.0,0.0,1.0,0.0,0.0,0.0,0.0
3.0,3.0,,0.0,0.0,0.0,1.0,0.0,0.0,0.0
3.0,3.0,,0.0,0.0,0.0,1.0,0.0,0.0,0.0
3.0,1.0,,0.0,0.0,0.0,1.0,0.0,0.0,0.0
2.0,2.0,,0.0,1.0,0.0,0.0,0.0,0.0,0.0
3.0,4.0,,0.0,0.0,1.0,0.0,0.0,0.0,0.0
2.0,3.0,,0.0,0.0,0.0,0.0,1.0,0.0,0.0
3.0,2.0,,0.0,0.0,0.0,1.0,0.0,0.0,0.0
4.0,4.0,,0.0,0.0,1.0,0.0,0.0,0.0,0.0
2.0,3.0,,0.0,0.0,0.0,0.0,1.0,0.0,0.0
2.0,2.0,,0.0,0.0,0.0,1.0,0.0,0.0,0.0
5.0,3.0,,0.0,0.0,1.0,0.0,0.0,0.0,0.0
1.0,2.0,,0.0,0.0,0.0,1.0,0.0,0.0,0.0
2.0,2.0,,0.0,0.0,1.0,0.0,0.0,0.0,0.0
2.0,2.0,,0.0,0.0,1.0,0.0,0.0,0.0,0.0
3.0,3.0,,0.0,0.0,1.0,0.0,0.0,0.0,0.0
4.0,5.0,,0.0,0.0,0.0,1.0,0.0,0.0,0.0
3.0,3.0,,0.0,0.0,0.0,0.0,0.0,1.0,0.0
3.0,3.0,,0.0,0.0,0.0,1.0,0.0,0.0,0.0
4.0,3.0,,0.0,0.0,0.0,1.0,0.0,0.0,0.0
3.0,3.0,,0.0,0.0,0.0,1.0,0.0,0.0,0.0
3.0,2.0,,0.0,0.0,0.0,1.0,0.0,0.0,0.0
3.0,5.0,,0.0,0.0,1.0,0.0,0.0,0.0,0.0
3.0,3.0,,0.0,0.0,0.0,0.0,0.0,1.0,0.0
3.0,5.0,,0.0,0.0,0.0,1.0,0.0,0.0,0.0
3.0,2.0,,0.0,0.0,0.0,0.0,0.0,1.0,0.0
3.0,3.0,,0.0,0.0,1.0,0.0,0.0,0.0,0.0
2.0,2.0,,0.0,0.0,0.0,1.0,0.0,0.0,0.0
2.0,2.0,,0.0,0.0,1.0,0.0,0.0,0.0,0.0
3.0,2.0,,0.0,0.0,1.0,0.0,0.0,0.0,0.0
1.0,2.0,,0.0,0.0,1.0,0.0,0.0,0.0,0.0
2.0,3.0,,0.0,0.0,1.0,0.0,0.0,0.0,0.0
3.0,3.0,,0.0,0.0,0.0,1.0,0.0,0.0,0.0
2.0,2.0,,0.0,0.0,0.0,1.0,0.0,0.0,0.0
2.0,4.0,,0.0,0.0,1.0,0.0,0.0,0.0,0.0
2.0,3.0,,0.0,0.0,0.0,0.0,1.0,0.0,0.0
5.0,5.0,,0.0,0.0,0.0,1.0,0.0,0.0,0.0
1.0,2.0,,0.0,0.0,0.0,0.0,0.0,1.0,0.0
1.0,3.0,,0.0,0.0,1.0,0.0,0.0,0.0,0.0
3.0,3.0,,0.0,0.0,0.0,1.0,0.0,0.0,0.0
4.0,4.0,,0.0,0.0,0.0,1.0,0.0,0.0,0.0
2.0,2.0,,0.0,0.0,0.0,0.0,1.0,0.0,0.0
2.0,3.0,,0.0,0.0,1.0,0.0,0.0,0.0,0.0
2.0,2.0,,0.0,0.0,0.0,1.0,0.0,0.0,0.0
1.0,3.0,,0.0,0.0,1.0,0.0,0.0,0.0,0.0
4.0,4.0,,0.0,0.0,0.0,1.0,0.0,0.0,0.0
2.0,2.0,,0.0,0.0,0.0,0.0,1.0,0.0,0.0
2.0,4.0,,0.0,0.0,1.0,0.0,0.0,0.0,0.0
3.0,4.0,,0.0,0.0,0.0,0.0,1.0,0.0,0.0
2.0,3.0,,0.0,0.0,0.0,0.0,1.0,0.0,0.0
3.0,3.0,,0.0,0.0,0.0,1.0,0.0,0.0,0.0
3.0,3.0,,0.0,0.0,0.0,1.0,0.0,0.0,0.0
4.0,4.0,,0.0,0.0,0.0,1.0,0.0,0.0,0.0
2.0,3.0,,0.0,0.0,0.0,0.0,1.0,0.0,0.0
2.0,3.0,,0.0,0.0,0.0,1.0,0.0,0.0,0.0
2.0,2.0,,0.0,0.0,0.0,1.0,0.0,0.0,0.0
5.0,3.0,,0.0,0.0,1.0,0.0,0.0,0.0,0.0
5.0,3.0,,0.0,0.0,0.0,1.0,0.0,0.0,0.0
3.0,3.0,,0.0,0.0,0.0,1.0,0.0,0.0,0.0
3.0,3.0,,0.0,0.0,0.0,1.0,0.0,0.0,0.0
5.0,2.0,,0.0,0.0,0.0,1.0,0.0,0.0,0.0
2.0,2.0,,0.0,0.0,1.0,0.0,0.0,0.0,0.0
3.0,3.0,,0.0,0.0,1.0,0.0,0.0,0.0,0.0
3.0,4.0,,0.0,0.0,0.0,1.0,0.0,0.0,0.0
4.0,5.0,,0.0,0.0,0.0,0.0,1.0,0.0,0.0
3.0,3.0,,0.0,0.0,0.0,0.0,0.0,1.0,0.0
3.0,3.0,,0.0,0.0,0.0,1.0,0.0,0.0,0.0
0.0,2.0,,0.0,0.0,0.0,1.0,0.0,0.0,0.0
2.0,3.0,,0.0,0.0,1.0,0.0,0.0,0.0,0.0
2.0,4.0,,0.0,0.0,0.0,1.0,0.0,0.0,0.0
2.0,3.0,,0.0,0.0,0.0,0.0,1.0,0.0,0.0
4.0,4.0,,0.0,0.0,0.0,1.0,0.0,0.0,0.0
2.0,3.0,,0.0,0.0,0.0,0.0,1.0,0.0,0.0
3.0,3.0,,0.0,0.0,0.0,1.0,0.0,0.0,0.0
5.0,5.0,,0.0,0.0,0.0,1.0,0.0,0.0,0.0
3.0,1.0,,0.0,0.0,0.0,0.0,0.0,1.0,0.0
2.0,2.0,,0.0,1.0,0.0,0.0,0.0,0.0,0.0
3.0,4.0,,0.0,0.0,1.0,0.0,0.0,0.0,0.0
3.0,3.0,,0.0,0.0,0.0,0.0,1.0,0.0,0.0
3.0,3.0,,0.0,0.0,0.0,1.0,0.0,0.0,0.0
3.0,4.0,,0.0,0.0,0.0,1.0,0.0,0.0,0.0
2.0,3.0,,0.0,0.0,0.0,0.0,1.0,0.0,0.0
2.0,2.0,,0.0,0.0,0.0,1.0,0.0,0.0,0.0
2.0,2.0,,0.0,0.0,1.0,0.0,0.0,0.0,0.0
2.0,2.0,,0.0,0.0,1.0,0.0,0.0,0.0,0.0
3.0,4.0,,0.0,0.0,1.0,0.0,0.0,0.0,0.0
1.0,1.0,,0.0,0.0,0.0,0.0,1.0,0.0,0.0
3.0,3.0,,0.0,1.0,0.0,0.0,0.0,0.0,0.0
2.0,3.0,,0.0,0.0,0.0,1.0,0.0,0.0,0.0
3.0,3.0,,0.0,0.0,0.0,1.0,0.0,0.0,0.0
2.0,2.0,,0.0,0.0,0.0,1.0,0.0,0.0,0.0
2.0,2.0,,0.0,0.0,1.0,0.0,0.0,0.0,0.0
4.0,4.0,,0.0,0.0,1.0,0.0,0.0,0.0,0.0
3.0,3.0,,0.0,0.0,0.0,0.0,1.0,0.0,0.0
3.0,2.0,,0.0,0.0,0.0,1.0,0.0,0.0,0.0
3.0,4.0,,0.0,0.0,1.0,0.0,0.0,0.0,0.0
3.0,3.0,,0.0,0.0,0.0,0.0,1.0,0.0,0.0
2.0,2.0,,0.0,0.0,0.0,1.0,0.0,0.0,0.0
3.0,2.0,,0.0,0.0,1.0,0.0,0.0,0.0,0.0
2.0,3.0,,0.0,0.0,1.0,0.0,0.0,0.0,0.0
2.0,0.0,,0.0,0.0,0.0,1.0,0.0,0.0,0.0
3.0,2.0,,1.0,0.0,0.0,0.0,0.0,0.0,0.0
2.0,2.0,,0.0,0.0,1.0,0.0,0.0,0.0,0.0
3.0,2.0,,0.0,0.0,1.0,0.0,0.0,0.0,0.0
3.0,3.0,,0.0,0.0,1.0,0.0,0.0,0.0,0.0
3.0,3.0,,0.0,0.0,0.0,1.0,0.0,0.0,0.0
1.0,1.0,,0.0,0.0,0.0,1.0,0.0,0.0,0.0
4.0,4.0,,0.0,1.0,0.0,0.0,0.0,0.0,0.0
3.0,3.0,,0.0,0.0,0.0,0.0,1.0,0.0,0.0
5.0,3.0,,0.0,0.0,0.0,1.0,0.0,0.0,0.0
2.0,3.0,,0.0,0.0,0.0,1.0,0.0,0.0,0.0
4.0,2.0,,0.0,0.0,0.0,1.0,0.0,0.0,0.0
4.0,4.0,,0.0,0.0,1.0,0.0,0.0,0.0,0.0
3.0,4.0,,0.0,0.0,0.0,0.0,1.0,0.0,0.0
2.0,1.0,,0.0,0.0,0.0,0.0,1.0,0.0,0.0
3.0,2.0,,0.0,1.0,0.0,0.0,0.0,0.0,0.0
2.0,2.0,,0.0,0.0,1.0,0.0,0.0,0.0,0.0
3.0,2.0,,0.0,0.0,1.0,0.0,0.0,0.0,0.0
4.0,4.0,,0.0,0.0,1.0,0.0,0.0,0.0,0.0
2.0,3.0,,0.0,0.0,0.0,0.0,1.0,0.0,0.0
5.0,4.0,,0.0,0.0,0.0,1.0,0.0,0.0,0.0
3.0,3.0,,0.0,0.0,0.0,0.0,1.0,0.0,0.0
2.0,2.0,,0.0,0.0,0.0,1.0,0.0,0.0,0.0
4.0,4.0,,0.0,0.0,1.0,0.0,0.0,0.0,0.0
5.0,5.0,,0.0,0.0,0.0,0.0,1.0,0.0,0.0
2.0,3.0,,0.0,0.0,0.0,0.0,0.0,1.0,0.0
3.0,3.0,,0.0,0.0,0.0,1.0,0.0,0.0,0.0
4.0,5.0,,0.0,0.0,0.0,1.0,0.0,0.0,0.0
2.0,2.0,,0.0,0.0,0.0,0.0,0.0,1.0,0.0
4.0,3.0,,0.0,0.0,1.0,0.0,0.0,0.0,0.0
5.0,4.0,,0.0,0.0,0.0,1.0,0.0,0.0,0.0
4.0,3.0,,0.0,0.0,0.0,0.0,1.0,0.0,0.0
4.0,4.0,,0.0,0.0,0.0,1.0,0.0,0.0,0.0
3.0,3.0,,0.0,0.0,0.0,0.0,1.0,0.0,0.0
3.0,4.0,,0.0,0.0,0.0,1.0,0.0,0.0,0.0
2.0,2.0,,0.0,0.0,0.0,0.0,1.0,0.0,0.0
3.0,3.0,,0.0,0.0,1.0,0.0,0.0,0.0,0.0
2.0,2.0,,0.0,0.0,0.0,1.0,0.0,0.0,0.0
2.0,3.0,,0.0,0.0,1.0,0.0,0.0,0.0,0.0
2.0,2.0,,0.0,0.0,0.0,1.0,0.0,0.0,0.0
2.0,4.0,,0.0,0.0,1.0,0.0,0.0,0.0,0.0
2.0,2.0,,0.0,0.0,0.0,0.0,1.0,0.0,0.0
5.0,5.0,,0.0,0.0,1.0,0.0,0.0,0.0,0.0
3.0,2.0,,0.0,0.0,0.0,0.0,0.0,1.0,0.0
3.0,5.0,,0.0,0.0,1.0,0.0,0.0,0.0,0.0
2.0,4.0,,0.0,0.0,0.0,0.0,0.0,1.0,0.0
2.0,1.0,,0.0,0.0,0.0,0.0,1.0,0.0,0.0
1.0,1.0,,0.0,1.0,0.0,0.0,0.0,0.0,0.0
3.0,3.0,,0.0,1.0,0.0,0.0,0.0,0.0,0.0
4.0,3.0,,0.0,0.0,0.0,1.0,0.0,0.0,0.0
3.0,3.0,,0.0,0.0,0.0,1.0,0.0,0.0,0.0
3.0,3.0,,0.0,0.0,0.0,1.0,0.0,0.0,0.0
3.0,3.0,,0.0,0.0,0.0,1.0,0.0,0.0,0.0
4.0,4.0,,0.0,0.0,0.0,1.0,0.0,0.0,0.0
2.0,2.0,,0.0,0.0,0.0,0.0,1.0,0.0,0.0
3.0,3.0,,0.0,0.0,1.0,0.0,0.0,0.0,0.0
2.0,3.0,,0.0,0.0,0.0,1.0,0.0,0.0,0.0
2.0,2.0,,0.0,0.0,0.0,1.0,0.0,0.0,0.0
3.0,2.0,,0.0,0.0,1.0,0.0,0.0,0.0,0.0
4.0,2.0,,0.0,0.0,1.0,0.0,0.0,0.0,0.0
3.0,2.0,,0.0,0.0,1.0,0.0,0.0,0.0,0.0
4.0,3.0,,0.0,0.0,1.0,0.0,0.0,0.0,0.0
4.0,4.0,,0.0,0.0,0.0,1.0,0.0,0.0,0.0
3.0,3.0,,0.0,0.0,0.0,0.0,1.0,0.0,0.0
5.0,5.0,,0.0,0.0,0.0,1.0,0.0,0.0,0.0
3.0,3.0,,0.0,0.0,0.0,0.0,0.0,1.0,0.0
2.0,2.0,,0.0,0.0,0.0,1.0,0.0,0.0,0.0
2.0,1.0,,0.0,0.0,1.0,0.0,0.0,0.0,0.0
3.0,4.0,,0.0,1.0,0.0,0.0,0.0,0.0,0.0
3.0,3.0,,0.0,0.0,0.0,0.0,1.0,0.0,0.0
3.0,5.0,,0.0,0.0,0.0,1.0,0.0,0.0,0.0
3.0,4.0,,0.0,0.0,0.0,0.0,0.0,1.0,0.0
3.0,3.0,,0.0,0.0,0.0,0.0,1.0,0.0,0.0
3.0,4.0,,0.0,0.0,0.0,1.0,0.0,0.0,0.0
2.0,2.0,,0.0,0.0,0.0,0.0,1.0,0.0,0.0
3.0,3.0,,0.0,0.0,1.0,0.0,0.0,0.0,0.0
4.0,4.0,,0.0,0.0,0.0,1.0,0.0,0.0,0.0
2.0,2.0,,0.0,0.0,0.0,0.0,1.0,0.0,0.0
4.0,4.0,,0.0,0.0,1.0,0.0,0.0,0.0,0.0
3.0,2.0,,0.0,0.0,0.0,0.0,1.0,0.0,0.0
3.0,4.0,,0.0,0.0,1.0,0.0,0.0,0.0,0.0
4.0,5.0,,0.0,0.0,0.0,0.0,1.0,0.0,0.0
2.0,3.0,,0.0,0.0,0.0,0.0,0.0,1.0,0.0
2.0,4.0,,0.0,0.0,0.0,1.0,0.0,0.0,0.0
4.0,4.0,,0.0,0.0,0.0,0.0,1.0,0.0,0.0
2.0,2.0,,0.0,0.0,0.0,0.0,1.0,0.0,0.0
2.0,2.0,,0.0,0.0,1.0,0.0,0.0,0.0,0.0
4.0,4.0,,0.0,0.0,1.0,0.0,0.0,0.0,0.0
3.0,3.0,,0.0,0.0,0.0,0.0,1.0,0.0,0.0
2.0,2.0,,0.0,0.0,0.0,1.0,0.0,0.0,0.0
4.0,3.0,,0.0,0.0,1.0,0.0,0.0,0.0,0.0
2.0,2.0,,0.0,0.0,0.0,1.0,0.0,0.0,0.0
2.0,2.0,,0.0,0.0,1.0,0.0,0.0,0.0,0.0
4.0,4.0,,0.0,0.0,1.0,0.0,0.0,0.0,0.0
3.0,3.0,,0.0,0.0,0.0,0.0,1.0,0.0,0.0
2.0,2.0,,0.0,0.0,0.0,1.0,0.0,0.0,0.0
2.0,2.0,,0.0,0.0,1.0,0.0,0.0,0.0,0.0
3.0,3.0,,0.0,0.0,1.0,0.0,0.0,0.0,0.0
4.0,4.0,,0.0,0.0,0.0,1.0,0.0,0.0,0.0
4.0,3.0,,0.0,0.0,0.0,0.0,1.0,0.0,0.0
3.0,4.0,,0.0,0.0,0.0,1.0,0.0,0.0,0.0
4.0,4.0,,0.0,0.0,0.0,0.0,1.0,0.0,0.0
4.0,4.0,,0.0,0.0,0.0,0.0,1.0,0.0,0.0
2.0,2.0,,0.0,0.0,0.0,0.0,1.0,0.0,0.0
4.0,4.0,,0.0,0.0,1.0,0.0,0.0,0.0,0.0
2.0,3.0,,0.0,0.0,0.0,0.0,1.0,0.0,0.0
2.0,2.0,,0.0,0.0,0.0,1.0,0.0,0.0,0.0
3.0,3.0,,0.0,0.0,1.0,0.0,0.0,0.0,0.0
3.0,4.0,,0.0,0.0,0.0,1.0,0.0,0.0,0.0
4.0,4.0,,0.0,0.0,0.0,0.0,1.0,0.0,0.0
2.0,2.0,,0.0,0.0,0.0,0.0,1.0,0.0,0.0
1.0,2.0,,0.0,0.0,1.0,0.0,0.0,0.0,0.0
3.0,3.0,,0.0,0.0,1.0,0.0,0.0,0.0,0.0
2.0,2.0,,0.0,0.0,0.0,1.0,0.0,0.0,0.0
2.0,1.0,,0.0,0.0,1.0,0.0,0.0,0.0,0.0
1.0,2.0,,0.0,1.0,0.0,0.0,0.0,0.0,0.0
4.0,4.0,,0.0,0.0,1.0,0.0,0.0,0.0,0.0
4.0,4.0,,0.0,0.0,0.0,0.0,1.0,0.0,0.0
3.0,3.0,,0.0,0.0,0.0,0.0,1.0,0.0,0.0
4.0,4.0,,0.0,0.0,0.0,1.0,0.0,0.0,0.0
3.0,3.0,,0.0,0.0,0.0,0.0,1.0,0.0,0.0
3.0,3.0,,0.0,0.0,0.0,1.0,0.0,0.0,0.0
4.0,4.0,,0.0,0.0,0.0,1.0,0.0,0.0,0.0
2.0,2.0,,0.0,0.0,0.0,0.0,1.0,0.0,0.0
4.0,4.0,,0.0,0.0,1.0,0.0,0.0,0.0,0.0
2.0,3.0,,0.0,0.0,0.0,0.0,1.0,0.0,0.0
2.0,3.0,,0.0,0.0,0.0,1.0,0.0,0.0,0.0
2.0,2.0,,0.0,0.0,0.0,1.0,0.0,0.0,0.0
4.0,3.0,,0.0,0.0,1.0,0.0,0.0,0.0,0.0
2.0,2.0,,0.0,0.0,0.0,1.0,0.0,0.0,0.0
3.0,3.0,,0.0,0.0,1.0,0.0,0.0,0.0,0.0
3.0,3.0,,0.0,0.0,0.0,1.0,0.0,0.0,0.0
3.0,3.0,,0.0,0.0,0.0,1.0,0.0,0.0,0.0
4.0,3.0,,0.0,0.0,0.0,1.0,0.0,0.0,0.0
3.0,3.0,,0.0,0.0,0.0,1.0,0.0,0.0,0.0
3.0,4.0,,0.0,0.0,0.0,1.0,0.0,0.0,0.0
3.0,3.0,,0.0,0.0,0.0,0.0,1.0,0.0,0.0
2.0,3.0,,0.0,0.0,0.0,1.0,0.0,0.0,0.0
3.0,3.0,,0.0,0.0,0.0,1.0,0.0,0.0,0.0
2.0,2.0,,0.0,0.0,0.0,1.0,0.0,0.0,0.0
3.0,3.0,,0.0,0.0,1.0,0.0,0.0,0.0,0.0
3.0,2.0,,0.0,0.0,0.0,1.0,0.0,0.0,0.0
3.0,3.0,,0.0,0.0,1.0,0.0,0.0,0.0,0.0
2.0,2.0,,0.0,0.0,0.0,1.0,0.0,0.0,0.0
2.0,2.0,,0.0,0.0,1.0,0.0,0.0,0.0,0.0
3.0,3.0,,0.0,0.0,1.0,0.0,0.0,0.0,0.0
3.0,4.0,,0.0,0.0,0.0,1.0,0.0,0.0,0.0
3.0,2.0,,0.0,0.0,0.0,0.0,1.0,0.0,0.0
4.0,4.0,,0.0,0.0,1.0,0.0,0.0,0.0,0.0
4.0,4.0,,0.0,0.0,0.0,0.0,1.0,0.0,0.0
3.0,3.0,,0.0,0.0,0.0,0.0,1.0,0.0,0.0
3.0,2.0,,0.0,0.0,0.0,1.0,0.0,0.0,0.0
3.0,3.0,,0.0,0.0,1.0,0.0,0.0,0.0,0.0
3.0,3.0,,0.0,0.0,0.0,1.0,0.0,0.0,0.0
3.0,3.0,,0.0,0.0,0.0,1.0,0.0,0.0,0.0
3.0,3.0,,0.0,0.0,0.0,1.0,0.0,0.0,0.0
3.0,3.0,,0.0,0.0,0.0,1.0,0.0,0.0,0.0
2.0,2.0,,0.0,0.0,0.0,1.0,0.0,0.0,0.0
0.0,2.0,,0.0,0.0,1.0,0.0,0.0,0.0,0.0
4.0,5.0,,0.0,0.0,1.0,0.0,0.0,0.0,0.0
3.0,3.0,,0.0,0.0,0.0,0.0,0.0,1.0,0.0
3.0,2.0,,0.0,0.0,0.0,1.0,0.0,0.0,0.0
3.0,2.0,,0.0,0.0,1.0,0.0,0.0,0.0,0.0
3.0,4.0,,0.0,0.0,1.0,0.0,0.0,0.0,0.0
4.0,4.0,,0.0,0.0,0.0,0.0,1.0,0.0,0.0
3.0,3.0,,0.0,0.0,0.0,0.0,1.0,0.0,0.0
5.0,3.0,,0.0,0.0,0.0,1.0,0.0,0.0,0.0
2.0,2.0,,0.0,0.0,0.0,1.0,0.0,0.0,0.0
3.0,3.0,,0.0,0.0,1.0,0.0,0.0,0.0,0.0
3.0,3.0,,0.0,0.0,0.0,1.0,0.0,0.0,0.0
3.0,3.0,,0.0,0.0,0.0,1.0,0.0,0.0,0.0
4.0,4.0,,0.0,0.0,0.0,1.0,0.0,0.0,0.0
2.0,2.0,,0.0,0.0,0.0,0.0,1.0,0.0,0.0
3.0,3.0,,0.0,0.0,1.0,0.0,0.0,0.0,0.0
3.0,2.0,,0.0,0.0,0.0,1.0,0.0,0.0,0.0
2.0,3.0,,0.0,0.0,1.0,0.0,0.0,0.0,0.0
3.0,4.0,,0.0,0.0,0.0,1.0,0.0,0.0,0.0
