spambase.arff, 1NN
No Parameter Info
90.36929761042722
0.0,0.0,,0.0,1.0
1.0,0.0,,1.0,0.0
0.0,0.0,,1.0,0.0
0.0,0.0,,1.0,0.0
1.0,1.0,,1.0,0.0
1.0,1.0,,0.0,1.0
1.0,1.0,,0.0,1.0
0.0,0.0,,0.0,1.0
0.0,0.0,,1.0,0.0
0.0,0.0,,1.0,0.0
0.0,0.0,,1.0,0.0
0.0,0.0,,1.0,0.0
1.0,1.0,,1.0,0.0
1.0,1.0,,0.0,1.0
1.0,1.0,,0.0,1.0
1.0,1.0,,0.0,1.0
0.0,0.0,,0.0,1.0
0.0,0.0,,1.0,0.0
0.0,0.0,,1.0,0.0
1.0,1.0,,1.0,0.0
1.0,1.0,,0.0,1.0
1.0,1.0,,0.0,1.0
0.0,0.0,,0.0,1.0
1.0,1.0,,1.0,0.0
0.0,0.0,,0.0,1.0
0.0,0.0,,1.0,0.0
1.0,1.0,,1.0,0.0
1.0,1.0,,0.0,1.0
0.0,0.0,,0.0,1.0
1.0,1.0,,1.0,0.0
1.0,1.0,,0.0,1.0
0.0,0.0,,0.0,1.0
0.0,0.0,,1.0,0.0
0.0,0.0,,1.0,0.0
0.0,0.0,,1.0,0.0
1.0,1.0,,1.0,0.0
1.0,1.0,,0.0,1.0
0.0,0.0,,0.0,1.0
0.0,0.0,,1.0,0.0
0.0,0.0,,1.0,0.0
1.0,1.0,,1.0,0.0
0.0,0.0,,0.0,1.0
0.0,0.0,,1.0,0.0
1.0,1.0,,1.0,0.0
1.0,1.0,,0.0,1.0
0.0,0.0,,0.0,1.0
0.0,0.0,,1.0,0.0
0.0,0.0,,1.0,0.0
1.0,1.0,,1.0,0.0
0.0,0.0,,0.0,1.0
1.0,0.0,,1.0,0.0
0.0,0.0,,1.0,0.0
0.0,0.0,,1.0,0.0
0.0,0.0,,1.0,0.0
1.0,1.0,,1.0,0.0
0.0,0.0,,0.0,1.0
0.0,0.0,,1.0,0.0
0.0,0.0,,1.0,0.0
0.0,0.0,,1.0,0.0
0.0,0.0,,1.0,0.0
0.0,0.0,,1.0,0.0
0.0,0.0,,1.0,0.0
1.0,1.0,,1.0,0.0
0.0,0.0,,0.0,1.0
1.0,1.0,,1.0,0.0
0.0,0.0,,0.0,1.0
0.0,0.0,,1.0,0.0
1.0,1.0,,1.0,0.0
0.0,0.0,,0.0,1.0
0.0,0.0,,1.0,0.0
0.0,0.0,,1.0,0.0
0.0,0.0,,1.0,0.0
0.0,0.0,,1.0,0.0
0.0,0.0,,1.0,0.0
1.0,1.0,,1.0,0.0
0.0,0.0,,0.0,1.0
0.0,0.0,,1.0,0.0
1.0,1.0,,1.0,0.0
1.0,1.0,,0.0,1.0
0.0,0.0,,0.0,1.0
1.0,0.0,,1.0,0.0
1.0,1.0,,1.0,0.0
0.0,0.0,,0.0,1.0
1.0,1.0,,1.0,0.0
1.0,0.0,,0.0,1.0
0.0,0.0,,1.0,0.0
0.0,0.0,,1.0,0.0
0.0,0.0,,1.0,0.0
0.0,0.0,,1.0,0.0
1.0,1.0,,1.0,0.0
0.0,0.0,,0.0,1.0
0.0,0.0,,1.0,0.0
0.0,0.0,,1.0,0.0
1.0,1.0,,1.0,0.0
0.0,0.0,,0.0,1.0
0.0,0.0,,1.0,0.0
0.0,0.0,,1.0,0.0
0.0,0.0,,1.0,0.0
0.0,0.0,,1.0,0.0
1.0,1.0,,1.0,0.0
0.0,0.0,,0.0,1.0
1.0,1.0,,1.0,0.0
0.0,0.0,,0.0,1.0
0.0,1.0,,1.0,0.0
1.0,1.0,,0.0,1.0
1.0,1.0,,0.0,1.0
0.0,0.0,,0.0,1.0
1.0,1.0,,1.0,0.0
0.0,0.0,,0.0,1.0
1.0,1.0,,1.0,0.0
0.0,0.0,,0.0,1.0
0.0,0.0,,1.0,0.0
1.0,1.0,,1.0,0.0
0.0,0.0,,0.0,1.0
0.0,0.0,,1.0,0.0
0.0,0.0,,1.0,0.0
1.0,1.0,,1.0,0.0
1.0,1.0,,0.0,1.0
1.0,1.0,,0.0,1.0
0.0,0.0,,0.0,1.0
0.0,0.0,,1.0,0.0
1.0,1.0,,1.0,0.0
0.0,0.0,,0.0,1.0
0.0,0.0,,1.0,0.0
0.0,0.0,,1.0,0.0
1.0,1.0,,1.0,0.0
0.0,0.0,,0.0,1.0
0.0,0.0,,1.0,0.0
0.0,0.0,,1.0,0.0
0.0,0.0,,1.0,0.0
0.0,1.0,,1.0,0.0
1.0,1.0,,0.0,1.0
1.0,1.0,,0.0,1.0
1.0,1.0,,0.0,1.0
0.0,0.0,,0.0,1.0
0.0,0.0,,1.0,0.0
0.0,0.0,,1.0,0.0
1.0,1.0,,1.0,0.0
1.0,1.0,,0.0,1.0
0.0,0.0,,0.0,1.0
0.0,0.0,,1.0,0.0
0.0,0.0,,1.0,0.0
1.0,1.0,,1.0,0.0
0.0,0.0,,0.0,1.0
0.0,0.0,,1.0,0.0
1.0,1.0,,1.0,0.0
1.0,1.0,,0.0,1.0
1.0,1.0,,0.0,1.0
0.0,0.0,,0.0,1.0
0.0,0.0,,1.0,0.0
0.0,1.0,,1.0,0.0
1.0,0.0,,0.0,1.0
1.0,1.0,,1.0,0.0
0.0,0.0,,0.0,1.0
0.0,0.0,,1.0,0.0
1.0,1.0,,1.0,0.0
1.0,0.0,,0.0,1.0
0.0,0.0,,1.0,0.0
0.0,0.0,,1.0,0.0
0.0,0.0,,1.0,0.0
1.0,1.0,,1.0,0.0
1.0,1.0,,0.0,1.0
0.0,0.0,,0.0,1.0
0.0,0.0,,1.0,0.0
0.0,0.0,,1.0,0.0
0.0,0.0,,1.0,0.0
1.0,1.0,,1.0,0.0
0.0,0.0,,0.0,1.0
0.0,0.0,,1.0,0.0
1.0,0.0,,1.0,0.0
0.0,0.0,,1.0,0.0
0.0,0.0,,1.0,0.0
1.0,0.0,,1.0,0.0
1.0,1.0,,1.0,0.0
1.0,1.0,,0.0,1.0
0.0,0.0,,0.0,1.0
1.0,1.0,,1.0,0.0
0.0,0.0,,0.0,1.0
1.0,1.0,,1.0,0.0
1.0,1.0,,0.0,1.0
0.0,0.0,,0.0,1.0
0.0,0.0,,1.0,0.0
0.0,0.0,,1.0,0.0
1.0,1.0,,1.0,0.0
0.0,0.0,,0.0,1.0
0.0,0.0,,1.0,0.0
1.0,1.0,,1.0,0.0
0.0,1.0,,0.0,1.0
1.0,1.0,,0.0,1.0
1.0,0.0,,0.0,1.0
1.0,1.0,,1.0,0.0
0.0,0.0,,0.0,1.0
1.0,1.0,,1.0,0.0
0.0,0.0,,0.0,1.0
1.0,1.0,,1.0,0.0
1.0,0.0,,0.0,1.0
1.0,1.0,,1.0,0.0
0.0,0.0,,0.0,1.0
0.0,0.0,,1.0,0.0
0.0,0.0,,1.0,0.0
1.0,1.0,,1.0,0.0
0.0,0.0,,0.0,1.0
0.0,1.0,,1.0,0.0
0.0,0.0,,0.0,1.0
0.0,0.0,,1.0,0.0
0.0,0.0,,1.0,0.0
1.0,1.0,,1.0,0.0
0.0,0.0,,0.0,1.0
1.0,1.0,,1.0,0.0
0.0,0.0,,0.0,1.0
0.0,0.0,,1.0,0.0
1.0,1.0,,1.0,0.0
0.0,0.0,,0.0,1.0
0.0,0.0,,1.0,0.0
1.0,1.0,,1.0,0.0
0.0,0.0,,0.0,1.0
0.0,0.0,,1.0,0.0
1.0,1.0,,1.0,0.0
1.0,1.0,,0.0,1.0
1.0,1.0,,0.0,1.0
1.0,1.0,,0.0,1.0
1.0,1.0,,0.0,1.0
0.0,0.0,,0.0,1.0
0.0,0.0,,1.0,0.0
0.0,0.0,,1.0,0.0
1.0,1.0,,1.0,0.0
0.0,0.0,,0.0,1.0
0.0,0.0,,1.0,0.0
0.0,0.0,,1.0,0.0
1.0,0.0,,1.0,0.0
1.0,0.0,,1.0,0.0
1.0,0.0,,1.0,0.0
1.0,1.0,,1.0,0.0
0.0,0.0,,0.0,1.0
0.0,1.0,,1.0,0.0
0.0,0.0,,0.0,1.0
0.0,0.0,,1.0,0.0
1.0,1.0,,1.0,0.0
0.0,0.0,,0.0,1.0
0.0,0.0,,1.0,0.0
1.0,1.0,,1.0,0.0
1.0,1.0,,0.0,1.0
0.0,0.0,,0.0,1.0
0.0,1.0,,1.0,0.0
0.0,0.0,,0.0,1.0
0.0,0.0,,1.0,0.0
0.0,0.0,,1.0,0.0
0.0,0.0,,1.0,0.0
0.0,1.0,,1.0,0.0
1.0,1.0,,0.0,1.0
0.0,0.0,,0.0,1.0
1.0,0.0,,1.0,0.0
0.0,0.0,,1.0,0.0
1.0,1.0,,1.0,0.0
0.0,0.0,,0.0,1.0
0.0,0.0,,1.0,0.0
1.0,1.0,,1.0,0.0
0.0,0.0,,0.0,1.0
0.0,0.0,,1.0,0.0
0.0,0.0,,1.0,0.0
0.0,0.0,,1.0,0.0
0.0,0.0,,1.0,0.0
0.0,0.0,,1.0,0.0
1.0,1.0,,1.0,0.0
0.0,1.0,,0.0,1.0
0.0,0.0,,0.0,1.0
1.0,1.0,,1.0,0.0
0.0,1.0,,0.0,1.0
0.0,0.0,,0.0,1.0
1.0,1.0,,1.0,0.0
0.0,0.0,,0.0,1.0
1.0,1.0,,1.0,0.0
0.0,0.0,,0.0,1.0
0.0,0.0,,1.0,0.0
0.0,0.0,,1.0,0.0
1.0,1.0,,1.0,0.0
1.0,1.0,,0.0,1.0
1.0,1.0,,0.0,1.0
0.0,0.0,,0.0,1.0
1.0,1.0,,1.0,0.0
0.0,0.0,,0.0,1.0
0.0,0.0,,1.0,0.0
0.0,0.0,,1.0,0.0
1.0,1.0,,1.0,0.0
1.0,1.0,,0.0,1.0
1.0,1.0,,0.0,1.0
1.0,1.0,,0.0,1.0
0.0,0.0,,0.0,1.0
0.0,0.0,,1.0,0.0
0.0,0.0,,1.0,0.0
1.0,1.0,,1.0,0.0
1.0,0.0,,0.0,1.0
0.0,0.0,,1.0,0.0
0.0,0.0,,1.0,0.0
0.0,0.0,,1.0,0.0
1.0,0.0,,1.0,0.0
0.0,0.0,,1.0,0.0
1.0,0.0,,1.0,0.0
0.0,0.0,,1.0,0.0
0.0,0.0,,1.0,0.0
0.0,1.0,,1.0,0.0
1.0,1.0,,0.0,1.0
0.0,0.0,,0.0,1.0
1.0,1.0,,1.0,0.0
1.0,1.0,,0.0,1.0
0.0,0.0,,0.0,1.0
1.0,1.0,,1.0,0.0
0.0,0.0,,0.0,1.0
0.0,0.0,,1.0,0.0
0.0,0.0,,1.0,0.0
1.0,1.0,,1.0,0.0
1.0,1.0,,0.0,1.0
0.0,0.0,,0.0,1.0
0.0,0.0,,1.0,0.0
1.0,1.0,,1.0,0.0
1.0,0.0,,0.0,1.0
0.0,0.0,,1.0,0.0
1.0,1.0,,1.0,0.0
0.0,0.0,,0.0,1.0
1.0,1.0,,1.0,0.0
0.0,0.0,,0.0,1.0
0.0,0.0,,1.0,0.0
0.0,0.0,,1.0,0.0
1.0,1.0,,1.0,0.0
1.0,1.0,,0.0,1.0
0.0,0.0,,0.0,1.0
1.0,1.0,,1.0,0.0
0.0,0.0,,0.0,1.0
0.0,0.0,,1.0,0.0
1.0,1.0,,1.0,0.0
0.0,0.0,,0.0,1.0
0.0,0.0,,1.0,0.0
1.0,0.0,,1.0,0.0
1.0,1.0,,1.0,0.0
0.0,0.0,,0.0,1.0
1.0,1.0,,1.0,0.0
1.0,1.0,,0.0,1.0
0.0,0.0,,0.0,1.0
0.0,0.0,,1.0,0.0
1.0,1.0,,1.0,0.0
0.0,0.0,,0.0,1.0
0.0,0.0,,1.0,0.0
0.0,0.0,,1.0,0.0
1.0,0.0,,1.0,0.0
0.0,0.0,,1.0,0.0
0.0,0.0,,1.0,0.0
0.0,0.0,,1.0,0.0
1.0,1.0,,1.0,0.0
0.0,0.0,,0.0,1.0
1.0,1.0,,1.0,0.0
1.0,1.0,,0.0,1.0
1.0,1.0,,0.0,1.0
1.0,1.0,,0.0,1.0
0.0,0.0,,0.0,1.0
0.0,0.0,,1.0,0.0
1.0,1.0,,1.0,0.0
1.0,1.0,,0.0,1.0
1.0,1.0,,0.0,1.0
1.0,1.0,,0.0,1.0
1.0,1.0,,0.0,1.0
0.0,0.0,,0.0,1.0
0.0,0.0,,1.0,0.0
1.0,1.0,,1.0,0.0
1.0,0.0,,0.0,1.0
0.0,0.0,,1.0,0.0
1.0,1.0,,1.0,0.0
0.0,0.0,,0.0,1.0
0.0,0.0,,1.0,0.0
1.0,0.0,,1.0,0.0
0.0,0.0,,1.0,0.0
0.0,0.0,,1.0,0.0
0.0,1.0,,1.0,0.0
0.0,0.0,,0.0,1.0
0.0,0.0,,1.0,0.0
0.0,0.0,,1.0,0.0
0.0,0.0,,1.0,0.0
1.0,1.0,,1.0,0.0
1.0,0.0,,0.0,1.0
1.0,1.0,,1.0,0.0
1.0,1.0,,0.0,1.0
0.0,0.0,,0.0,1.0
0.0,0.0,,1.0,0.0
1.0,1.0,,1.0,0.0
0.0,0.0,,0.0,1.0
0.0,0.0,,1.0,0.0
1.0,1.0,,1.0,0.0
0.0,0.0,,0.0,1.0
0.0,0.0,,1.0,0.0
1.0,1.0,,1.0,0.0
1.0,1.0,,0.0,1.0
0.0,0.0,,0.0,1.0
0.0,0.0,,1.0,0.0
0.0,0.0,,1.0,0.0
0.0,0.0,,1.0,0.0
1.0,1.0,,1.0,0.0
0.0,0.0,,0.0,1.0
0.0,0.0,,1.0,0.0
0.0,0.0,,1.0,0.0
1.0,1.0,,1.0,0.0
0.0,0.0,,0.0,1.0
1.0,1.0,,1.0,0.0
1.0,1.0,,0.0,1.0
0.0,0.0,,0.0,1.0
0.0,0.0,,1.0,0.0
1.0,1.0,,1.0,0.0
0.0,0.0,,0.0,1.0
0.0,0.0,,1.0,0.0
1.0,0.0,,1.0,0.0
0.0,0.0,,1.0,0.0
0.0,0.0,,1.0,0.0
0.0,0.0,,1.0,0.0
0.0,0.0,,1.0,0.0
0.0,0.0,,1.0,0.0
0.0,0.0,,1.0,0.0
1.0,1.0,,1.0,0.0
0.0,0.0,,0.0,1.0
0.0,0.0,,1.0,0.0
1.0,1.0,,1.0,0.0
1.0,1.0,,0.0,1.0
1.0,1.0,,0.0,1.0
0.0,0.0,,0.0,1.0
0.0,0.0,,1.0,0.0
0.0,0.0,,1.0,0.0
0.0,0.0,,1.0,0.0
1.0,1.0,,1.0,0.0
0.0,1.0,,0.0,1.0
0.0,0.0,,0.0,1.0
1.0,1.0,,1.0,0.0
0.0,0.0,,0.0,1.0
0.0,0.0,,1.0,0.0
1.0,1.0,,1.0,0.0
1.0,1.0,,0.0,1.0
0.0,0.0,,0.0,1.0
0.0,0.0,,1.0,0.0
1.0,1.0,,1.0,0.0
0.0,0.0,,0.0,1.0
0.0,0.0,,1.0,0.0
0.0,1.0,,1.0,0.0
0.0,0.0,,0.0,1.0
0.0,0.0,,1.0,0.0
1.0,1.0,,1.0,0.0
1.0,1.0,,0.0,1.0
0.0,0.0,,0.0,1.0
0.0,0.0,,1.0,0.0
1.0,1.0,,1.0,0.0
1.0,0.0,,0.0,1.0
1.0,1.0,,1.0,0.0
0.0,0.0,,0.0,1.0
1.0,1.0,,1.0,0.0
0.0,0.0,,0.0,1.0
1.0,1.0,,1.0,0.0
1.0,0.0,,0.0,1.0
0.0,0.0,,1.0,0.0
1.0,1.0,,1.0,0.0
0.0,0.0,,0.0,1.0
0.0,0.0,,1.0,0.0
0.0,0.0,,1.0,0.0
0.0,0.0,,1.0,0.0
0.0,0.0,,1.0,0.0
0.0,0.0,,1.0,0.0
1.0,1.0,,1.0,0.0
1.0,1.0,,0.0,1.0
0.0,0.0,,0.0,1.0
0.0,1.0,,1.0,0.0
1.0,1.0,,0.0,1.0
1.0,1.0,,0.0,1.0
0.0,0.0,,0.0,1.0
0.0,0.0,,1.0,0.0
1.0,1.0,,1.0,0.0
0.0,1.0,,0.0,1.0
1.0,1.0,,0.0,1.0
1.0,1.0,,0.0,1.0
0.0,0.0,,0.0,1.0
0.0,0.0,,1.0,0.0
0.0,0.0,,1.0,0.0
0.0,1.0,,1.0,0.0
0.0,0.0,,0.0,1.0
1.0,1.0,,1.0,0.0
0.0,0.0,,0.0,1.0
0.0,0.0,,1.0,0.0
0.0,0.0,,1.0,0.0
0.0,0.0,,1.0,0.0
0.0,0.0,,1.0,0.0
0.0,0.0,,1.0,0.0
0.0,0.0,,1.0,0.0
1.0,1.0,,1.0,0.0
0.0,0.0,,0.0,1.0
0.0,0.0,,1.0,0.0
0.0,1.0,,1.0,0.0
0.0,0.0,,0.0,1.0
0.0,1.0,,1.0,0.0
1.0,1.0,,0.0,1.0
1.0,1.0,,0.0,1.0
1.0,1.0,,0.0,1.0
0.0,0.0,,0.0,1.0
0.0,0.0,,1.0,0.0
1.0,1.0,,1.0,0.0
1.0,1.0,,0.0,1.0
0.0,0.0,,0.0,1.0
1.0,1.0,,1.0,0.0
1.0,1.0,,0.0,1.0
1.0,1.0,,0.0,1.0
1.0,1.0,,0.0,1.0
0.0,0.0,,0.0,1.0
1.0,1.0,,1.0,0.0
0.0,0.0,,0.0,1.0
0.0,0.0,,1.0,0.0
0.0,0.0,,1.0,0.0
0.0,0.0,,1.0,0.0
0.0,0.0,,1.0,0.0
1.0,1.0,,1.0,0.0
0.0,0.0,,0.0,1.0
0.0,0.0,,1.0,0.0
0.0,0.0,,1.0,0.0
0.0,0.0,,1.0,0.0
0.0,0.0,,1.0,0.0
0.0,0.0,,1.0,0.0
0.0,0.0,,1.0,0.0
1.0,1.0,,1.0,0.0
1.0,1.0,,0.0,1.0
0.0,0.0,,0.0,1.0
0.0,0.0,,1.0,0.0
0.0,0.0,,1.0,0.0
0.0,0.0,,1.0,0.0
0.0,0.0,,1.0,0.0
1.0,1.0,,1.0,0.0
0.0,0.0,,0.0,1.0
1.0,1.0,,1.0,0.0
0.0,0.0,,0.0,1.0
0.0,0.0,,1.0,0.0
1.0,1.0,,1.0,0.0
1.0,1.0,,0.0,1.0
1.0,1.0,,0.0,1.0
0.0,0.0,,0.0,1.0
1.0,1.0,,1.0,0.0
1.0,1.0,,0.0,1.0
1.0,1.0,,0.0,1.0
0.0,0.0,,0.0,1.0
0.0,0.0,,1.0,0.0
1.0,1.0,,1.0,0.0
1.0,1.0,,0.0,1.0
0.0,0.0,,0.0,1.0
0.0,0.0,,1.0,0.0
0.0,0.0,,1.0,0.0
1.0,1.0,,1.0,0.0
1.0,0.0,,0.0,1.0
1.0,1.0,,1.0,0.0
0.0,0.0,,0.0,1.0
0.0,0.0,,1.0,0.0
0.0,0.0,,1.0,0.0
0.0,1.0,,1.0,0.0
0.0,0.0,,0.0,1.0
0.0,0.0,,1.0,0.0
0.0,0.0,,1.0,0.0
0.0,0.0,,1.0,0.0
0.0,0.0,,1.0,0.0
1.0,0.0,,1.0,0.0
1.0,1.0,,1.0,0.0
0.0,0.0,,0.0,1.0
1.0,1.0,,1.0,0.0
1.0,1.0,,0.0,1.0
1.0,1.0,,0.0,1.0
0.0,0.0,,0.0,1.0
0.0,0.0,,1.0,0.0
0.0,0.0,,1.0,0.0
0.0,1.0,,1.0,0.0
1.0,1.0,,0.0,1.0
0.0,0.0,,0.0,1.0
1.0,1.0,,1.0,0.0
1.0,1.0,,0.0,1.0
1.0,1.0,,0.0,1.0
1.0,1.0,,0.0,1.0
0.0,0.0,,0.0,1.0
0.0,0.0,,1.0,0.0
1.0,1.0,,1.0,0.0
1.0,1.0,,0.0,1.0
1.0,1.0,,0.0,1.0
0.0,0.0,,0.0,1.0
1.0,1.0,,1.0,0.0
0.0,0.0,,0.0,1.0
0.0,0.0,,1.0,0.0
0.0,0.0,,1.0,0.0
1.0,0.0,,1.0,0.0
1.0,1.0,,1.0,0.0
0.0,0.0,,0.0,1.0
1.0,1.0,,1.0,0.0
1.0,1.0,,0.0,1.0
1.0,1.0,,0.0,1.0
1.0,1.0,,0.0,1.0
0.0,0.0,,0.0,1.0
1.0,0.0,,1.0,0.0
1.0,1.0,,1.0,0.0
1.0,1.0,,0.0,1.0
1.0,1.0,,0.0,1.0
1.0,1.0,,0.0,1.0
0.0,0.0,,0.0,1.0
0.0,0.0,,1.0,0.0
0.0,0.0,,1.0,0.0
0.0,0.0,,1.0,0.0
1.0,1.0,,1.0,0.0
1.0,1.0,,0.0,1.0
1.0,1.0,,0.0,1.0
0.0,0.0,,0.0,1.0
1.0,1.0,,1.0,0.0
0.0,1.0,,0.0,1.0
1.0,1.0,,0.0,1.0
1.0,1.0,,0.0,1.0
1.0,1.0,,0.0,1.0
1.0,1.0,,0.0,1.0
0.0,0.0,,0.0,1.0
1.0,1.0,,1.0,0.0
0.0,0.0,,0.0,1.0
1.0,1.0,,1.0,0.0
1.0,1.0,,0.0,1.0
1.0,1.0,,0.0,1.0
1.0,1.0,,0.0,1.0
0.0,0.0,,0.0,1.0
1.0,1.0,,1.0,0.0
1.0,1.0,,0.0,1.0
0.0,0.0,,0.0,1.0
0.0,0.0,,1.0,0.0
1.0,1.0,,1.0,0.0
1.0,1.0,,0.0,1.0
1.0,0.0,,0.0,1.0
1.0,1.0,,1.0,0.0
1.0,1.0,,0.0,1.0
0.0,0.0,,0.0,1.0
0.0,0.0,,1.0,0.0
1.0,1.0,,1.0,0.0
1.0,0.0,,0.0,1.0
0.0,0.0,,1.0,0.0
0.0,1.0,,1.0,0.0
0.0,1.0,,0.0,1.0
0.0,1.0,,0.0,1.0
0.0,0.0,,0.0,1.0
1.0,1.0,,1.0,0.0
1.0,1.0,,0.0,1.0
0.0,0.0,,0.0,1.0
1.0,1.0,,1.0,0.0
0.0,0.0,,0.0,1.0
1.0,1.0,,1.0,0.0
0.0,0.0,,0.0,1.0
0.0,1.0,,1.0,0.0
1.0,1.0,,0.0,1.0
0.0,0.0,,0.0,1.0
1.0,1.0,,1.0,0.0
0.0,0.0,,0.0,1.0
0.0,0.0,,1.0,0.0
0.0,0.0,,1.0,0.0
0.0,0.0,,1.0,0.0
1.0,1.0,,1.0,0.0
1.0,1.0,,0.0,1.0
0.0,0.0,,0.0,1.0
0.0,0.0,,1.0,0.0
0.0,0.0,,1.0,0.0
1.0,1.0,,1.0,0.0
1.0,1.0,,0.0,1.0
0.0,0.0,,0.0,1.0
0.0,0.0,,1.0,0.0
0.0,0.0,,1.0,0.0
0.0,0.0,,1.0,0.0
0.0,0.0,,1.0,0.0
0.0,0.0,,1.0,0.0
1.0,1.0,,1.0,0.0
1.0,0.0,,0.0,1.0
0.0,0.0,,1.0,0.0
0.0,1.0,,1.0,0.0
0.0,0.0,,0.0,1.0
0.0,0.0,,1.0,0.0
0.0,0.0,,1.0,0.0
0.0,0.0,,1.0,0.0
0.0,0.0,,1.0,0.0
1.0,1.0,,1.0,0.0
1.0,1.0,,0.0,1.0
0.0,0.0,,0.0,1.0
0.0,0.0,,1.0,0.0
0.0,0.0,,1.0,0.0
1.0,1.0,,1.0,0.0
1.0,1.0,,0.0,1.0
0.0,0.0,,0.0,1.0
0.0,0.0,,1.0,0.0
1.0,1.0,,1.0,0.0
0.0,0.0,,0.0,1.0
0.0,0.0,,1.0,0.0
0.0,0.0,,1.0,0.0
1.0,1.0,,1.0,0.0
1.0,1.0,,0.0,1.0
1.0,1.0,,0.0,1.0
1.0,1.0,,0.0,1.0
0.0,0.0,,0.0,1.0
0.0,0.0,,1.0,0.0
1.0,0.0,,1.0,0.0
1.0,1.0,,1.0,0.0
1.0,1.0,,0.0,1.0
0.0,0.0,,0.0,1.0
0.0,0.0,,1.0,0.0
0.0,0.0,,1.0,0.0
0.0,0.0,,1.0,0.0
0.0,0.0,,1.0,0.0
0.0,0.0,,1.0,0.0
1.0,1.0,,1.0,0.0
1.0,1.0,,0.0,1.0
1.0,1.0,,0.0,1.0
0.0,0.0,,0.0,1.0
1.0,1.0,,1.0,0.0
0.0,0.0,,0.0,1.0
1.0,1.0,,1.0,0.0
0.0,0.0,,0.0,1.0
0.0,0.0,,1.0,0.0
0.0,1.0,,1.0,0.0
1.0,1.0,,0.0,1.0
0.0,0.0,,0.0,1.0
0.0,0.0,,1.0,0.0
1.0,1.0,,1.0,0.0
1.0,1.0,,0.0,1.0
1.0,1.0,,0.0,1.0
0.0,0.0,,0.0,1.0
1.0,1.0,,1.0,0.0
1.0,1.0,,0.0,1.0
1.0,0.0,,0.0,1.0
1.0,1.0,,1.0,0.0
0.0,0.0,,0.0,1.0
1.0,1.0,,1.0,0.0
1.0,1.0,,0.0,1.0
1.0,1.0,,0.0,1.0
0.0,0.0,,0.0,1.0
0.0,0.0,,1.0,0.0
0.0,0.0,,1.0,0.0
1.0,1.0,,1.0,0.0
0.0,0.0,,0.0,1.0
1.0,1.0,,1.0,0.0
1.0,1.0,,0.0,1.0
0.0,0.0,,0.0,1.0
0.0,0.0,,1.0,0.0
0.0,1.0,,1.0,0.0
1.0,1.0,,0.0,1.0
0.0,0.0,,0.0,1.0
0.0,0.0,,1.0,0.0
0.0,0.0,,1.0,0.0
0.0,0.0,,1.0,0.0
0.0,0.0,,1.0,0.0
0.0,0.0,,1.0,0.0
0.0,1.0,,1.0,0.0
0.0,0.0,,0.0,1.0
0.0,0.0,,1.0,0.0
0.0,0.0,,1.0,0.0
0.0,0.0,,1.0,0.0
1.0,1.0,,1.0,0.0
0.0,0.0,,0.0,1.0
1.0,1.0,,1.0,0.0
0.0,0.0,,0.0,1.0
0.0,1.0,,1.0,0.0
0.0,1.0,,0.0,1.0
0.0,0.0,,0.0,1.0
0.0,0.0,,1.0,0.0
0.0,1.0,,1.0,0.0
0.0,0.0,,0.0,1.0
1.0,1.0,,1.0,0.0
0.0,0.0,,0.0,1.0
0.0,0.0,,1.0,0.0
0.0,0.0,,1.0,0.0
0.0,0.0,,1.0,0.0
0.0,0.0,,1.0,0.0
1.0,1.0,,1.0,0.0
0.0,0.0,,0.0,1.0
0.0,1.0,,1.0,0.0
1.0,1.0,,0.0,1.0
1.0,1.0,,0.0,1.0
0.0,0.0,,0.0,1.0
0.0,0.0,,1.0,0.0
1.0,1.0,,1.0,0.0
0.0,0.0,,0.0,1.0
1.0,1.0,,1.0,0.0
1.0,1.0,,0.0,1.0
1.0,1.0,,0.0,1.0
0.0,0.0,,0.0,1.0
0.0,0.0,,1.0,0.0
0.0,0.0,,1.0,0.0
0.0,0.0,,1.0,0.0
0.0,1.0,,1.0,0.0
0.0,0.0,,0.0,1.0
0.0,0.0,,1.0,0.0
0.0,0.0,,1.0,0.0
0.0,0.0,,1.0,0.0
1.0,1.0,,1.0,0.0
0.0,0.0,,0.0,1.0
0.0,0.0,,1.0,0.0
0.0,0.0,,1.0,0.0
0.0,0.0,,1.0,0.0
0.0,1.0,,1.0,0.0
1.0,1.0,,0.0,1.0
0.0,0.0,,0.0,1.0
0.0,0.0,,1.0,0.0
0.0,0.0,,1.0,0.0
0.0,0.0,,1.0,0.0
1.0,1.0,,1.0,0.0
0.0,1.0,,0.0,1.0
0.0,0.0,,0.0,1.0
0.0,0.0,,1.0,0.0
0.0,0.0,,1.0,0.0
1.0,1.0,,1.0,0.0
1.0,1.0,,0.0,1.0
0.0,0.0,,0.0,1.0
1.0,1.0,,1.0,0.0
0.0,0.0,,0.0,1.0
1.0,1.0,,1.0,0.0
0.0,1.0,,0.0,1.0
0.0,0.0,,0.0,1.0
0.0,0.0,,1.0,0.0
1.0,1.0,,1.0,0.0
0.0,0.0,,0.0,1.0
1.0,1.0,,1.0,0.0
1.0,1.0,,0.0,1.0
0.0,0.0,,0.0,1.0
1.0,1.0,,1.0,0.0
1.0,0.0,,0.0,1.0
0.0,0.0,,1.0,0.0
0.0,0.0,,1.0,0.0
1.0,1.0,,1.0,0.0
0.0,0.0,,0.0,1.0
1.0,1.0,,1.0,0.0
1.0,1.0,,0.0,1.0
1.0,1.0,,0.0,1.0
1.0,1.0,,0.0,1.0
0.0,0.0,,0.0,1.0
1.0,1.0,,1.0,0.0
1.0,1.0,,0.0,1.0
0.0,1.0,,0.0,1.0
1.0,0.0,,0.0,1.0
1.0,1.0,,1.0,0.0
0.0,0.0,,0.0,1.0
0.0,0.0,,1.0,0.0
0.0,0.0,,1.0,0.0
1.0,1.0,,1.0,0.0
0.0,0.0,,0.0,1.0
0.0,0.0,,1.0,0.0
0.0,0.0,,1.0,0.0
0.0,0.0,,1.0,0.0
0.0,0.0,,1.0,0.0
0.0,0.0,,1.0,0.0
0.0,0.0,,1.0,0.0
0.0,0.0,,1.0,0.0
0.0,0.0,,1.0,0.0
1.0,1.0,,1.0,0.0
0.0,0.0,,0.0,1.0
0.0,0.0,,1.0,0.0
0.0,0.0,,1.0,0.0
1.0,1.0,,1.0,0.0
1.0,1.0,,0.0,1.0
0.0,0.0,,0.0,1.0
1.0,0.0,,1.0,0.0
0.0,0.0,,1.0,0.0
0.0,1.0,,1.0,0.0
1.0,1.0,,0.0,1.0
0.0,0.0,,0.0,1.0
1.0,1.0,,1.0,0.0
0.0,0.0,,0.0,1.0
0.0,0.0,,1.0,0.0
1.0,1.0,,1.0,0.0
1.0,0.0,,0.0,1.0
1.0,1.0,,1.0,0.0
1.0,1.0,,0.0,1.0
0.0,0.0,,0.0,1.0
0.0,0.0,,1.0,0.0
0.0,0.0,,1.0,0.0
1.0,1.0,,1.0,0.0
1.0,1.0,,0.0,1.0
0.0,0.0,,0.0,1.0
0.0,0.0,,1.0,0.0
0.0,0.0,,1.0,0.0
0.0,0.0,,1.0,0.0
0.0,0.0,,1.0,0.0
0.0,0.0,,1.0,0.0
1.0,1.0,,1.0,0.0
0.0,0.0,,0.0,1.0
0.0,0.0,,1.0,0.0
0.0,0.0,,1.0,0.0
0.0,0.0,,1.0,0.0
0.0,0.0,,1.0,0.0
0.0,0.0,,1.0,0.0
0.0,0.0,,1.0,0.0
0.0,0.0,,1.0,0.0
1.0,0.0,,1.0,0.0
0.0,0.0,,1.0,0.0
0.0,0.0,,1.0,0.0
0.0,0.0,,1.0,0.0
1.0,1.0,,1.0,0.0
0.0,0.0,,0.0,1.0
0.0,0.0,,1.0,0.0
0.0,0.0,,1.0,0.0
1.0,1.0,,1.0,0.0
0.0,0.0,,0.0,1.0
0.0,1.0,,1.0,0.0
0.0,0.0,,0.0,1.0
0.0,0.0,,1.0,0.0
0.0,0.0,,1.0,0.0
1.0,1.0,,1.0,0.0
0.0,0.0,,0.0,1.0
0.0,0.0,,1.0,0.0
1.0,1.0,,1.0,0.0
0.0,0.0,,0.0,1.0
1.0,1.0,,1.0,0.0
0.0,0.0,,0.0,1.0
0.0,0.0,,1.0,0.0
0.0,0.0,,1.0,0.0
0.0,0.0,,1.0,0.0
0.0,1.0,,1.0,0.0
0.0,0.0,,0.0,1.0
1.0,0.0,,1.0,0.0
0.0,0.0,,1.0,0.0
1.0,1.0,,1.0,0.0
1.0,0.0,,0.0,1.0
0.0,0.0,,1.0,0.0
0.0,0.0,,1.0,0.0
0.0,0.0,,1.0,0.0
1.0,1.0,,1.0,0.0
0.0,0.0,,0.0,1.0
0.0,0.0,,1.0,0.0
1.0,1.0,,1.0,0.0
1.0,1.0,,0.0,1.0
0.0,0.0,,0.0,1.0
0.0,0.0,,1.0,0.0
1.0,1.0,,1.0,0.0
1.0,0.0,,0.0,1.0
0.0,0.0,,1.0,0.0
1.0,1.0,,1.0,0.0
1.0,1.0,,0.0,1.0
0.0,0.0,,0.0,1.0
0.0,0.0,,1.0,0.0
1.0,1.0,,1.0,0.0
1.0,1.0,,0.0,1.0
1.0,1.0,,0.0,1.0
0.0,0.0,,0.0,1.0
0.0,1.0,,1.0,0.0
1.0,1.0,,0.0,1.0
1.0,1.0,,0.0,1.0
0.0,0.0,,0.0,1.0
0.0,0.0,,1.0,0.0
0.0,0.0,,1.0,0.0
0.0,0.0,,1.0,0.0
1.0,1.0,,1.0,0.0
1.0,1.0,,0.0,1.0
0.0,0.0,,0.0,1.0
0.0,0.0,,1.0,0.0
1.0,0.0,,1.0,0.0
0.0,0.0,,1.0,0.0
0.0,0.0,,1.0,0.0
0.0,0.0,,1.0,0.0
1.0,1.0,,1.0,0.0
1.0,1.0,,0.0,1.0
0.0,0.0,,0.0,1.0
1.0,1.0,,1.0,0.0
0.0,0.0,,0.0,1.0
1.0,1.0,,1.0,0.0
0.0,0.0,,0.0,1.0
1.0,1.0,,1.0,0.0
1.0,1.0,,0.0,1.0
1.0,0.0,,0.0,1.0
0.0,0.0,,1.0,0.0
0.0,0.0,,1.0,0.0
0.0,0.0,,1.0,0.0
1.0,1.0,,1.0,0.0
0.0,0.0,,0.0,1.0
0.0,0.0,,1.0,0.0
0.0,0.0,,1.0,0.0
0.0,0.0,,1.0,0.0
1.0,1.0,,1.0,0.0
0.0,1.0,,0.0,1.0
0.0,0.0,,0.0,1.0
0.0,0.0,,1.0,0.0
0.0,0.0,,1.0,0.0
1.0,1.0,,1.0,0.0
0.0,0.0,,0.0,1.0
0.0,0.0,,1.0,0.0
1.0,1.0,,1.0,0.0
0.0,1.0,,0.0,1.0
1.0,1.0,,0.0,1.0
0.0,0.0,,0.0,1.0
0.0,0.0,,1.0,0.0
0.0,0.0,,1.0,0.0
1.0,1.0,,1.0,0.0
0.0,0.0,,0.0,1.0
1.0,1.0,,1.0,0.0
0.0,0.0,,0.0,1.0
0.0,0.0,,1.0,0.0
0.0,0.0,,1.0,0.0
0.0,0.0,,1.0,0.0
0.0,0.0,,1.0,0.0
0.0,0.0,,1.0,0.0
0.0,0.0,,1.0,0.0
0.0,0.0,,1.0,0.0
1.0,1.0,,1.0,0.0
0.0,0.0,,0.0,1.0
0.0,1.0,,1.0,0.0
1.0,0.0,,0.0,1.0
1.0,1.0,,1.0,0.0
1.0,1.0,,0.0,1.0
1.0,0.0,,0.0,1.0
1.0,0.0,,1.0,0.0
0.0,0.0,,1.0,0.0
1.0,1.0,,1.0,0.0
1.0,1.0,,0.0,1.0
0.0,0.0,,0.0,1.0
0.0,0.0,,1.0,0.0
0.0,0.0,,1.0,0.0
0.0,1.0,,1.0,0.0
0.0,0.0,,0.0,1.0
0.0,0.0,,1.0,0.0
1.0,1.0,,1.0,0.0
0.0,0.0,,0.0,1.0
0.0,0.0,,1.0,0.0
0.0,0.0,,1.0,0.0
0.0,0.0,,1.0,0.0
0.0,0.0,,1.0,0.0
1.0,0.0,,1.0,0.0
0.0,0.0,,1.0,0.0
1.0,0.0,,1.0,0.0
1.0,1.0,,1.0,0.0
1.0,1.0,,0.0,1.0
0.0,1.0,,0.0,1.0
0.0,0.0,,0.0,1.0
1.0,1.0,,1.0,0.0
0.0,0.0,,0.0,1.0
0.0,0.0,,1.0,0.0
0.0,1.0,,1.0,0.0
0.0,0.0,,0.0,1.0
0.0,0.0,,1.0,0.0
1.0,1.0,,1.0,0.0
1.0,1.0,,0.0,1.0
1.0,1.0,,0.0,1.0
0.0,1.0,,0.0,1.0
1.0,1.0,,0.0,1.0
0.0,1.0,,0.0,1.0
0.0,0.0,,0.0,1.0
0.0,0.0,,1.0,0.0
0.0,0.0,,1.0,0.0
0.0,0.0,,1.0,0.0
0.0,0.0,,1.0,0.0
1.0,1.0,,1.0,0.0
1.0,1.0,,0.0,1.0
0.0,0.0,,0.0,1.0
0.0,0.0,,1.0,0.0
1.0,1.0,,1.0,0.0
0.0,0.0,,0.0,1.0
1.0,1.0,,1.0,0.0
0.0,0.0,,0.0,1.0
0.0,0.0,,1.0,0.0
0.0,0.0,,1.0,0.0
0.0,0.0,,1.0,0.0
0.0,0.0,,1.0,0.0
1.0,1.0,,1.0,0.0
0.0,0.0,,0.0,1.0
0.0,0.0,,1.0,0.0
0.0,0.0,,1.0,0.0
0.0,0.0,,1.0,0.0
0.0,0.0,,1.0,0.0
0.0,0.0,,1.0,0.0
1.0,1.0,,1.0,0.0
0.0,0.0,,0.0,1.0
0.0,1.0,,1.0,0.0
1.0,0.0,,0.0,1.0
1.0,1.0,,1.0,0.0
1.0,1.0,,0.0,1.0
1.0,1.0,,0.0,1.0
1.0,1.0,,0.0,1.0
0.0,1.0,,0.0,1.0
0.0,0.0,,0.0,1.0
0.0,1.0,,1.0,0.0
0.0,0.0,,0.0,1.0
1.0,0.0,,1.0,0.0
0.0,0.0,,1.0,0.0
0.0,0.0,,1.0,0.0
0.0,0.0,,1.0,0.0
0.0,0.0,,1.0,0.0
0.0,0.0,,1.0,0.0
1.0,1.0,,1.0,0.0
0.0,0.0,,0.0,1.0
0.0,0.0,,1.0,0.0
1.0,1.0,,1.0,0.0
0.0,0.0,,0.0,1.0
1.0,1.0,,1.0,0.0
0.0,0.0,,0.0,1.0
0.0,1.0,,1.0,0.0
0.0,0.0,,0.0,1.0
0.0,0.0,,1.0,0.0
1.0,1.0,,1.0,0.0
0.0,0.0,,0.0,1.0
1.0,1.0,,1.0,0.0
0.0,0.0,,0.0,1.0
0.0,0.0,,1.0,0.0
1.0,1.0,,1.0,0.0
0.0,0.0,,0.0,1.0
1.0,1.0,,1.0,0.0
1.0,1.0,,0.0,1.0
1.0,1.0,,0.0,1.0
0.0,0.0,,0.0,1.0
1.0,1.0,,1.0,0.0
0.0,0.0,,0.0,1.0
1.0,1.0,,1.0,0.0
0.0,1.0,,0.0,1.0
0.0,0.0,,0.0,1.0
1.0,1.0,,1.0,0.0
1.0,1.0,,0.0,1.0
0.0,0.0,,0.0,1.0
1.0,1.0,,1.0,0.0
0.0,0.0,,0.0,1.0
1.0,1.0,,1.0,0.0
1.0,1.0,,0.0,1.0
0.0,0.0,,0.0,1.0
0.0,0.0,,1.0,0.0
1.0,1.0,,1.0,0.0
0.0,0.0,,0.0,1.0
1.0,1.0,,1.0,0.0
0.0,0.0,,0.0,1.0
0.0,0.0,,1.0,0.0
0.0,0.0,,1.0,0.0
0.0,0.0,,1.0,0.0
1.0,1.0,,1.0,0.0
0.0,0.0,,0.0,1.0
0.0,0.0,,1.0,0.0
1.0,1.0,,1.0,0.0
1.0,1.0,,0.0,1.0
0.0,0.0,,0.0,1.0
0.0,0.0,,1.0,0.0
1.0,1.0,,1.0,0.0
0.0,0.0,,0.0,1.0
0.0,0.0,,1.0,0.0
0.0,0.0,,1.0,0.0
0.0,0.0,,1.0,0.0
0.0,0.0,,1.0,0.0
0.0,0.0,,1.0,0.0
0.0,0.0,,1.0,0.0
1.0,0.0,,1.0,0.0
0.0,0.0,,1.0,0.0
0.0,0.0,,1.0,0.0
0.0,0.0,,1.0,0.0
1.0,1.0,,1.0,0.0
0.0,1.0,,0.0,1.0
0.0,0.0,,0.0,1.0
0.0,0.0,,1.0,0.0
0.0,0.0,,1.0,0.0
1.0,1.0,,1.0,0.0
0.0,0.0,,0.0,1.0
1.0,1.0,,1.0,0.0
0.0,0.0,,0.0,1.0
1.0,1.0,,1.0,0.0
0.0,0.0,,0.0,1.0
0.0,0.0,,1.0,0.0
0.0,0.0,,1.0,0.0
1.0,1.0,,1.0,0.0
0.0,0.0,,0.0,1.0
0.0,0.0,,1.0,0.0
1.0,1.0,,1.0,0.0
1.0,1.0,,0.0,1.0
0.0,0.0,,0.0,1.0
0.0,0.0,,1.0,0.0
1.0,1.0,,1.0,0.0
0.0,0.0,,0.0,1.0
1.0,0.0,,1.0,0.0
1.0,1.0,,1.0,0.0
0.0,0.0,,0.0,1.0
1.0,1.0,,1.0,0.0
0.0,0.0,,0.0,1.0
1.0,1.0,,1.0,0.0
0.0,0.0,,0.0,1.0
1.0,1.0,,1.0,0.0
1.0,1.0,,0.0,1.0
0.0,0.0,,0.0,1.0
1.0,1.0,,1.0,0.0
0.0,0.0,,0.0,1.0
1.0,1.0,,1.0,0.0
0.0,0.0,,0.0,1.0
0.0,0.0,,1.0,0.0
0.0,0.0,,1.0,0.0
1.0,1.0,,1.0,0.0
0.0,0.0,,0.0,1.0
0.0,0.0,,1.0,0.0
1.0,0.0,,1.0,0.0
0.0,0.0,,1.0,0.0
0.0,0.0,,1.0,0.0
0.0,0.0,,1.0,0.0
0.0,1.0,,1.0,0.0
0.0,0.0,,0.0,1.0
0.0,0.0,,1.0,0.0
1.0,1.0,,1.0,0.0
0.0,0.0,,0.0,1.0
0.0,0.0,,1.0,0.0
0.0,0.0,,1.0,0.0
1.0,0.0,,1.0,0.0
0.0,0.0,,1.0,0.0
0.0,0.0,,1.0,0.0
0.0,0.0,,1.0,0.0
0.0,0.0,,1.0,0.0
0.0,0.0,,1.0,0.0
1.0,1.0,,1.0,0.0
0.0,0.0,,0.0,1.0
0.0,0.0,,1.0,0.0
1.0,1.0,,1.0,0.0
0.0,0.0,,0.0,1.0
0.0,0.0,,1.0,0.0
1.0,1.0,,1.0,0.0
1.0,1.0,,0.0,1.0
1.0,1.0,,0.0,1.0
0.0,0.0,,0.0,1.0
0.0,0.0,,1.0,0.0
1.0,1.0,,1.0,0.0
0.0,0.0,,0.0,1.0
0.0,0.0,,1.0,0.0
1.0,0.0,,1.0,0.0
1.0,1.0,,1.0,0.0
0.0,0.0,,0.0,1.0
1.0,1.0,,1.0,0.0
0.0,0.0,,0.0,1.0
1.0,1.0,,1.0,0.0
0.0,0.0,,0.0,1.0
0.0,0.0,,1.0,0.0
0.0,0.0,,1.0,0.0
0.0,0.0,,1.0,0.0
1.0,1.0,,1.0,0.0
0.0,0.0,,0.0,1.0
1.0,1.0,,1.0,0.0
0.0,0.0,,0.0,1.0
0.0,0.0,,1.0,0.0
1.0,1.0,,1.0,0.0
1.0,1.0,,0.0,1.0
0.0,0.0,,0.0,1.0
0.0,0.0,,1.0,0.0
0.0,0.0,,1.0,0.0
0.0,0.0,,1.0,0.0
0.0,0.0,,1.0,0.0
1.0,1.0,,1.0,0.0
0.0,0.0,,0.0,1.0
0.0,1.0,,1.0,0.0
0.0,0.0,,0.0,1.0
0.0,0.0,,1.0,0.0
1.0,1.0,,1.0,0.0
0.0,0.0,,0.0,1.0
0.0,0.0,,1.0,0.0
1.0,1.0,,1.0,0.0
0.0,0.0,,0.0,1.0
1.0,1.0,,1.0,0.0
0.0,0.0,,0.0,1.0
1.0,1.0,,1.0,0.0
1.0,1.0,,0.0,1.0
1.0,1.0,,0.0,1.0
0.0,0.0,,0.0,1.0
1.0,1.0,,1.0,0.0
1.0,1.0,,0.0,1.0
0.0,0.0,,0.0,1.0
0.0,0.0,,1.0,0.0
0.0,0.0,,1.0,0.0
0.0,0.0,,1.0,0.0
1.0,1.0,,1.0,0.0
0.0,0.0,,0.0,1.0
0.0,0.0,,1.0,0.0
1.0,1.0,,1.0,0.0
0.0,0.0,,0.0,1.0
1.0,1.0,,1.0,0.0
1.0,1.0,,0.0,1.0
0.0,1.0,,0.0,1.0
1.0,1.0,,0.0,1.0
0.0,0.0,,0.0,1.0
1.0,1.0,,1.0,0.0
1.0,1.0,,0.0,1.0
0.0,0.0,,0.0,1.0
0.0,0.0,,1.0,0.0
1.0,1.0,,1.0,0.0
1.0,1.0,,0.0,1.0
1.0,1.0,,0.0,1.0
1.0,1.0,,0.0,1.0
1.0,1.0,,0.0,1.0
0.0,0.0,,0.0,1.0
1.0,0.0,,1.0,0.0
0.0,0.0,,1.0,0.0
1.0,0.0,,1.0,0.0
0.0,0.0,,1.0,0.0
1.0,0.0,,1.0,0.0
0.0,0.0,,1.0,0.0
0.0,0.0,,1.0,0.0
0.0,0.0,,1.0,0.0
0.0,0.0,,1.0,0.0
1.0,1.0,,1.0,0.0
1.0,1.0,,0.0,1.0
0.0,0.0,,0.0,1.0
0.0,1.0,,1.0,0.0
1.0,1.0,,0.0,1.0
0.0,0.0,,0.0,1.0
1.0,1.0,,1.0,0.0
0.0,0.0,,0.0,1.0
0.0,0.0,,1.0,0.0
0.0,0.0,,1.0,0.0
1.0,1.0,,1.0,0.0
1.0,1.0,,0.0,1.0
0.0,0.0,,0.0,1.0
0.0,0.0,,1.0,0.0
1.0,1.0,,1.0,0.0
1.0,0.0,,0.0,1.0
1.0,1.0,,1.0,0.0
0.0,0.0,,0.0,1.0
0.0,0.0,,1.0,0.0
0.0,0.0,,1.0,0.0
1.0,0.0,,1.0,0.0
0.0,0.0,,1.0,0.0
0.0,0.0,,1.0,0.0
0.0,0.0,,1.0,0.0
0.0,1.0,,1.0,0.0
0.0,0.0,,0.0,1.0
1.0,1.0,,1.0,0.0
1.0,1.0,,0.0,1.0
0.0,0.0,,0.0,1.0
0.0,0.0,,1.0,0.0
0.0,0.0,,1.0,0.0
0.0,1.0,,1.0,0.0
0.0,0.0,,0.0,1.0
1.0,1.0,,1.0,0.0
0.0,0.0,,0.0,1.0
0.0,0.0,,1.0,0.0
0.0,0.0,,1.0,0.0
1.0,0.0,,1.0,0.0
1.0,0.0,,1.0,0.0
0.0,0.0,,1.0,0.0
1.0,1.0,,1.0,0.0
1.0,1.0,,0.0,1.0
1.0,1.0,,0.0,1.0
0.0,0.0,,0.0,1.0
0.0,0.0,,1.0,0.0
0.0,0.0,,1.0,0.0
0.0,0.0,,1.0,0.0
1.0,1.0,,1.0,0.0
0.0,0.0,,0.0,1.0
1.0,1.0,,1.0,0.0
0.0,0.0,,0.0,1.0
0.0,0.0,,1.0,0.0
1.0,1.0,,1.0,0.0
1.0,1.0,,0.0,1.0
1.0,1.0,,0.0,1.0
0.0,0.0,,0.0,1.0
0.0,0.0,,1.0,0.0
1.0,0.0,,1.0,0.0
0.0,0.0,,1.0,0.0
0.0,0.0,,1.0,0.0
0.0,0.0,,1.0,0.0
0.0,0.0,,1.0,0.0
0.0,0.0,,1.0,0.0
0.0,0.0,,1.0,0.0
1.0,1.0,,1.0,0.0
1.0,1.0,,0.0,1.0
0.0,0.0,,0.0,1.0
0.0,0.0,,1.0,0.0
0.0,0.0,,1.0,0.0
1.0,0.0,,1.0,0.0
1.0,1.0,,1.0,0.0
0.0,0.0,,0.0,1.0
0.0,0.0,,1.0,0.0
0.0,0.0,,1.0,0.0
0.0,0.0,,1.0,0.0
1.0,0.0,,1.0,0.0
0.0,0.0,,1.0,0.0
0.0,0.0,,1.0,0.0
0.0,0.0,,1.0,0.0
1.0,1.0,,1.0,0.0
1.0,1.0,,0.0,1.0
0.0,0.0,,0.0,1.0
0.0,0.0,,1.0,0.0
1.0,1.0,,1.0,0.0
0.0,0.0,,0.0,1.0
1.0,1.0,,1.0,0.0
0.0,0.0,,0.0,1.0
0.0,0.0,,1.0,0.0
1.0,1.0,,1.0,0.0
1.0,0.0,,0.0,1.0
0.0,0.0,,1.0,0.0
0.0,0.0,,1.0,0.0
1.0,1.0,,1.0,0.0
1.0,1.0,,0.0,1.0
0.0,0.0,,0.0,1.0
1.0,0.0,,1.0,0.0
1.0,1.0,,1.0,0.0
0.0,1.0,,0.0,1.0
0.0,0.0,,0.0,1.0
1.0,1.0,,1.0,0.0
